relative_path,name,bytes,matched_reference_norm
COLEÇÃO  - 2021 INVERNO\2136-CB59.jpg,2136-CB59.jpg,72193,2136
COLEÇÃO  - 2021 INVERNO\2136-CB60.jpg,2136-CB60.jpg,73281,2136
COLEÇÃO  - 2021 INVERNO\2136-CB61.jpg,2136-CB61.jpg,74116,2136
COLEÇÃO  - 2021 INVERNO\2136-CB62.jpg,2136-CB62.jpg,77050,2136
COLEÇÃO  - 2021 INVERNO\2136-CB62_B.jpg,2136-CB62_B.jpg,84719,2136
COLEÇÃO  - 2021 INVERNO\2136-CB62_C.jpg,2136-CB62_C.jpg,77417,2136
COLEÇÃO  - 2021 INVERNO\2136-CB62_D.jpg,2136-CB62_D.jpg,72501,2136
COLEÇÃO  - 2021 INVERNO\2136-CB62_E.jpg,2136-CB62_E.jpg,68120,2136
COLEÇÃO  - 2021 INVERNO\2136-CB63.jpg,2136-CB63.jpg,39533,2136
COLEÇÃO  - 2021 INVERNO\CF134-CB39.jpg,CF134-CB39.jpg,97986,CF134
COLEÇÃO  - 2021 INVERNO\CF134-CB40.jpg,CF134-CB40.jpg,84666,CF134
COLEÇÃO  - 2021 INVERNO\CF165-CB15.jpg,CF165-CB15.jpg,85930,CF165
COLEÇÃO  - 2021 INVERNO\CF165-CB16.jpg,CF165-CB16.jpg,90342,CF165
COLEÇÃO  - 2021 INVERNO\CF165-CB17.jpg,CF165-CB17.jpg,85203,CF165
COLEÇÃO  - 2021 INVERNO\CF165-CB18.jpg,CF165-CB18.jpg,81142,CF165
COLEÇÃO  - 2021 INVERNO\CF165-CB19.jpg,CF165-CB19.jpg,79232,CF165
COLEÇÃO  - 2021 INVERNO\CF165-CB20.jpg,CF165-CB20.jpg,79266,CF165
COLEÇÃO  - 2021 INVERNO\CF166-CB16.jpg,CF166-CB16.jpg,76736,CF166
COLEÇÃO  - 2021 INVERNO\CF166-CB18.jpg,CF166-CB18.jpg,79820,CF166
COLEÇÃO  - 2021 INVERNO\CF166-CB19.jpg,CF166-CB19.jpg,81098,CF166
COLEÇÃO  - 2021 INVERNO\CF176-CB11.jpg,CF176-CB11.jpg,82346,CF176
COLEÇÃO  - 2021 INVERNO\CF176-CB13.jpg,CF176-CB13.jpg,86854,CF176
COLEÇÃO  - 2021 INVERNO\CF176-CB14.jpg,CF176-CB14.jpg,92284,CF176
COLEÇÃO  - 2021 INVERNO\CF176-CB15.jpg,CF176-CB15.jpg,83998,CF176
COLEÇÃO - 2020\040-0-CB11.jpg,040-0-CB11.jpg,89258,0400
COLEÇÃO - 2020\040-0-CB13.jpg,040-0-CB13.jpg,97932,0400
COLEÇÃO - 2020\040-0-CB15.jpg,040-0-CB15.jpg,121780,0400
COLEÇÃO - 2020\040-0-CB16.jpg,040-0-CB16.jpg,125227,0400
COLEÇÃO - 2020\040-0-CB19.jpg,040-0-CB19.jpg,133807,0400
COLEÇÃO - 2020\040-0-CB23.jpg,040-0-CB23.jpg,150863,0400
COLEÇÃO - 2020\040-0-CB26.jpg,040-0-CB26.jpg,140389,0400
COLEÇÃO - 2020\040-0-CB30_A.jpg,040-0-CB30_A.jpg,146888,0400
COLEÇÃO - 2020\040-0-CB30_B.jpg,040-0-CB30_B.jpg,138609,0400
COLEÇÃO - 2020\040-0-CB30_C.jpg,040-0-CB30_C.jpg,136672,0400
COLEÇÃO - 2020\040-0-CB30_D.jpg,040-0-CB30_D.jpg,111268,0400
COLEÇÃO - 2020\040-0-CB30_E.jpg,040-0-CB30_E.jpg,126058,0400
COLEÇÃO - 2020\040-0-CB31.jpg,040-0-CB31.jpg,126419,0400
COLEÇÃO - 2020\040-0-CB32.jpg,040-0-CB32.jpg,103534,0400
COLEÇÃO - 2020\040-0-CB39.jpg,040-0-CB39.jpg,136264,0400
COLEÇÃO - 2020\040-0-CB40.jpg,040-0-CB40.jpg,143867,0400
COLEÇÃO - 2020\091-0-CB08.jpg,091-0-CB08.jpg,124356,0910
COLEÇÃO - 2020\091-0-CB11.jpg,091-0-CB11.jpg,115177,0910
COLEÇÃO - 2020\091-0-CB13.jpg,091-0-CB13.jpg,141251,0910
COLEÇÃO - 2020\091-0-CB15.jpg,091-0-CB15.jpg,163056,0910
COLEÇÃO - 2020\091-0-CB15_A.jpg,091-0-CB15_A.jpg,141476,0910
COLEÇÃO - 2020\091-0-CB15_B.jpg,091-0-CB15_B.jpg,154385,0910
COLEÇÃO - 2020\091-0-CB15_C.jpg,091-0-CB15_C.jpg,132682,0910
COLEÇÃO - 2020\091-0-CB15_D.jpg,091-0-CB15_D.jpg,144539,0910
COLEÇÃO - 2020\091-0-CB15_E.jpg,091-0-CB15_E.jpg,139256,0910
COLEÇÃO - 2020\091-0-CB17.jpg,091-0-CB17.jpg,160371,0910
COLEÇÃO - 2020\091-0-CB20.jpg,091-0-CB20.jpg,154245,0910
COLEÇÃO - 2020\091-0-CB21.jpg,091-0-CB21.jpg,130906,0910
COLEÇÃO - 2020\092-0-CB11.jpg,092-0-CB11.jpg,109208,0920
COLEÇÃO - 2020\092-0-CB13.jpg,092-0-CB13.jpg,105939,0920
COLEÇÃO - 2020\092-0-CB15.jpg,092-0-CB15.jpg,112354,0920
COLEÇÃO - 2020\092-0-CB19.jpg,092-0-CB19.jpg,151965,0920
COLEÇÃO - 2020\092-0-CB19_A.jpg,092-0-CB19_A.jpg,150391,0920
COLEÇÃO - 2020\092-0-CB19_B.jpg,092-0-CB19_B.jpg,151719,0920
COLEÇÃO - 2020\092-0-CB19_C.jpg,092-0-CB19_C.jpg,137808,0920
COLEÇÃO - 2020\092-0-CB19_D.jpg,092-0-CB19_D.jpg,135642,0920
COLEÇÃO - 2020\092-0-CB19_E.jpg,092-0-CB19_E.jpg,145893,0920
COLEÇÃO - 2020\092-0-CB22.jpg,092-0-CB22.jpg,116965,0920
COLEÇÃO - 2020\092-0-CB27.jpg,092-0-CB27.jpg,123300,0920
COLEÇÃO - 2020\092-0-CB29.jpg,092-0-CB29.jpg,115686,0920
COLEÇÃO - 2020\092-0-CB38.jpg,092-0-CB38.jpg,114057,0920
COLEÇÃO - 2020\092-0-CB39.jpg,092-0-CB39.jpg,98487,0920
COLEÇÃO - 2020\092-0-CB40.jpg,092-0-CB40.jpg,76691,0920
COLEÇÃO - 2020\160-1-CB11.jpg,160-1-CB11.jpg,82200,1601
COLEÇÃO - 2020\160-1-CB12.jpg,160-1-CB12.jpg,84183,1601
COLEÇÃO - 2020\160-1-CB12_A.jpg,160-1-CB12_A.jpg,125688,1601
COLEÇÃO - 2020\160-1-CB12_B.jpg,160-1-CB12_B.jpg,128862,1601
COLEÇÃO - 2020\160-1-CB12_C.jpg,160-1-CB12_C.jpg,136892,1601
COLEÇÃO - 2020\160-1-CB12_D.jpg,160-1-CB12_D.jpg,149900,1601
COLEÇÃO - 2020\160-1-CB12_E.jpg,160-1-CB12_E.jpg,137148,1601
COLEÇÃO - 2020\160-1-CB13.jpg,160-1-CB13.jpg,110483,1601
COLEÇÃO - 2020\160-1-CB20.jpg,160-1-CB20.jpg,138250,1601
COLEÇÃO - 2020\160-1-CB21.jpg,160-1-CB21.jpg,140230,1601
COLEÇÃO - 2020\2136-CB12.jpg,2136-CB12.jpg,134672,2136
COLEÇÃO - 2020\2136-CB12_A.jpg,2136-CB12_A.jpg,160272,2136
COLEÇÃO - 2020\2136-CB12_B.jpg,2136-CB12_B.jpg,145749,2136
COLEÇÃO - 2020\2136-CB12_C.jpg,2136-CB12_C.jpg,142203,2136
COLEÇÃO - 2020\2136-CB12_D.jpg,2136-CB12_D.jpg,97111,2136
COLEÇÃO - 2020\2136-CB12_E.jpg,2136-CB12_E.jpg,109208,2136
COLEÇÃO - 2020\2136-CB19.jpg,2136-CB19.jpg,117147,2136
COLEÇÃO - 2020\2136-CB34.jpg,2136-CB34.jpg,147773,2136
COLEÇÃO - 2020\2136-CB40.jpg,2136-CB40.jpg,105625,2136
COLEÇÃO - 2020\2136-CB41.jpg,2136-CB41.jpg,135324,2136
COLEÇÃO - 2020\2136-CB42.jpg,2136-CB42.jpg,140819,2136
COLEÇÃO - 2020\2136-CB42_A.JPG,2136-CB42_A.JPG,92008,2136
COLEÇÃO - 2020\2136-CB42_B.JPG,2136-CB42_B.JPG,105825,2136
COLEÇÃO - 2020\2136-CB42_C.JPG,2136-CB42_C.JPG,112455,2136
COLEÇÃO - 2020\2136-CB42_D.JPG,2136-CB42_D.JPG,121346,2136
COLEÇÃO - 2020\2136-CB47.jpg,2136-CB47.jpg,142211,2136
COLEÇÃO - 2020\2136-CB49.jpg,2136-CB49.jpg,151598,2136
COLEÇÃO - 2020\2136-CB50.jpg,2136-CB50.jpg,123652,2136
COLEÇÃO - 2020\2136-CB51.jpg,2136-CB51.jpg,119586,2136
COLEÇÃO - 2020\2136-CB52.jpg,2136-CB52.jpg,114007,2136
COLEÇÃO - 2020\2136-CB53.jpg,2136-CB53.jpg,103023,2136
COLEÇÃO - 2020\2136-CB54.jpg,2136-CB54.jpg,136597,2136
COLEÇÃO - 2020\2136_CB42_E.JPG,2136_CB42_E.JPG,123400,2136
COLEÇÃO - 2020\2150-CB08.jpg,2150-CB08.jpg,132267,2150
COLEÇÃO - 2020\2150-CB08_A.jpg,2150-CB08_A.jpg,138611,2150
COLEÇÃO - 2020\2150-CB08_B.jpg,2150-CB08_B.jpg,138256,2150
COLEÇÃO - 2020\2150-CB08_C.jpg,2150-CB08_C.jpg,142560,2150
COLEÇÃO - 2020\2150-CB20.jpg,2150-CB20.jpg,126336,2150
COLEÇÃO - 2020\2150-CB28.jpg,2150-CB28.jpg,143153,2150
COLEÇÃO - 2020\2150-CB35.jpg,2150-CB35.jpg,114870,2150
COLEÇÃO - 2020\2150-CB35_A.jpg,2150-CB35_A.jpg,99744,2150
COLEÇÃO - 2020\2150-CB35_B.jpg,2150-CB35_B.jpg,151931,2150
COLEÇÃO - 2020\2150-CB35_C.jpg,2150-CB35_C.jpg,76226,2150
COLEÇÃO - 2020\2150-CB35_D.jpg,2150-CB35_D.jpg,108215,2150
COLEÇÃO - 2020\2150-CB36.jpg,2150-CB36.jpg,127697,2150
COLEÇÃO - 2020\2150-CB40.JPG,2150-CB40.JPG,121402,2150
COLEÇÃO - 2020\2150-CB41.JPG,2150-CB41.JPG,155983,2150
COLEÇÃO - 2020\2150-CB42.JPG,2150-CB42.JPG,154647,2150
COLEÇÃO - 2020\2150-CB43.jpg,2150-CB43.jpg,126050,2150
COLEÇÃO - 2020\2150-CB44.jpg,2150-CB44.jpg,126544,2150
COLEÇÃO - 2020\2150-CB45.jpg,2150-CB45.jpg,142092,2150
COLEÇÃO - 2020\2150-CB46.jpg,2150-CB46.jpg,127774,2150
COLEÇÃO - 2020\434-CB10.jpg,434-CB10.jpg,92819,434
COLEÇÃO - 2020\434-CB12.jpg,434-CB12.jpg,83805,434
COLEÇÃO - 2020\434-CB12_A.jpg,434-CB12_A.jpg,124944,434
COLEÇÃO - 2020\434-CB12_B.jpg,434-CB12_B.jpg,104246,434
COLEÇÃO - 2020\434-CB12_C.jpg,434-CB12_C.jpg,137679,434
COLEÇÃO - 2020\434-CB12_D.jpg,434-CB12_D.jpg,137632,434
COLEÇÃO - 2020\434-CB12_E.jpg,434-CB12_E.jpg,147579,434
COLEÇÃO - 2020\434-CB13.jpg,434-CB13.jpg,101340,434
COLEÇÃO - 2020\434-CB15.jpg,434-CB15.jpg,127939,434
COLEÇÃO - 2020\434-CB16.jpg,434-CB16.jpg,144644,434
COLEÇÃO - 2020\451-1-CB10.jpg,451-1-CB10.jpg,84271,4511
COLEÇÃO - 2020\451-1-CB12.jpg,451-1-CB12.jpg,93870,4511
COLEÇÃO - 2020\451-1-CB12_A.jpg,451-1-CB12_A.jpg,111926,4511
COLEÇÃO - 2020\451-1-CB12_B.jpg,451-1-CB12_B.jpg,121784,4511
COLEÇÃO - 2020\451-1-CB12_C.jpg,451-1-CB12_C.jpg,126603,4511
COLEÇÃO - 2020\451-1-CB12_D.jpg,451-1-CB12_D.jpg,136025,4511
COLEÇÃO - 2020\451-1-CB12_E.jpg,451-1-CB12_E.jpg,131847,4511
COLEÇÃO - 2020\451-1-CB13.jpg,451-1-CB13.jpg,113814,4511
COLEÇÃO - 2020\CF134-CB22.JPG,CF134-CB22.JPG,113277,CF134
COLEÇÃO - 2020\CF134-CB28.JPG,CF134-CB28.JPG,139700,CF134
COLEÇÃO - 2020\CF134-CB34.JPG,CF134-CB34.JPG,140439,CF134
COLEÇÃO - 2020\CF134-CB35.JPG,CF134-CB35.JPG,142375,CF134
COLEÇÃO - 2020\CF134-CB36.JPG,CF134-CB36.JPG,159286,CF134
COLEÇÃO - 2020\CF134-CB37.JPG,CF134-CB37.JPG,162328,CF134
COLEÇÃO - 2020\CF134-CB38.jpg,CF134-CB38.jpg,132159,CF134
COLEÇÃO - 2020\CF165-CB01.JPG,CF165-CB01.JPG,104158,CF165
COLEÇÃO - 2020\CF165-CB04.JPG,CF165-CB04.JPG,111409,CF165
COLEÇÃO - 2020\CF165-CB11.JPG,CF165-CB11.JPG,117714,CF165
COLEÇÃO - 2020\CF165-CB12.JPG,CF165-CB12.JPG,120195,CF165
COLEÇÃO - 2020\CF165-CB13.JPG,CF165-CB13.JPG,143124,CF165
COLEÇÃO - 2020\CF165-CB14.jpg,CF165-CB14.jpg,136875,CF165
COLEÇÃO - 2020\CF166-CB01.JPG,CF166-CB01.JPG,114092,CF166
COLEÇÃO - 2020\CF166-CB04.JPG,CF166-CB04.JPG,117120,CF166
COLEÇÃO - 2020\CF166-CB12.JPG,CF166-CB12.JPG,138147,CF166
COLEÇÃO - 2020\CF166-CB13.JPG,CF166-CB13.JPG,125943,CF166
COLEÇÃO - 2020\CF166-CB14.JPG,CF166-CB14.JPG,106055,CF166
COLEÇÃO - 2020\CF166-CB15.JPG,CF166-CB15.JPG,138821,CF166
COLEÇÃO - 2020\CF166-CB16.jpg,CF166-CB16.jpg,52099,CF166
COLEÇÃO - 2020\CF166-CB17.jpg,CF166-CB17.jpg,159674,CF166
COLEÇÃO - 2020\CF176-CB01.JPG,CF176-CB01.JPG,123475,CF176
COLEÇÃO - 2020\CF176-CB02.JPG,CF176-CB02.JPG,154266,CF176
COLEÇÃO - 2020\CF176-CB07.JPG,CF176-CB07.JPG,134219,CF176
COLEÇÃO - 2020\CF176-CB08.JPG,CF176-CB08.JPG,138237,CF176
COLEÇÃO - 2020\CF176-CB09.JPG,CF176-CB09.JPG,120706,CF176
COLEÇÃO - 2020\CF176-CB10.JPG,CF176-CB10.JPG,137342,CF176
COLEÇÃO - 2020\CF176-CB11.jpg,CF176-CB11.jpg,128650,CF176
COLEÇÃO - 2020\CF176-CB12.jpg,CF176-CB12.jpg,91593,CF176
COLEÇÃO - 2020\CM11-CB30.jpg,CM11-CB30.jpg,86415,CM11
COLEÇÃO - 2020\CM11-CB31.jpg,CM11-CB31.jpg,138353,CM11
COLEÇÃO - 2020\CM11-CB32.jpg,CM11-CB32.jpg,103230,CM11
COLEÇÃO - 2020\CM11-CB36.jpg,CM11-CB36.jpg,91414,CM11
COLEÇÃO - 2020\CM11-CB37.jpg,CM11-CB37.jpg,98677,CM11
COLEÇÃO - 2020\CM40-CB05.jpg,CM40-CB05.jpg,79123,CM40
COLEÇÃO - 2020\CM40-CB09.JPG,CM40-CB09.JPG,142330,CM40
COLEÇÃO - 2020\CM40-CB10.jpg,CM40-CB10.jpg,95971,CM40
COLEÇÃO - 2020\CM83-CB01.jpg,CM83-CB01.jpg,122537,CM83
COLEÇÃO - 2020\CM83-CB04.jpg,CM83-CB04.jpg,105731,CM83
COLEÇÃO - 2020\CM83-CB05.JPG,CM83-CB05.JPG,141210,CM83
COLEÇÃO - 2020\CM83-CB06.jpg,CM83-CB06.jpg,104217,CM83
COLEÇÃO - 2020\CM83-CB07.jpg,CM83-CB07.jpg,99684,CM83
COLEÇÃO - 2020\M126-CB01.jpg,M126-CB01.jpg,96138,M126
COLEÇÃO - 2020\M126-CB03.jpg,M126-CB03.jpg,81309,M126
COLEÇÃO - 2020\M126-CB04.jpg,M126-CB04.jpg,109641,M126
COLEÇÃO - 2020\M126-CB06.jpg,M126-CB06.jpg,143315,M126
COLEÇÃO - 2020\M126-CB06_A.jpg,M126-CB06_A.jpg,137167,M126
COLEÇÃO - 2020\M126-CB06_B.jpg,M126-CB06_B.jpg,127488,M126
COLEÇÃO - 2020\M126-CB06_C.jpg,M126-CB06_C.jpg,143297,M126
COLEÇÃO - 2020\M126-CB06_D.jpg,M126-CB06_D.jpg,160803,M126
COLEÇÃO - 2020\M126-CB06_E.jpg,M126-CB06_E.jpg,137291,M126
COLEÇÃO - 2021\040-0-CB11.jpg,040-0-CB11.jpg,89258,0400
COLEÇÃO - 2021\040-0-CB13.jpg,040-0-CB13.jpg,133645,0400
COLEÇÃO - 2021\040-0-CB15.jpg,040-0-CB15.jpg,121780,0400
COLEÇÃO - 2021\040-0-CB16.jpg,040-0-CB16.jpg,134068,0400
COLEÇÃO - 2021\040-0-CB16_A.jpg,040-0-CB16_A.jpg,137415,0400
COLEÇÃO - 2021\040-0-CB16_B.jpg,040-0-CB16_B.jpg,265506,0400
COLEÇÃO - 2021\040-0-CB16_C.jpg,040-0-CB16_C.jpg,277551,0400
COLEÇÃO - 2021\040-0-CB16_D.jpg,040-0-CB16_D.jpg,162901,0400
COLEÇÃO - 2021\040-0-CB19.jpg,040-0-CB19.jpg,133807,0400
COLEÇÃO - 2021\040-0-CB23.jpg,040-0-CB23.jpg,138139,0400
COLEÇÃO - 2021\040-0-CB26.jpg,040-0-CB26.jpg,156008,0400
COLEÇÃO - 2021\040-0-CB30_A.jpg,040-0-CB30_A.jpg,146888,0400
COLEÇÃO - 2021\040-0-CB30_B.jpg,040-0-CB30_B.jpg,138609,0400
COLEÇÃO - 2021\040-0-CB30_C.jpg,040-0-CB30_C.jpg,136672,0400
COLEÇÃO - 2021\040-0-CB30_D.jpg,040-0-CB30_D.jpg,111268,0400
COLEÇÃO - 2021\040-0-CB30_E.jpg,040-0-CB30_E.jpg,126058,0400
COLEÇÃO - 2021\040-0-CB32_A.jpg,040-0-CB32_A.jpg,112951,0400
COLEÇÃO - 2021\040-0-CB32_B.jpg,040-0-CB32_B.jpg,102936,0400
COLEÇÃO - 2021\040-0-CB32_C.jpg,040-0-CB32_C.jpg,141245,0400
COLEÇÃO - 2021\040-0-CB32_D.jpg,040-0-CB32_D.jpg,128149,0400
COLEÇÃO - 2021\040-0-CB32_E.jpg,040-0-CB32_E.jpg,112356,0400
COLEÇÃO - 2021\040-0-CB37.jpg,040-0-CB37.jpg,96026,0400
COLEÇÃO - 2021\040-0-CB39.jpg,040-0-CB39.jpg,138165,0400
COLEÇÃO - 2021\040-0-CB40.jpg,040-0-CB40.jpg,127585,0400
COLEÇÃO - 2021\091-0-CB08.jpg,091-0-CB08.jpg,124356,0910
COLEÇÃO - 2021\091-0-CB11.jpg,091-0-CB11.jpg,92323,0910
COLEÇÃO - 2021\091-0-CB13.jpg,091-0-CB13.jpg,141251,0910
COLEÇÃO - 2021\091-0-CB15.JPG,091-0-CB15.JPG,124488,0910
COLEÇÃO - 2021\091-0-CB15_A.jpg,091-0-CB15_A.jpg,168486,0910
COLEÇÃO - 2021\091-0-CB15_B.jpg,091-0-CB15_B.jpg,377254,0910
COLEÇÃO - 2021\091-0-CB15_C.jpg,091-0-CB15_C.jpg,462149,0910
COLEÇÃO - 2021\091-0-CB15_D.jpg,091-0-CB15_D.jpg,143968,0910
COLEÇÃO - 2021\091-0-CB15_E.jpg,091-0-CB15_E.jpg,161957,0910
COLEÇÃO - 2021\091-0-CB17.jpg,091-0-CB17.jpg,176998,0910
COLEÇÃO - 2021\091-0-CB20.jpg,091-0-CB20.jpg,111184,0910
COLEÇÃO - 2021\091-0-CB21.jpg,091-0-CB21.jpg,165972,0910
COLEÇÃO - 2021\092-0-CB11.jpg,092-0-CB11.jpg,109208,0920
COLEÇÃO - 2021\092-0-CB13.jpg,092-0-CB13.jpg,105939,0920
COLEÇÃO - 2021\092-0-CB15.jpg,092-0-CB15.jpg,112705,0920
COLEÇÃO - 2021\092-0-CB19.jpg,092-0-CB19.jpg,151965,0920
COLEÇÃO - 2021\092-0-CB19_A.jpg,092-0-CB19_A.jpg,142285,0920
COLEÇÃO - 2021\092-0-CB19_B.jpg,092-0-CB19_B.jpg,330224,0920
COLEÇÃO - 2021\092-0-CB19_C.jpg,092-0-CB19_C.jpg,289882,0920
COLEÇÃO - 2021\092-0-CB19_D.jpg,092-0-CB19_D.jpg,147846,0920
COLEÇÃO - 2021\092-0-CB19_E.jpg,092-0-CB19_E.jpg,145893,0920
COLEÇÃO - 2021\092-0-CB22.jpg,092-0-CB22.jpg,116965,0920
COLEÇÃO - 2021\092-0-CB27.jpg,092-0-CB27.jpg,123300,0920
COLEÇÃO - 2021\092-0-CB29.jpg,092-0-CB29.jpg,115686,0920
COLEÇÃO - 2021\092-0-CB33.jpg,092-0-CB33.jpg,90511,0920
COLEÇÃO - 2021\092-0-CB38.jpg,092-0-CB38.jpg,114057,0920
COLEÇÃO - 2021\092-0-CB39.jpg,092-0-CB39.jpg,98487,0920
COLEÇÃO - 2021\092-0-CB40.jpg,092-0-CB40.jpg,169470,0920
COLEÇÃO - 2021\092-0-CB41.jpg,092-0-CB41.jpg,74857,0920
COLEÇÃO - 2021\160-1-CB11.JPG,160-1-CB11.JPG,66081,1601
COLEÇÃO - 2021\160-1-CB12.jpg,160-1-CB12.jpg,84183,1601
COLEÇÃO - 2021\160-1-CB12_A.jpg,160-1-CB12_A.jpg,317993,1601
COLEÇÃO - 2021\160-1-CB12_B.jpg,160-1-CB12_B.jpg,284975,1601
COLEÇÃO - 2021\160-1-CB12_C.jpg,160-1-CB12_C.jpg,273820,1601
COLEÇÃO - 2021\160-1-CB12_D.jpg,160-1-CB12_D.jpg,152753,1601
COLEÇÃO - 2021\160-1-CB12_E.jpg,160-1-CB12_E.jpg,137148,1601
COLEÇÃO - 2021\160-1-CB13.jpg,160-1-CB13.jpg,110483,1601
COLEÇÃO - 2021\160-1-CB20.jpg,160-1-CB20.jpg,131039,1601
COLEÇÃO - 2021\160-1-CB21.jpg,160-1-CB21.jpg,138423,1601
COLEÇÃO - 2021\2136-CB12.jpg,2136-CB12.jpg,51701,2136
COLEÇÃO - 2021\2136-CB12_A.jpg,2136-CB12_A.jpg,124522,2136
COLEÇÃO - 2021\2136-CB12_B.jpg,2136-CB12_B.jpg,52291,2136
COLEÇÃO - 2021\2136-CB12_C.jpg,2136-CB12_C.jpg,139652,2136
COLEÇÃO - 2021\2136-CB12_D.jpg,2136-CB12_D.jpg,141880,2136
COLEÇÃO - 2021\2136-CB12_E.jpg,2136-CB12_E.jpg,141761,2136
COLEÇÃO - 2021\2136-CB19.jpg,2136-CB19.jpg,63803,2136
COLEÇÃO - 2021\2136-CB34.jpg,2136-CB34.jpg,53655,2136
COLEÇÃO - 2021\2136-CB40.jpg,2136-CB40.jpg,66234,2136
COLEÇÃO - 2021\2136-CB42.jpg,2136-CB42.jpg,52443,2136
COLEÇÃO - 2021\2136-CB42_A.JPG,2136-CB42_A.JPG,92008,2136
COLEÇÃO - 2021\2136-CB42_B.JPG,2136-CB42_B.JPG,105825,2136
COLEÇÃO - 2021\2136-CB42_C.JPG,2136-CB42_C.JPG,112455,2136
COLEÇÃO - 2021\2136-CB42_D.JPG,2136-CB42_D.JPG,121346,2136
COLEÇÃO - 2021\2136-CB49.jpg,2136-CB49.jpg,47833,2136
COLEÇÃO - 2021\2136-CB54.jpg,2136-CB54.jpg,63192,2136
COLEÇÃO - 2021\2136-CB55.jpg,2136-CB55.jpg,45404,2136
COLEÇÃO - 2021\2136-CB56.jpg,2136-CB56.jpg,50828,2136
COLEÇÃO - 2021\2136-CB57.jpg,2136-CB57.jpg,53761,2136
COLEÇÃO - 2021\2136-CB58.jpg,2136-CB58.jpg,61552,2136
COLEÇÃO - 2021\2136-CB59.jpg,2136-CB59.jpg,77336,2136
COLEÇÃO - 2021\2136-CB60.jpg,2136-CB60.jpg,74828,2136
COLEÇÃO - 2021\2136-CB61.jpg,2136-CB61.jpg,76383,2136
COLEÇÃO - 2021\2136-CB62.jpg,2136-CB62.jpg,73505,2136
COLEÇÃO - 2021\2136-CB62_A.jpg,2136-CB62_A.jpg,101854,2136
COLEÇÃO - 2021\2136-CB62_B.jpg,2136-CB62_B.jpg,132198,2136
COLEÇÃO - 2021\2136-CB62_C.jpg,2136-CB62_C.jpg,125689,2136
COLEÇÃO - 2021\2136-CB62_D.jpg,2136-CB62_D.jpg,114420,2136
COLEÇÃO - 2021\2136-CB62_E.jpg,2136-CB62_E.jpg,68436,2136
COLEÇÃO - 2021\2136-CB63.jpg,2136-CB63.jpg,64745,2136
COLEÇÃO - 2021\2136-CB64.jpg,2136-CB64.jpg,77729,2136
COLEÇÃO - 2021\2136_CB42_E.JPG,2136_CB42_E.JPG,123400,2136
COLEÇÃO - 2021\2150-CB08.jpg,2150-CB08.jpg,100332,2150
COLEÇÃO - 2021\2150-CB08_A.jpg,2150-CB08_A.jpg,123946,2150
COLEÇÃO - 2021\2150-CB08_B.jpg,2150-CB08_B.jpg,73139,2150
COLEÇÃO - 2021\2150-CB08_C.jpg,2150-CB08_C.jpg,80629,2150
COLEÇÃO - 2021\2150-CB08_D.jpg,2150-CB08_D.jpg,162619,2150
COLEÇÃO - 2021\2150-CB08_E.jpg,2150-CB08_E.jpg,123764,2150
COLEÇÃO - 2021\2150-CB20.jpg,2150-CB20.jpg,103183,2150
COLEÇÃO - 2021\2150-CB28.jpg,2150-CB28.jpg,44944,2150
COLEÇÃO - 2021\2150-CB35.jpg,2150-CB35.jpg,91845,2150
COLEÇÃO - 2021\2150-CB35_A.jpg,2150-CB35_A.jpg,99744,2150
COLEÇÃO - 2021\2150-CB35_B.jpg,2150-CB35_B.jpg,158940,2150
COLEÇÃO - 2021\2150-CB35_C.jpg,2150-CB35_C.jpg,76226,2150
COLEÇÃO - 2021\2150-CB35_D.jpg,2150-CB35_D.jpg,108215,2150
COLEÇÃO - 2021\2150-CB36.jpg,2150-CB36.jpg,49583,2150
COLEÇÃO - 2021\2150-CB40.JPG,2150-CB40.JPG,45840,2150
COLEÇÃO - 2021\2150-CB43.jpg,2150-CB43.jpg,101191,2150
COLEÇÃO - 2021\2150-CB45.jpg,2150-CB45.jpg,89023,2150
COLEÇÃO - 2021\2150-CB48.jpg,2150-CB48.jpg,49348,2150
COLEÇÃO - 2021\2150-CB48_A.jpg,2150-CB48_A.jpg,128064,2150
COLEÇÃO - 2021\2150-CB48_B.jpg,2150-CB48_B.jpg,140270,2150
COLEÇÃO - 2021\2150-CB48_C.jpg,2150-CB48_C.jpg,110813,2150
COLEÇÃO - 2021\2150-CB48_D.jpg,2150-CB48_D.jpg,98567,2150
COLEÇÃO - 2021\2150-CB48_E.jpg,2150-CB48_E.jpg,155473,2150
COLEÇÃO - 2021\2150-CB49.jpg,2150-CB49.jpg,70006,2150
COLEÇÃO - 2021\2150-CB50.jpg,2150-CB50.jpg,42016,2150
COLEÇÃO - 2021\2150-CB51.jpg,2150-CB51.jpg,79858,2150
COLEÇÃO - 2021\2150-CB52.jpg,2150-CB52.jpg,64962,2150
COLEÇÃO - 2021\2150-CB53.jpg,2150-CB53.jpg,76049,2150
COLEÇÃO - 2021\2150-CB54.jpg,2150-CB54.jpg,82574,2150
COLEÇÃO - 2021\2150-CB54_A.jpg,2150-CB54_A.jpg,92441,2150
COLEÇÃO - 2021\2150-CB54_B.jpg,2150-CB54_B.jpg,124919,2150
COLEÇÃO - 2021\2150-CB54_C.jpg,2150-CB54_C.jpg,123881,2150
COLEÇÃO - 2021\2150-CB54_D.jpg,2150-CB54_D.jpg,97847,2150
COLEÇÃO - 2021\2150-CB54_E.jpg,2150-CB54_E.jpg,70542,2150
COLEÇÃO - 2021\434-CB10.jpg,434-CB10.jpg,92819,434
COLEÇÃO - 2021\434-CB12.jpg,434-CB12.jpg,83805,434
COLEÇÃO - 2021\434-CB12_A.jpg,434-CB12_A.jpg,120290,434
COLEÇÃO - 2021\434-CB12_B.jpg,434-CB12_B.jpg,137735,434
COLEÇÃO - 2021\434-CB12_C.jpg,434-CB12_C.jpg,135264,434
COLEÇÃO - 2021\434-CB12_D.jpg,434-CB12_D.jpg,126611,434
COLEÇÃO - 2021\434-CB12_E.jpg,434-CB12_E.jpg,147579,434
COLEÇÃO - 2021\434-CB13.jpg,434-CB13.jpg,101340,434
COLEÇÃO - 2021\434-CB15.jpg,434-CB15.jpg,127939,434
COLEÇÃO - 2021\434-CB16.jpg,434-CB16.jpg,86531,434
COLEÇÃO - 2021\451-1-CB10.jpg,451-1-CB10.jpg,84271,4511
COLEÇÃO - 2021\451-1-CB10_A.jpg,451-1-CB10_A.jpg,133785,4511
COLEÇÃO - 2021\451-1-CB12.jpg,451-1-CB12.jpg,93870,4511
COLEÇÃO - 2021\451-1-CB12_A.jpg,451-1-CB12_A.jpg,111926,4511
COLEÇÃO - 2021\451-1-CB12_B.jpg,451-1-CB12_B.jpg,136025,4511
COLEÇÃO - 2021\451-1-CB12_C.jpg,451-1-CB12_C.jpg,131847,4511
COLEÇÃO - 2021\451-1-CB12_D.jpg,451-1-CB12_D.jpg,129495,4511
COLEÇÃO - 2021\451-1-CB12_E.jpg,451-1-CB12_E.jpg,131847,4511
COLEÇÃO - 2021\451-1-CB13.jpg,451-1-CB13.jpg,113814,4511
COLEÇÃO - 2021\CF134-CB22.JPG,CF134-CB22.JPG,176307,CF134
COLEÇÃO - 2021\CF134-CB28.JPG,CF134-CB28.JPG,199688,CF134
COLEÇÃO - 2021\CF134-CB35.JPG,CF134-CB35.JPG,154399,CF134
COLEÇÃO - 2021\CF134-CB39.jpg,CF134-CB39.jpg,97986,CF134
COLEÇÃO - 2021\CF134-CB40.jpg,CF134-CB40.jpg,84666,CF134
COLEÇÃO - 2021\CF165-CB01.JPG,CF165-CB01.JPG,166311,CF165
COLEÇÃO - 2021\CF165-CB04.JPG,CF165-CB04.JPG,171998,CF165
COLEÇÃO - 2021\CF165-CB11.JPG,CF165-CB11.JPG,178646,CF165
COLEÇÃO - 2021\CF165-CB12.JPG,CF165-CB12.JPG,180823,CF165
COLEÇÃO - 2021\CF165-CB13.JPG,CF165-CB13.JPG,173277,CF165
COLEÇÃO - 2021\CF165-CB15.jpg,CF165-CB15.jpg,85930,CF165
COLEÇÃO - 2021\CF165-CB16.jpg,CF165-CB16.jpg,90342,CF165
COLEÇÃO - 2021\CF165-CB17.jpg,CF165-CB17.jpg,85203,CF165
COLEÇÃO - 2021\CF165-CB18.jpg,CF165-CB18.jpg,81142,CF165
COLEÇÃO - 2021\CF165-CB19.jpg,CF165-CB19.jpg,79232,CF165
COLEÇÃO - 2021\CF165-CB20.jpg,CF165-CB20.jpg,79266,CF165
COLEÇÃO - 2021\CF166-CB01.JPG,CF166-CB01.JPG,177301,CF166
COLEÇÃO - 2021\CF166-CB04.JPG,CF166-CB04.JPG,178183,CF166
COLEÇÃO - 2021\CF166-CB13.JPG,CF166-CB13.JPG,186822,CF166
COLEÇÃO - 2021\CF166-CB16.jpg,CF166-CB16.jpg,76736,CF166
COLEÇÃO - 2021\CF166-CB18.jpg,CF166-CB18.jpg,79820,CF166
COLEÇÃO - 2021\CF166-CB19.jpg,CF166-CB19.jpg,81098,CF166
COLEÇÃO - 2021\CF176-CB01.JPG,CF176-CB01.JPG,184866,CF176
COLEÇÃO - 2021\CF176-CB02.JPG,CF176-CB02.JPG,172253,CF176
COLEÇÃO - 2021\CF176-CB11.jpg,CF176-CB11.jpg,82346,CF176
COLEÇÃO - 2021\CF176-CB12.jpg,CF176-CB12.jpg,91593,CF176
COLEÇÃO - 2021\CF176-CB13.jpg,CF176-CB13.jpg,86854,CF176
COLEÇÃO - 2021\CF176-CB14.jpg,CF176-CB14.jpg,92284,CF176
COLEÇÃO - 2021\CF176-CB15.jpg,CF176-CB15.jpg,83998,CF176
COLEÇÃO - 2021\CM11-CB30.jpg,CM11-CB30.jpg,86415,CM11
COLEÇÃO - 2021\CM11-CB31.jpg,CM11-CB31.jpg,52488,CM11
COLEÇÃO - 2021\CM11-CB36.jpg,CM11-CB36.jpg,91414,CM11
COLEÇÃO - 2021\CM11-CB37.jpg,CM11-CB37.jpg,98677,CM11
COLEÇÃO - 2021\CM40-CB05.jpg,CM40-CB05.jpg,79123,CM40
COLEÇÃO - 2021\CM40-CB10.jpg,CM40-CB10.jpg,40971,CM40
COLEÇÃO - 2021\CM83-CB01.jpg,CM83-CB01.jpg,40494,CM83
COLEÇÃO - 2021\CM83-CB04.jpg,CM83-CB04.jpg,105731,CM83
COLEÇÃO - 2021\CM83-CB06.jpg,CM83-CB06.jpg,91612,CM83
COLEÇÃO - 2021\CM83-CB07.jpg,CM83-CB07.jpg,88880,CM83
COLEÇÃO - 2021\M126-CB01.jpg,M126-CB01.jpg,96138,M126
COLEÇÃO - 2021\M126-CB01_A.jpg,M126-CB01_A.jpg,81820,M126
COLEÇÃO - 2021\M126-CB03.jpg,M126-CB03.jpg,81309,M126
COLEÇÃO - 2021\M126-CB04.jpg,M126-CB04.jpg,109641,M126
COLEÇÃO - 2021\M126-CB06.jpg,M126-CB06.jpg,143315,M126
COLEÇÃO - 2021\M126-CB06_A.jpg,M126-CB06_A.jpg,167710,M126
COLEÇÃO - 2021\M126-CB06_B.jpg,M126-CB06_B.jpg,159403,M126
COLEÇÃO - 2021\M126-CB06_C.jpg,M126-CB06_C.jpg,174313,M126
COLEÇÃO - 2021\M126-CB06_D.jpg,M126-CB06_D.jpg,163270,M126
COLEÇÃO - 2021\M126-CB06_E.jpg,M126-CB06_E.jpg,168674,M126
COLEÇÃO - 2021\M126-CB09.jpg,M126-CB09.jpg,177341,M126
COLEÇÃO - ALTO VERÃO 2022\040-0-CB37_D.jpg,040-0-CB37_D.jpg,107640,0400
COLEÇÃO - ALTO VERÃO 2022\2150-CB57.jpg,2150-CB57.jpg,133395,2150
COLEÇÃO - ALTO VERÃO 2022\26332-CB04.jpg,26332-CB04.jpg,102799,26332
COLEÇÃO - ALTO VERÃO 2022\26332-CB05.jpg,26332-CB05.jpg,91088,26332
COLEÇÃO - ALTO VERÃO 2022\26332-CB06.jpg,26332-CB06.jpg,67524,26332
COLEÇÃO - ALTO VERÃO 2022\28462-CB07.jpg,28462-CB07.jpg,116971,28462
COLEÇÃO - ALTO VERÃO 2022\M217-CB02_D.jpg,M217-CB02_D.jpg,70275,M217
COLEÇÃO - BANCO DE IMAGENS\COLEÇÃO  - 2021 INVERNO\2136-CB59.jpg,2136-CB59.jpg,72193,2136
COLEÇÃO - BANCO DE IMAGENS\COLEÇÃO  - 2021 INVERNO\2136-CB60.jpg,2136-CB60.jpg,73281,2136
COLEÇÃO - BANCO DE IMAGENS\COLEÇÃO  - 2021 INVERNO\2136-CB61.jpg,2136-CB61.jpg,74116,2136
COLEÇÃO - BANCO DE IMAGENS\COLEÇÃO  - 2021 INVERNO\2136-CB62.jpg,2136-CB62.jpg,77050,2136
COLEÇÃO - BANCO DE IMAGENS\COLEÇÃO  - 2021 INVERNO\2136-CB62_B.jpg,2136-CB62_B.jpg,84719,2136
COLEÇÃO - BANCO DE IMAGENS\COLEÇÃO  - 2021 INVERNO\2136-CB62_C.jpg,2136-CB62_C.jpg,77417,2136
COLEÇÃO - BANCO DE IMAGENS\COLEÇÃO  - 2021 INVERNO\2136-CB62_D.jpg,2136-CB62_D.jpg,72501,2136
COLEÇÃO - BANCO DE IMAGENS\COLEÇÃO  - 2021 INVERNO\2136-CB62_E.jpg,2136-CB62_E.jpg,68120,2136
COLEÇÃO - BANCO DE IMAGENS\COLEÇÃO  - 2021 INVERNO\2136-CB63.jpg,2136-CB63.jpg,39533,2136
COLEÇÃO - BANCO DE IMAGENS\COLEÇÃO  - 2021 INVERNO\CF134-CB39.jpg,CF134-CB39.jpg,97986,CF134
COLEÇÃO - BANCO DE IMAGENS\COLEÇÃO  - 2021 INVERNO\CF134-CB40.jpg,CF134-CB40.jpg,84666,CF134
COLEÇÃO - BANCO DE IMAGENS\COLEÇÃO  - 2021 INVERNO\CF165-CB15.jpg,CF165-CB15.jpg,85930,CF165
COLEÇÃO - BANCO DE IMAGENS\COLEÇÃO  - 2021 INVERNO\CF165-CB16.jpg,CF165-CB16.jpg,90342,CF165
COLEÇÃO - BANCO DE IMAGENS\COLEÇÃO  - 2021 INVERNO\CF165-CB17.jpg,CF165-CB17.jpg,85203,CF165
COLEÇÃO - BANCO DE IMAGENS\COLEÇÃO  - 2021 INVERNO\CF165-CB18.jpg,CF165-CB18.jpg,81142,CF165
COLEÇÃO - BANCO DE IMAGENS\COLEÇÃO  - 2021 INVERNO\CF165-CB19.jpg,CF165-CB19.jpg,79232,CF165
COLEÇÃO - BANCO DE IMAGENS\COLEÇÃO  - 2021 INVERNO\CF165-CB20.jpg,CF165-CB20.jpg,79266,CF165
COLEÇÃO - BANCO DE IMAGENS\COLEÇÃO  - 2021 INVERNO\CF166-CB16.jpg,CF166-CB16.jpg,76736,CF166
COLEÇÃO - BANCO DE IMAGENS\COLEÇÃO  - 2021 INVERNO\CF166-CB18.jpg,CF166-CB18.jpg,79820,CF166
COLEÇÃO - BANCO DE IMAGENS\COLEÇÃO  - 2021 INVERNO\CF166-CB19.jpg,CF166-CB19.jpg,81098,CF166
COLEÇÃO - BANCO DE IMAGENS\COLEÇÃO  - 2021 INVERNO\CF176-CB11.jpg,CF176-CB11.jpg,82346,CF176
COLEÇÃO - BANCO DE IMAGENS\COLEÇÃO  - 2021 INVERNO\CF176-CB13.jpg,CF176-CB13.jpg,86854,CF176
COLEÇÃO - BANCO DE IMAGENS\COLEÇÃO  - 2021 INVERNO\CF176-CB14.jpg,CF176-CB14.jpg,92284,CF176
COLEÇÃO - BANCO DE IMAGENS\COLEÇÃO  - 2021 INVERNO\CF176-CB15.jpg,CF176-CB15.jpg,83998,CF176
COLEÇÃO - BANCO DE IMAGENS\COLEÇÃO - 2020\040-0-CB11.jpg,040-0-CB11.jpg,89258,0400
COLEÇÃO - BANCO DE IMAGENS\COLEÇÃO - 2020\040-0-CB13.jpg,040-0-CB13.jpg,97932,0400
COLEÇÃO - BANCO DE IMAGENS\COLEÇÃO - 2020\040-0-CB15.jpg,040-0-CB15.jpg,121780,0400
COLEÇÃO - BANCO DE IMAGENS\COLEÇÃO - 2020\040-0-CB16.jpg,040-0-CB16.jpg,125227,0400
COLEÇÃO - BANCO DE IMAGENS\COLEÇÃO - 2020\040-0-CB19.jpg,040-0-CB19.jpg,133807,0400
COLEÇÃO - BANCO DE IMAGENS\COLEÇÃO - 2020\040-0-CB23.jpg,040-0-CB23.jpg,150863,0400
COLEÇÃO - BANCO DE IMAGENS\COLEÇÃO - 2020\040-0-CB26.jpg,040-0-CB26.jpg,156008,0400
COLEÇÃO - BANCO DE IMAGENS\COLEÇÃO - 2020\040-0-CB30_A.jpg,040-0-CB30_A.jpg,146888,0400
COLEÇÃO - BANCO DE IMAGENS\COLEÇÃO - 2020\040-0-CB30_B.jpg,040-0-CB30_B.jpg,138609,0400
COLEÇÃO - BANCO DE IMAGENS\COLEÇÃO - 2020\040-0-CB30_C.jpg,040-0-CB30_C.jpg,136672,0400
COLEÇÃO - BANCO DE IMAGENS\COLEÇÃO - 2020\040-0-CB30_D.jpg,040-0-CB30_D.jpg,111268,0400
COLEÇÃO - BANCO DE IMAGENS\COLEÇÃO - 2020\040-0-CB30_E.jpg,040-0-CB30_E.jpg,126058,0400
COLEÇÃO - BANCO DE IMAGENS\COLEÇÃO - 2020\040-0-CB31.jpg,040-0-CB31.jpg,126419,0400
COLEÇÃO - BANCO DE IMAGENS\COLEÇÃO - 2020\040-0-CB32.jpg,040-0-CB32.jpg,103534,0400
COLEÇÃO - BANCO DE IMAGENS\COLEÇÃO - 2020\040-0-CB39.jpg,040-0-CB39.jpg,136264,0400
COLEÇÃO - BANCO DE IMAGENS\COLEÇÃO - 2020\040-0-CB40.jpg,040-0-CB40.jpg,143867,0400
COLEÇÃO - BANCO DE IMAGENS\COLEÇÃO - 2020\091-0-CB08.jpg,091-0-CB08.jpg,124356,0910
COLEÇÃO - BANCO DE IMAGENS\COLEÇÃO - 2020\091-0-CB11.jpg,091-0-CB11.jpg,115177,0910
COLEÇÃO - BANCO DE IMAGENS\COLEÇÃO - 2020\091-0-CB13.jpg,091-0-CB13.jpg,141251,0910
COLEÇÃO - BANCO DE IMAGENS\COLEÇÃO - 2020\091-0-CB15.jpg,091-0-CB15.jpg,180220,0910
COLEÇÃO - BANCO DE IMAGENS\COLEÇÃO - 2020\091-0-CB15_A.jpg,091-0-CB15_A.jpg,141476,0910
COLEÇÃO - BANCO DE IMAGENS\COLEÇÃO - 2020\091-0-CB15_B.jpg,091-0-CB15_B.jpg,179010,0910
COLEÇÃO - BANCO DE IMAGENS\COLEÇÃO - 2020\091-0-CB15_C.jpg,091-0-CB15_C.jpg,155947,0910
COLEÇÃO - BANCO DE IMAGENS\COLEÇÃO - 2020\091-0-CB15_D.jpg,091-0-CB15_D.jpg,167715,0910
COLEÇÃO - BANCO DE IMAGENS\COLEÇÃO - 2020\091-0-CB15_E.jpg,091-0-CB15_E.jpg,161957,0910
COLEÇÃO - BANCO DE IMAGENS\COLEÇÃO - 2020\091-0-CB17.jpg,091-0-CB17.jpg,176998,0910
COLEÇÃO - BANCO DE IMAGENS\COLEÇÃO - 2020\091-0-CB20.jpg,091-0-CB20.jpg,159486,0910
COLEÇÃO - BANCO DE IMAGENS\COLEÇÃO - 2020\091-0-CB21.jpg,091-0-CB21.jpg,130906,0910
COLEÇÃO - BANCO DE IMAGENS\COLEÇÃO - 2020\092-0-CB11.jpg,092-0-CB11.jpg,109208,0920
COLEÇÃO - BANCO DE IMAGENS\COLEÇÃO - 2020\092-0-CB13.jpg,092-0-CB13.jpg,105939,0920
COLEÇÃO - BANCO DE IMAGENS\COLEÇÃO - 2020\092-0-CB15.jpg,092-0-CB15.jpg,112354,0920
COLEÇÃO - BANCO DE IMAGENS\COLEÇÃO - 2020\092-0-CB19.jpg,092-0-CB19.jpg,151965,0920
COLEÇÃO - BANCO DE IMAGENS\COLEÇÃO - 2020\092-0-CB19_A.jpg,092-0-CB19_A.jpg,150391,0920
COLEÇÃO - BANCO DE IMAGENS\COLEÇÃO - 2020\092-0-CB19_B.jpg,092-0-CB19_B.jpg,151719,0920
COLEÇÃO - BANCO DE IMAGENS\COLEÇÃO - 2020\092-0-CB19_C.jpg,092-0-CB19_C.jpg,162502,0920
COLEÇÃO - BANCO DE IMAGENS\COLEÇÃO - 2020\092-0-CB19_D.jpg,092-0-CB19_D.jpg,135642,0920
COLEÇÃO - BANCO DE IMAGENS\COLEÇÃO - 2020\092-0-CB19_E.jpg,092-0-CB19_E.jpg,145893,0920
COLEÇÃO - BANCO DE IMAGENS\COLEÇÃO - 2020\092-0-CB22.jpg,092-0-CB22.jpg,116965,0920
COLEÇÃO - BANCO DE IMAGENS\COLEÇÃO - 2020\092-0-CB27.jpg,092-0-CB27.jpg,123300,0920
COLEÇÃO - BANCO DE IMAGENS\COLEÇÃO - 2020\092-0-CB29.jpg,092-0-CB29.jpg,115686,0920
COLEÇÃO - BANCO DE IMAGENS\COLEÇÃO - 2020\092-0-CB38.jpg,092-0-CB38.jpg,114057,0920
COLEÇÃO - BANCO DE IMAGENS\COLEÇÃO - 2020\092-0-CB39.jpg,092-0-CB39.jpg,98487,0920
COLEÇÃO - BANCO DE IMAGENS\COLEÇÃO - 2020\092-0-CB40.jpg,092-0-CB40.jpg,76691,0920
COLEÇÃO - BANCO DE IMAGENS\COLEÇÃO - 2020\160-1-CB11.jpg,160-1-CB11.jpg,82200,1601
COLEÇÃO - BANCO DE IMAGENS\COLEÇÃO - 2020\160-1-CB12.jpg,160-1-CB12.jpg,84183,1601
COLEÇÃO - BANCO DE IMAGENS\COLEÇÃO - 2020\160-1-CB12_A.jpg,160-1-CB12_A.jpg,125688,1601
COLEÇÃO - BANCO DE IMAGENS\COLEÇÃO - 2020\160-1-CB12_B.jpg,160-1-CB12_B.jpg,128862,1601
COLEÇÃO - BANCO DE IMAGENS\COLEÇÃO - 2020\160-1-CB12_C.jpg,160-1-CB12_C.jpg,136892,1601
COLEÇÃO - BANCO DE IMAGENS\COLEÇÃO - 2020\160-1-CB12_D.jpg,160-1-CB12_D.jpg,149900,1601
COLEÇÃO - BANCO DE IMAGENS\COLEÇÃO - 2020\160-1-CB12_E.jpg,160-1-CB12_E.jpg,137148,1601
COLEÇÃO - BANCO DE IMAGENS\COLEÇÃO - 2020\160-1-CB13.jpg,160-1-CB13.jpg,110483,1601
COLEÇÃO - BANCO DE IMAGENS\COLEÇÃO - 2020\160-1-CB20.jpg,160-1-CB20.jpg,138250,1601
COLEÇÃO - BANCO DE IMAGENS\COLEÇÃO - 2020\160-1-CB21.jpg,160-1-CB21.jpg,140230,1601
COLEÇÃO - BANCO DE IMAGENS\COLEÇÃO - 2020\2136-CB12.jpg,2136-CB12.jpg,134672,2136
COLEÇÃO - BANCO DE IMAGENS\COLEÇÃO - 2020\2136-CB12_A.jpg,2136-CB12_A.jpg,165466,2136
COLEÇÃO - BANCO DE IMAGENS\COLEÇÃO - 2020\2136-CB12_B.jpg,2136-CB12_B.jpg,145749,2136
COLEÇÃO - BANCO DE IMAGENS\COLEÇÃO - 2020\2136-CB12_C.jpg,2136-CB12_C.jpg,142203,2136
COLEÇÃO - BANCO DE IMAGENS\COLEÇÃO - 2020\2136-CB12_D.jpg,2136-CB12_D.jpg,97111,2136
COLEÇÃO - BANCO DE IMAGENS\COLEÇÃO - 2020\2136-CB12_E.jpg,2136-CB12_E.jpg,109208,2136
COLEÇÃO - BANCO DE IMAGENS\COLEÇÃO - 2020\2136-CB19.jpg,2136-CB19.jpg,117147,2136
COLEÇÃO - BANCO DE IMAGENS\COLEÇÃO - 2020\2136-CB34.jpg,2136-CB34.jpg,153936,2136
COLEÇÃO - BANCO DE IMAGENS\COLEÇÃO - 2020\2136-CB40.jpg,2136-CB40.jpg,105625,2136
COLEÇÃO - BANCO DE IMAGENS\COLEÇÃO - 2020\2136-CB41.jpg,2136-CB41.jpg,135324,2136
COLEÇÃO - BANCO DE IMAGENS\COLEÇÃO - 2020\2136-CB42.jpg,2136-CB42.jpg,140819,2136
COLEÇÃO - BANCO DE IMAGENS\COLEÇÃO - 2020\2136-CB42_A.JPG,2136-CB42_A.JPG,92008,2136
COLEÇÃO - BANCO DE IMAGENS\COLEÇÃO - 2020\2136-CB42_B.JPG,2136-CB42_B.JPG,105825,2136
COLEÇÃO - BANCO DE IMAGENS\COLEÇÃO - 2020\2136-CB42_C.JPG,2136-CB42_C.JPG,112455,2136
COLEÇÃO - BANCO DE IMAGENS\COLEÇÃO - 2020\2136-CB42_D.JPG,2136-CB42_D.JPG,121346,2136
COLEÇÃO - BANCO DE IMAGENS\COLEÇÃO - 2020\2136-CB47.jpg,2136-CB47.jpg,142211,2136
COLEÇÃO - BANCO DE IMAGENS\COLEÇÃO - 2020\2136-CB49.jpg,2136-CB49.jpg,151598,2136
COLEÇÃO - BANCO DE IMAGENS\COLEÇÃO - 2020\2136-CB50.jpg,2136-CB50.jpg,123652,2136
COLEÇÃO - BANCO DE IMAGENS\COLEÇÃO - 2020\2136-CB51.jpg,2136-CB51.jpg,119586,2136
COLEÇÃO - BANCO DE IMAGENS\COLEÇÃO - 2020\2136-CB52.jpg,2136-CB52.jpg,114007,2136
COLEÇÃO - BANCO DE IMAGENS\COLEÇÃO - 2020\2136-CB53.jpg,2136-CB53.jpg,103023,2136
COLEÇÃO - BANCO DE IMAGENS\COLEÇÃO - 2020\2136-CB54.jpg,2136-CB54.jpg,136597,2136
COLEÇÃO - BANCO DE IMAGENS\COLEÇÃO - 2020\2136_CB42_E.JPG,2136_CB42_E.JPG,123400,2136
COLEÇÃO - BANCO DE IMAGENS\COLEÇÃO - 2020\2150-CB08.jpg,2150-CB08.jpg,132267,2150
COLEÇÃO - BANCO DE IMAGENS\COLEÇÃO - 2020\2150-CB08_A.jpg,2150-CB08_A.jpg,138611,2150
COLEÇÃO - BANCO DE IMAGENS\COLEÇÃO - 2020\2150-CB08_B.jpg,2150-CB08_B.jpg,138256,2150
COLEÇÃO - BANCO DE IMAGENS\COLEÇÃO - 2020\2150-CB08_C.jpg,2150-CB08_C.jpg,142560,2150
COLEÇÃO - BANCO DE IMAGENS\COLEÇÃO - 2020\2150-CB20.jpg,2150-CB20.jpg,126336,2150
COLEÇÃO - BANCO DE IMAGENS\COLEÇÃO - 2020\2150-CB28.jpg,2150-CB28.jpg,143153,2150
COLEÇÃO - BANCO DE IMAGENS\COLEÇÃO - 2020\2150-CB35.jpg,2150-CB35.jpg,114870,2150
COLEÇÃO - BANCO DE IMAGENS\COLEÇÃO - 2020\2150-CB35_A.jpg,2150-CB35_A.jpg,99744,2150
COLEÇÃO - BANCO DE IMAGENS\COLEÇÃO - 2020\2150-CB35_B.jpg,2150-CB35_B.jpg,158940,2150
COLEÇÃO - BANCO DE IMAGENS\COLEÇÃO - 2020\2150-CB35_C.jpg,2150-CB35_C.jpg,76226,2150
COLEÇÃO - BANCO DE IMAGENS\COLEÇÃO - 2020\2150-CB35_D.jpg,2150-CB35_D.jpg,108215,2150
COLEÇÃO - BANCO DE IMAGENS\COLEÇÃO - 2020\2150-CB36.jpg,2150-CB36.jpg,127697,2150
COLEÇÃO - BANCO DE IMAGENS\COLEÇÃO - 2020\2150-CB40.JPG,2150-CB40.JPG,121402,2150
COLEÇÃO - BANCO DE IMAGENS\COLEÇÃO - 2020\2150-CB41.JPG,2150-CB41.JPG,173016,2150
COLEÇÃO - BANCO DE IMAGENS\COLEÇÃO - 2020\2150-CB42.JPG,2150-CB42.JPG,172716,2150
COLEÇÃO - BANCO DE IMAGENS\COLEÇÃO - 2020\2150-CB43.jpg,2150-CB43.jpg,126050,2150
COLEÇÃO - BANCO DE IMAGENS\COLEÇÃO - 2020\2150-CB44.jpg,2150-CB44.jpg,126544,2150
COLEÇÃO - BANCO DE IMAGENS\COLEÇÃO - 2020\2150-CB45.jpg,2150-CB45.jpg,142092,2150
COLEÇÃO - BANCO DE IMAGENS\COLEÇÃO - 2020\2150-CB46.jpg,2150-CB46.jpg,127774,2150
COLEÇÃO - BANCO DE IMAGENS\COLEÇÃO - 2020\434-CB10.jpg,434-CB10.jpg,92819,434
COLEÇÃO - BANCO DE IMAGENS\COLEÇÃO - 2020\434-CB12.jpg,434-CB12.jpg,83805,434
COLEÇÃO - BANCO DE IMAGENS\COLEÇÃO - 2020\434-CB12_A.jpg,434-CB12_A.jpg,124944,434
COLEÇÃO - BANCO DE IMAGENS\COLEÇÃO - 2020\434-CB12_B.jpg,434-CB12_B.jpg,104246,434
COLEÇÃO - BANCO DE IMAGENS\COLEÇÃO - 2020\434-CB12_C.jpg,434-CB12_C.jpg,137679,434
COLEÇÃO - BANCO DE IMAGENS\COLEÇÃO - 2020\434-CB12_D.jpg,434-CB12_D.jpg,137632,434
COLEÇÃO - BANCO DE IMAGENS\COLEÇÃO - 2020\434-CB12_E.jpg,434-CB12_E.jpg,147579,434
COLEÇÃO - BANCO DE IMAGENS\COLEÇÃO - 2020\434-CB13.jpg,434-CB13.jpg,101340,434
COLEÇÃO - BANCO DE IMAGENS\COLEÇÃO - 2020\434-CB15.jpg,434-CB15.jpg,127939,434
COLEÇÃO - BANCO DE IMAGENS\COLEÇÃO - 2020\434-CB16.jpg,434-CB16.jpg,144644,434
COLEÇÃO - BANCO DE IMAGENS\COLEÇÃO - 2020\451-1-CB10.jpg,451-1-CB10.jpg,84271,4511
COLEÇÃO - BANCO DE IMAGENS\COLEÇÃO - 2020\451-1-CB12.jpg,451-1-CB12.jpg,93870,4511
COLEÇÃO - BANCO DE IMAGENS\COLEÇÃO - 2020\451-1-CB12_A.jpg,451-1-CB12_A.jpg,111926,4511
COLEÇÃO - BANCO DE IMAGENS\COLEÇÃO - 2020\451-1-CB12_B.jpg,451-1-CB12_B.jpg,121784,4511
COLEÇÃO - BANCO DE IMAGENS\COLEÇÃO - 2020\451-1-CB12_C.jpg,451-1-CB12_C.jpg,126603,4511
COLEÇÃO - BANCO DE IMAGENS\COLEÇÃO - 2020\451-1-CB12_D.jpg,451-1-CB12_D.jpg,136025,4511
COLEÇÃO - BANCO DE IMAGENS\COLEÇÃO - 2020\451-1-CB12_E.jpg,451-1-CB12_E.jpg,131847,4511
COLEÇÃO - BANCO DE IMAGENS\COLEÇÃO - 2020\451-1-CB13.jpg,451-1-CB13.jpg,113814,4511
COLEÇÃO - BANCO DE IMAGENS\COLEÇÃO - 2020\CF134-CB22.JPG,CF134-CB22.JPG,176307,CF134
COLEÇÃO - BANCO DE IMAGENS\COLEÇÃO - 2020\CF134-CB28.JPG,CF134-CB28.JPG,199688,CF134
COLEÇÃO - BANCO DE IMAGENS\COLEÇÃO - 2020\CF134-CB34.JPG,CF134-CB34.JPG,200081,CF134
COLEÇÃO - BANCO DE IMAGENS\COLEÇÃO - 2020\CF134-CB35.JPG,CF134-CB35.JPG,162829,CF134
COLEÇÃO - BANCO DE IMAGENS\COLEÇÃO - 2020\CF134-CB36.JPG,CF134-CB36.JPG,185634,CF134
COLEÇÃO - BANCO DE IMAGENS\COLEÇÃO - 2020\CF134-CB37.JPG,CF134-CB37.JPG,185672,CF134
COLEÇÃO - BANCO DE IMAGENS\COLEÇÃO - 2020\CF134-CB38.jpg,CF134-CB38.jpg,132159,CF134
COLEÇÃO - BANCO DE IMAGENS\COLEÇÃO - 2020\CF165-CB01.JPG,CF165-CB01.JPG,166311,CF165
COLEÇÃO - BANCO DE IMAGENS\COLEÇÃO - 2020\CF165-CB04.JPG,CF165-CB04.JPG,171998,CF165
COLEÇÃO - BANCO DE IMAGENS\COLEÇÃO - 2020\CF165-CB11.JPG,CF165-CB11.JPG,178646,CF165
COLEÇÃO - BANCO DE IMAGENS\COLEÇÃO - 2020\CF165-CB12.JPG,CF165-CB12.JPG,180823,CF165
COLEÇÃO - BANCO DE IMAGENS\COLEÇÃO - 2020\CF165-CB13.JPG,CF165-CB13.JPG,173277,CF165
COLEÇÃO - BANCO DE IMAGENS\COLEÇÃO - 2020\CF165-CB14.jpg,CF165-CB14.jpg,136875,CF165
COLEÇÃO - BANCO DE IMAGENS\COLEÇÃO - 2020\CF166-CB01.JPG,CF166-CB01.JPG,177301,CF166
COLEÇÃO - BANCO DE IMAGENS\COLEÇÃO - 2020\CF166-CB04.JPG,CF166-CB04.JPG,178183,CF166
COLEÇÃO - BANCO DE IMAGENS\COLEÇÃO - 2020\CF166-CB12.JPG,CF166-CB12.JPG,198565,CF166
COLEÇÃO - BANCO DE IMAGENS\COLEÇÃO - 2020\CF166-CB13.JPG,CF166-CB13.JPG,186822,CF166
COLEÇÃO - BANCO DE IMAGENS\COLEÇÃO - 2020\CF166-CB14.JPG,CF166-CB14.JPG,166991,CF166
COLEÇÃO - BANCO DE IMAGENS\COLEÇÃO - 2020\CF166-CB15.JPG,CF166-CB15.JPG,201187,CF166
COLEÇÃO - BANCO DE IMAGENS\COLEÇÃO - 2020\CF166-CB16.jpg,CF166-CB16.jpg,52099,CF166
COLEÇÃO - BANCO DE IMAGENS\COLEÇÃO - 2020\CF166-CB17.jpg,CF166-CB17.jpg,166798,CF166
COLEÇÃO - BANCO DE IMAGENS\COLEÇÃO - 2020\CF176-CB01.JPG,CF176-CB01.JPG,184866,CF176
COLEÇÃO - BANCO DE IMAGENS\COLEÇÃO - 2020\CF176-CB02.JPG,CF176-CB02.JPG,178175,CF176
COLEÇÃO - BANCO DE IMAGENS\COLEÇÃO - 2020\CF176-CB07.JPG,CF176-CB07.JPG,193559,CF176
COLEÇÃO - BANCO DE IMAGENS\COLEÇÃO - 2020\CF176-CB08.JPG,CF176-CB08.JPG,199323,CF176
COLEÇÃO - BANCO DE IMAGENS\COLEÇÃO - 2020\CF176-CB09.JPG,CF176-CB09.JPG,181472,CF176
COLEÇÃO - BANCO DE IMAGENS\COLEÇÃO - 2020\CF176-CB10.JPG,CF176-CB10.JPG,163484,CF176
COLEÇÃO - BANCO DE IMAGENS\COLEÇÃO - 2020\CF176-CB11.jpg,CF176-CB11.jpg,128650,CF176
COLEÇÃO - BANCO DE IMAGENS\COLEÇÃO - 2020\CF176-CB12.jpg,CF176-CB12.jpg,91593,CF176
COLEÇÃO - BANCO DE IMAGENS\COLEÇÃO - 2020\CM11-CB30.jpg,CM11-CB30.jpg,86415,CM11
COLEÇÃO - BANCO DE IMAGENS\COLEÇÃO - 2020\CM11-CB31.jpg,CM11-CB31.jpg,160059,CM11
COLEÇÃO - BANCO DE IMAGENS\COLEÇÃO - 2020\CM11-CB32.jpg,CM11-CB32.jpg,103230,CM11
COLEÇÃO - BANCO DE IMAGENS\COLEÇÃO - 2020\CM11-CB36.jpg,CM11-CB36.jpg,91414,CM11
COLEÇÃO - BANCO DE IMAGENS\COLEÇÃO - 2020\CM11-CB37.jpg,CM11-CB37.jpg,98677,CM11
COLEÇÃO - BANCO DE IMAGENS\COLEÇÃO - 2020\CM40-CB05.jpg,CM40-CB05.jpg,79123,CM40
COLEÇÃO - BANCO DE IMAGENS\COLEÇÃO - 2020\CM40-CB09.JPG,CM40-CB09.JPG,203862,CM40
COLEÇÃO - BANCO DE IMAGENS\COLEÇÃO - 2020\CM40-CB10.jpg,CM40-CB10.jpg,95971,CM40
COLEÇÃO - BANCO DE IMAGENS\COLEÇÃO - 2020\CM83-CB01.jpg,CM83-CB01.jpg,183746,CM83
COLEÇÃO - BANCO DE IMAGENS\COLEÇÃO - 2020\CM83-CB04.jpg,CM83-CB04.jpg,105731,CM83
COLEÇÃO - BANCO DE IMAGENS\COLEÇÃO - 2020\CM83-CB05.JPG,CM83-CB05.JPG,202490,CM83
COLEÇÃO - BANCO DE IMAGENS\COLEÇÃO - 2020\CM83-CB06.jpg,CM83-CB06.jpg,104217,CM83
COLEÇÃO - BANCO DE IMAGENS\COLEÇÃO - 2020\CM83-CB07.jpg,CM83-CB07.jpg,99684,CM83
COLEÇÃO - BANCO DE IMAGENS\COLEÇÃO - 2020\M126-CB01.jpg,M126-CB01.jpg,96138,M126
COLEÇÃO - BANCO DE IMAGENS\COLEÇÃO - 2020\M126-CB03.jpg,M126-CB03.jpg,81309,M126
COLEÇÃO - BANCO DE IMAGENS\COLEÇÃO - 2020\M126-CB04.jpg,M126-CB04.jpg,109641,M126
COLEÇÃO - BANCO DE IMAGENS\COLEÇÃO - 2020\M126-CB06.jpg,M126-CB06.jpg,143315,M126
COLEÇÃO - BANCO DE IMAGENS\COLEÇÃO - 2020\M126-CB06_A.jpg,M126-CB06_A.jpg,167710,M126
COLEÇÃO - BANCO DE IMAGENS\COLEÇÃO - 2020\M126-CB06_B.jpg,M126-CB06_B.jpg,159403,M126
COLEÇÃO - BANCO DE IMAGENS\COLEÇÃO - 2020\M126-CB06_C.jpg,M126-CB06_C.jpg,174313,M126
COLEÇÃO - BANCO DE IMAGENS\COLEÇÃO - 2020\M126-CB06_D.jpg,M126-CB06_D.jpg,185853,M126
COLEÇÃO - BANCO DE IMAGENS\COLEÇÃO - 2020\M126-CB06_E.jpg,M126-CB06_E.jpg,168674,M126
COLEÇÃO - BANCO DE IMAGENS\COLEÇÃO - 2021\040-0-CB11.jpg,040-0-CB11.jpg,89258,0400
COLEÇÃO - BANCO DE IMAGENS\COLEÇÃO - 2021\040-0-CB13.jpg,040-0-CB13.jpg,133645,0400
COLEÇÃO - BANCO DE IMAGENS\COLEÇÃO - 2021\040-0-CB15.jpg,040-0-CB15.jpg,121780,0400
COLEÇÃO - BANCO DE IMAGENS\COLEÇÃO - 2021\040-0-CB16.jpg,040-0-CB16.jpg,134068,0400
COLEÇÃO - BANCO DE IMAGENS\COLEÇÃO - 2021\040-0-CB16_A.jpg,040-0-CB16_A.jpg,137415,0400
COLEÇÃO - BANCO DE IMAGENS\COLEÇÃO - 2021\040-0-CB16_B.jpg,040-0-CB16_B.jpg,276051,0400
COLEÇÃO - BANCO DE IMAGENS\COLEÇÃO - 2021\040-0-CB16_C.jpg,040-0-CB16_C.jpg,283441,0400
COLEÇÃO - BANCO DE IMAGENS\COLEÇÃO - 2021\040-0-CB16_D.jpg,040-0-CB16_D.jpg,172585,0400
COLEÇÃO - BANCO DE IMAGENS\COLEÇÃO - 2021\040-0-CB19.jpg,040-0-CB19.jpg,133807,0400
COLEÇÃO - BANCO DE IMAGENS\COLEÇÃO - 2021\040-0-CB23.jpg,040-0-CB23.jpg,138139,0400
COLEÇÃO - BANCO DE IMAGENS\COLEÇÃO - 2021\040-0-CB26.jpg,040-0-CB26.jpg,156008,0400
COLEÇÃO - BANCO DE IMAGENS\COLEÇÃO - 2021\040-0-CB30_A.jpg,040-0-CB30_A.jpg,146888,0400
COLEÇÃO - BANCO DE IMAGENS\COLEÇÃO - 2021\040-0-CB30_B.jpg,040-0-CB30_B.jpg,138609,0400
COLEÇÃO - BANCO DE IMAGENS\COLEÇÃO - 2021\040-0-CB30_C.jpg,040-0-CB30_C.jpg,136672,0400
COLEÇÃO - BANCO DE IMAGENS\COLEÇÃO - 2021\040-0-CB30_D.jpg,040-0-CB30_D.jpg,111268,0400
COLEÇÃO - BANCO DE IMAGENS\COLEÇÃO - 2021\040-0-CB30_E.jpg,040-0-CB30_E.jpg,126058,0400
COLEÇÃO - BANCO DE IMAGENS\COLEÇÃO - 2021\040-0-CB32_A.jpg,040-0-CB32_A.jpg,112951,0400
COLEÇÃO - BANCO DE IMAGENS\COLEÇÃO - 2021\040-0-CB32_B.jpg,040-0-CB32_B.jpg,102936,0400
COLEÇÃO - BANCO DE IMAGENS\COLEÇÃO - 2021\040-0-CB32_C.jpg,040-0-CB32_C.jpg,141245,0400
COLEÇÃO - BANCO DE IMAGENS\COLEÇÃO - 2021\040-0-CB32_D.jpg,040-0-CB32_D.jpg,128149,0400
COLEÇÃO - BANCO DE IMAGENS\COLEÇÃO - 2021\040-0-CB32_E.jpg,040-0-CB32_E.jpg,112356,0400
COLEÇÃO - BANCO DE IMAGENS\COLEÇÃO - 2021\040-0-CB37.jpg,040-0-CB37.jpg,96026,0400
COLEÇÃO - BANCO DE IMAGENS\COLEÇÃO - 2021\040-0-CB39.jpg,040-0-CB39.jpg,138165,0400
COLEÇÃO - BANCO DE IMAGENS\COLEÇÃO - 2021\040-0-CB40.jpg,040-0-CB40.jpg,127585,0400
COLEÇÃO - BANCO DE IMAGENS\COLEÇÃO - 2021\091-0-CB08.jpg,091-0-CB08.jpg,124356,0910
COLEÇÃO - BANCO DE IMAGENS\COLEÇÃO - 2021\091-0-CB11.jpg,091-0-CB11.jpg,92323,0910
COLEÇÃO - BANCO DE IMAGENS\COLEÇÃO - 2021\091-0-CB13.jpg,091-0-CB13.jpg,141251,0910
COLEÇÃO - BANCO DE IMAGENS\COLEÇÃO - 2021\091-0-CB15.JPG,091-0-CB15.JPG,124488,0910
COLEÇÃO - BANCO DE IMAGENS\COLEÇÃO - 2021\091-0-CB15_A.jpg,091-0-CB15_A.jpg,171288,0910
COLEÇÃO - BANCO DE IMAGENS\COLEÇÃO - 2021\091-0-CB15_B.jpg,091-0-CB15_B.jpg,444925,0910
COLEÇÃO - BANCO DE IMAGENS\COLEÇÃO - 2021\091-0-CB15_C.jpg,091-0-CB15_C.jpg,536481,0910
COLEÇÃO - BANCO DE IMAGENS\COLEÇÃO - 2021\091-0-CB15_D.jpg,091-0-CB15_D.jpg,143968,0910
COLEÇÃO - BANCO DE IMAGENS\COLEÇÃO - 2021\091-0-CB15_E.jpg,091-0-CB15_E.jpg,161957,0910
COLEÇÃO - BANCO DE IMAGENS\COLEÇÃO - 2021\091-0-CB17.jpg,091-0-CB17.jpg,176998,0910
COLEÇÃO - BANCO DE IMAGENS\COLEÇÃO - 2021\091-0-CB20.jpg,091-0-CB20.jpg,111184,0910
COLEÇÃO - BANCO DE IMAGENS\COLEÇÃO - 2021\091-0-CB21.jpg,091-0-CB21.jpg,263975,0910
COLEÇÃO - BANCO DE IMAGENS\COLEÇÃO - 2021\092-0-CB11.jpg,092-0-CB11.jpg,109208,0920
COLEÇÃO - BANCO DE IMAGENS\COLEÇÃO - 2021\092-0-CB13.jpg,092-0-CB13.jpg,105939,0920
COLEÇÃO - BANCO DE IMAGENS\COLEÇÃO - 2021\092-0-CB15.jpg,092-0-CB15.jpg,112705,0920
COLEÇÃO - BANCO DE IMAGENS\COLEÇÃO - 2021\092-0-CB19.jpg,092-0-CB19.jpg,151965,0920
COLEÇÃO - BANCO DE IMAGENS\COLEÇÃO - 2021\092-0-CB19_A.jpg,092-0-CB19_A.jpg,142285,0920
COLEÇÃO - BANCO DE IMAGENS\COLEÇÃO - 2021\092-0-CB19_B.jpg,092-0-CB19_B.jpg,391765,0920
COLEÇÃO - BANCO DE IMAGENS\COLEÇÃO - 2021\092-0-CB19_C.jpg,092-0-CB19_C.jpg,357758,0920
COLEÇÃO - BANCO DE IMAGENS\COLEÇÃO - 2021\092-0-CB19_D.jpg,092-0-CB19_D.jpg,147846,0920
COLEÇÃO - BANCO DE IMAGENS\COLEÇÃO - 2021\092-0-CB19_E.jpg,092-0-CB19_E.jpg,145893,0920
COLEÇÃO - BANCO DE IMAGENS\COLEÇÃO - 2021\092-0-CB22.jpg,092-0-CB22.jpg,116965,0920
COLEÇÃO - BANCO DE IMAGENS\COLEÇÃO - 2021\092-0-CB27.jpg,092-0-CB27.jpg,123300,0920
COLEÇÃO - BANCO DE IMAGENS\COLEÇÃO - 2021\092-0-CB29.jpg,092-0-CB29.jpg,115686,0920
COLEÇÃO - BANCO DE IMAGENS\COLEÇÃO - 2021\092-0-CB33.jpg,092-0-CB33.jpg,90511,0920
COLEÇÃO - BANCO DE IMAGENS\COLEÇÃO - 2021\092-0-CB38.jpg,092-0-CB38.jpg,114057,0920
COLEÇÃO - BANCO DE IMAGENS\COLEÇÃO - 2021\092-0-CB39.jpg,092-0-CB39.jpg,98487,0920
COLEÇÃO - BANCO DE IMAGENS\COLEÇÃO - 2021\092-0-CB40.jpg,092-0-CB40.jpg,176763,0920
COLEÇÃO - BANCO DE IMAGENS\COLEÇÃO - 2021\092-0-CB41.jpg,092-0-CB41.jpg,74857,0920
COLEÇÃO - BANCO DE IMAGENS\COLEÇÃO - 2021\160-1-CB11.JPG,160-1-CB11.JPG,66081,1601
COLEÇÃO - BANCO DE IMAGENS\COLEÇÃO - 2021\160-1-CB12.jpg,160-1-CB12.jpg,84183,1601
COLEÇÃO - BANCO DE IMAGENS\COLEÇÃO - 2021\160-1-CB12_A.jpg,160-1-CB12_A.jpg,381051,1601
COLEÇÃO - BANCO DE IMAGENS\COLEÇÃO - 2021\160-1-CB12_B.jpg,160-1-CB12_B.jpg,357215,1601
COLEÇÃO - BANCO DE IMAGENS\COLEÇÃO - 2021\160-1-CB12_C.jpg,160-1-CB12_C.jpg,339063,1601
COLEÇÃO - BANCO DE IMAGENS\COLEÇÃO - 2021\160-1-CB12_D.jpg,160-1-CB12_D.jpg,152753,1601
COLEÇÃO - BANCO DE IMAGENS\COLEÇÃO - 2021\160-1-CB12_E.jpg,160-1-CB12_E.jpg,137148,1601
COLEÇÃO - BANCO DE IMAGENS\COLEÇÃO - 2021\160-1-CB13.jpg,160-1-CB13.jpg,110483,1601
COLEÇÃO - BANCO DE IMAGENS\COLEÇÃO - 2021\160-1-CB20.jpg,160-1-CB20.jpg,131039,1601
COLEÇÃO - BANCO DE IMAGENS\COLEÇÃO - 2021\160-1-CB21.jpg,160-1-CB21.jpg,138423,1601
COLEÇÃO - COMPLEMENTO PAIS VERÃO 2025\CM110-2N3F_.jpg,CM110-2N3F_.jpg,278609,CM11
COLEÇÃO - COMPLEMENTO PAIS VERÃO 2025\CM110-3F2N.jpg,CM110-3F2N.jpg,273603,CM11
COLEÇÃO - COMPLEMENTO PAIS VERÃO 2025\CM110-3F2N_A.jpg,CM110-3F2N_A.jpg,196465,CM11
COLEÇÃO - COMPLEMENTO PAIS VERÃO 2025\CM110-3F2N_B.jpg,CM110-3F2N_B.jpg,123079,CM11
COLEÇÃO - COMPLEMENTO PAIS VERÃO 2025\CM111-10Q.jpg,CM111-10Q.jpg,256345,CM11
COLEÇÃO - COMPLEMENTO PAIS VERÃO 2025\CM111-3D.jpg,CM111-3D.jpg,268623,CM11
COLEÇÃO - COMPLEMENTO PAIS VERÃO 2025\CM111-3D_A.jpg,CM111-3D_A.jpg,309860,CM11
COLEÇÃO - COMPLEMENTO PAIS VERÃO 2025\CM111-3D_B.jpg,CM111-3D_B.jpg,164571,CM11
COLEÇÃO - COMPLEMENTO PAIS VERÃO 2025\CM111-3D_C.jpg,CM111-3D_C.jpg,151982,CM11
COLEÇÃO - COMPLEMENTO PAIS VERÃO 2025\CM111-3F.jpg,CM111-3F.jpg,236200,CM11
COLEÇÃO - DIA DO PAIS\CONTINUAVEIS\040-0-CB11.jpg,040-0-CB11.jpg,89258,0400
COLEÇÃO - DIA DO PAIS\CONTINUAVEIS\040-0-CB13.jpg,040-0-CB13.jpg,97932,0400
COLEÇÃO - DIA DO PAIS\CONTINUAVEIS\040-0-CB15.jpg,040-0-CB15.jpg,121780,0400
COLEÇÃO - DIA DO PAIS\CONTINUAVEIS\040-0-CB19.jpg,040-0-CB19.jpg,133807,0400
COLEÇÃO - DIA DO PAIS\CONTINUAVEIS\040-0-CB26.jpg,040-0-CB26.jpg,156008,0400
COLEÇÃO - DIA DO PAIS\CONTINUAVEIS\040-0-CB39.jpg,040-0-CB39.jpg,138165,0400
COLEÇÃO - DIA DO PAIS\CONTINUAVEIS\091-0-CB08.jpg,091-0-CB08.jpg,124356,0910
COLEÇÃO - DIA DO PAIS\CONTINUAVEIS\091-0-CB11.jpg,091-0-CB11.jpg,92323,0910
COLEÇÃO - DIA DO PAIS\CONTINUAVEIS\091-0-CB15.JPG,091-0-CB15.JPG,124488,0910
COLEÇÃO - DIA DO PAIS\CONTINUAVEIS\091-0-CB17.jpg,091-0-CB17.jpg,176998,0910
COLEÇÃO - DIA DO PAIS\CONTINUAVEIS\091-0-CB21.jpg,091-0-CB21.jpg,263975,0910
COLEÇÃO - DIA DO PAIS\CONTINUAVEIS\092-0-CB11.jpg,092-0-CB11.jpg,109208,0920
COLEÇÃO - DIA DO PAIS\CONTINUAVEIS\092-0-CB13.jpg,092-0-CB13.jpg,105939,0920
COLEÇÃO - DIA DO PAIS\CONTINUAVEIS\092-0-CB15.jpg,092-0-CB15.jpg,112705,0920
COLEÇÃO - DIA DO PAIS\CONTINUAVEIS\092-0-CB19.jpg,092-0-CB19.jpg,151965,0920
COLEÇÃO - DIA DO PAIS\CONTINUAVEIS\092-0-CB40.jpg,092-0-CB40.jpg,176763,0920
COLEÇÃO - DIA DO PAIS\CONTINUAVEIS\092-0-CB41.jpg,092-0-CB41.jpg,74857,0920
COLEÇÃO - DIA DO PAIS\CONTINUAVEIS\160-1-CB11.jpg,160-1-CB11.jpg,82200,1601
COLEÇÃO - DIA DO PAIS\CONTINUAVEIS\160-1-CB12.jpg,160-1-CB12.jpg,84183,1601
COLEÇÃO - DIA DO PAIS\CONTINUAVEIS\160-1-CB20.jpg,160-1-CB20.jpg,131039,1601
COLEÇÃO - DIA DO PAIS\CONTINUAVEIS\434-CB10.jpg,434-CB10.jpg,92819,434
COLEÇÃO - DIA DO PAIS\CONTINUAVEIS\434-CB12.jpg,434-CB12.jpg,83805,434
COLEÇÃO - DIA DO PAIS\CONTINUAVEIS\434-CB13.jpg,434-CB13.jpg,101340,434
COLEÇÃO - DIA DO PAIS\CONTINUAVEIS\434-CB15.jpg,434-CB15.jpg,127939,434
COLEÇÃO - DIA DO PAIS\CONTINUAVEIS\434-CB16.jpg,434-CB16.jpg,86531,434
COLEÇÃO - DIA DO PAIS\CONTINUAVEIS\451-1-CB10.jpg,451-1-CB10.jpg,84271,4511
COLEÇÃO - DIA DO PAIS\CONTINUAVEIS\451-1-CB12.jpg,451-1-CB12.jpg,93870,4511
COLEÇÃO - DIA DO PAIS\CONTINUAVEIS\451-1-CB13.jpg,451-1-CB13.jpg,113814,4511
COLEÇÃO - DIA DO PAIS\CONTINUAVEIS\CM11-CB30.jpg,CM11-CB30.jpg,86415,CM11
COLEÇÃO - DIA DO PAIS\CONTINUAVEIS\CM11-CB31.jpg,CM11-CB31.jpg,160059,CM11
COLEÇÃO - DIA DO PAIS\CONTINUAVEIS\CM11-CB36.jpg,CM11-CB36.jpg,91414,CM11
COLEÇÃO - DIA DO PAIS\CONTINUAVEIS\CM11-CB37.jpg,CM11-CB37.jpg,98677,CM11
COLEÇÃO - DIA DO PAIS\CONTINUAVEIS\CM40-CB05.jpg,CM40-CB05.jpg,79123,CM40
COLEÇÃO - DIA DO PAIS\CONTINUAVEIS\CM40-CB10.jpg,CM40-CB10.jpg,40971,CM40
COLEÇÃO - DIA DO PAIS\CONTINUAVEIS\CM83-CB01.jpg,CM83-CB01.jpg,183746,CM83
COLEÇÃO - DIA DO PAIS\CONTINUAVEIS\CM83-CB06.jpg,CM83-CB06.jpg,91612,CM83
COLEÇÃO - DIA DO PAIS\CONTINUAVEIS\CM83-CB07.jpg,CM83-CB07.jpg,88880,CM83
COLEÇÃO - DIA DO PAIS\CONTINUAVEIS\M126-CB01.jpg,M126-CB01.jpg,96138,M126
COLEÇÃO - DIA DO PAIS\CONTINUAVEIS\M126-CB03.jpg,M126-CB03.jpg,81309,M126
COLEÇÃO - DIA DO PAIS\CONTINUAVEIS\M126-CB04.jpg,M126-CB04.jpg,109641,M126
COLEÇÃO - DIA DO PAIS\NOVAS\040-0-CB41.jpg,040-0-CB41.jpg,31374,0400
COLEÇÃO - DIA DO PAIS\NOVAS\040-0-CB41_A.jpg,040-0-CB41_A.jpg,28436,0400
COLEÇÃO - DIA DO PAIS\NOVAS\040-0-CB41_B.jpg,040-0-CB41_B.jpg,82838,0400
COLEÇÃO - DIA DO PAIS\NOVAS\040-0-CB41_C.jpg,040-0-CB41_C.jpg,47341,0400
COLEÇÃO - DIA DO PAIS\NOVAS\040-0-CB41_D.jpg,040-0-CB41_D.jpg,40656,0400
COLEÇÃO - DIA DO PAIS\NOVAS\040-0-CB42.jpg,040-0-CB42.jpg,31076,0400
COLEÇÃO - DIA DO PAIS\NOVAS\092-0-CB42.jpg,092-0-CB42.jpg,33438,0920
COLEÇÃO - DIA DO PAIS\NOVAS\092-0-CB43.jpg,092-0-CB43.jpg,29968,0920
COLEÇÃO - DIA DO PAIS\NOVAS\092-0-CB44.jpg,092-0-CB44.jpg,29506,0920
COLEÇÃO - DIA DO PAIS\NOVAS\160-1-CB13.jpg,160-1-CB13.jpg,38661,1601
COLEÇÃO - DIA DO PAIS\NOVAS\160-1-CB20.jpg,160-1-CB20.jpg,38364,1601
COLEÇÃO - DIA DO PAIS\NOVAS\451-1-CB19.jpg,451-1-CB19.jpg,36301,4511
COLEÇÃO - DIA DO PAIS\NOVAS\451-1-CB20.jpg,451-1-CB20.jpg,37494,4511
COLEÇÃO - DIA DO PAIS\NOVAS\CM40-CB14.jpg,CM40-CB14.jpg,48387,CM40
COLEÇÃO - DIA DO PAIS\NOVAS\CM83-CB08.jpg,CM83-CB08.jpg,58977,CM83
COLEÇÃO - DIA DO PAIS\NOVAS\M126-CB11.jpg,M126-CB11.jpg,40813,M126
COLEÇÃO - DIA DO PAIS\NOVAS\M126-CB11_A.jpg,M126-CB11_A.jpg,37883,M126
COLEÇÃO - DIA DO PAIS\NOVAS\M126-CB11_B.jpg,M126-CB11_B.jpg,62152,M126
COLEÇÃO - DIA DO PAIS\NOVAS\M126-CB11_C.jpg,M126-CB11_C.jpg,63095,M126
COLEÇÃO - DIA DO PAIS\NOVAS\M126-CB11_D.jpg,M126-CB11_D.jpg,59260,M126
COLEÇÃO - DIA DO PAIS\NOVAS\M126-CB12.jpg,M126-CB12.jpg,34952,M126
COLEÇÃO - DIA DO PAIS\NOVAS\M217-CB01.jpg,M217-CB01.jpg,48816,M217
COLEÇÃO - DIA DO PAIS\NOVAS\M217-CB02.jpg,M217-CB02.jpg,41143,M217
COLEÇÃO - DIA DO PAIS\NOVAS\M217-CB02_A.jpg,M217-CB02_A.jpg,40227,M217
COLEÇÃO - DIA DO PAIS\NOVAS\M217-CB02_B.jpg,M217-CB02_B.jpg,92275,M217
COLEÇÃO - DIA DO PAIS\NOVAS\M217-CB02_C.jpg,M217-CB02_C.jpg,84028,M217
COLEÇÃO - DIA DO PAIS\NOVAS\M217-CB02_D.jpg,M217-CB02_D.jpg,55024,M217
COLEÇÃO - DIA DO PAIS\NOVAS\M217-CB03.jpg,M217-CB03.jpg,36963,M217
COLEÇÃO - DIA DO PAIS\NOVAS\M217-CB04.jpg,M217-CB04.jpg,37539,M217
COLEÇÃO - DIA DO PAIS\NOVAS\M217-CB05.jpg,M217-CB05.jpg,47239,M217
COLEÇÃO - INVERNO - 24\21362-9M1Y.jpg,21362-9M1Y.jpg,259503,2136
COLEÇÃO - INVERNO - 24\21362-9M1Y_B copiar.jpg,21362-9M1Y_B copiar.jpg,170321,2136
COLEÇÃO - INVERNO - 24\21362-9M1Y_C copiar.jpg,21362-9M1Y_C copiar.jpg,147354,2136
COLEÇÃO - INVERNO - 24\21362-9M1Y_D copiar.jpg,21362-9M1Y_D copiar.jpg,63354,2136
COLEÇÃO - INVERNO - 24\21362-9M1Y_E copiar.jpg,21362-9M1Y_E copiar.jpg,175660,2136
COLEÇÃO - INVERNO - 24\26332-1K.jpg,26332-1K.jpg,292902,26332
COLEÇÃO - INVERNO - 24\CF1863-1I.jpg,CF1863-1I.jpg,153785,CF186
COLEÇÃO - INVERNO - 24\CF1863-1K.jpg,CF1863-1K.jpg,132735,CF186
COLEÇÃO - INVERNO - 24\CF1863-1K_A.jpg,CF1863-1K_A.jpg,301831,CF186
COLEÇÃO - INVERNO - 24\CF1863-2D.jpg,CF1863-2D.jpg,137234,CF186
COLEÇÃO - INVERNO - 24\CF1864-1A.jpg,CF1864-1A.jpg,146068,CF186
COLEÇÃO - INVERNO - 24\CF1864-1I.jpg,CF1864-1I.jpg,141427,CF186
COLEÇÃO - INVERNO - 24\CF1864-1K.jpg,CF1864-1K.jpg,133100,CF186
COLEÇÃO - INVERNO - 24\CF1864-1K_A.jpg,CF1864-1K_A.jpg,258836,CF186
COLEÇÃO - INVERNO - 24\CF1864-2G.jpg,CF1864-2G.jpg,152876,CF186
COLEÇÃO - INVERNO - 24\CM832-3B.jpg,CM832-3B.jpg,83294,CM83
COLEÇÃO - INVERNO - 24\CM832-3B_A.jpg,CM832-3B_A.jpg,118954,CM83
COLEÇÃO - INVERNO - 24\CM832-3G.jpg,CM832-3G.jpg,84273,CM83
COLEÇÃO - INVERNO - 24\CM97-8U9Q.jpg,CM97-8U9Q.jpg,165768,CM97
COLEÇÃO - INVERNO - 24\CM97-8V9R.jpg,CM97-8V9R.jpg,156210,CM97
COLEÇÃO - INVERNO - 24\MEDIDAS -\3151-9F9G.jpg,3151-9F9G.jpg,123535,3151
COLEÇÃO - INVERNO - 24\MEDIDAS -\3151-9H1M.jpg,3151-9H1M.jpg,118342,3151
COLEÇÃO - INVERNO - 24\MEDIDAS -\3151-9I2D.jpg,3151-9I2D.jpg,277547,3151
COLEÇÃO - INVERNO - 24\MEDIDAS -\3151-9J1I.jpg,3151-9J1I.jpg,291618,3151
COLEÇÃO - INVERNO - 24\MEDIDAS -\3151-9K2G.jpg,3151-9K2G.jpg,213560,3151
COLEÇÃO - INVERNO 2026\CAPAS\30362 - CHOCOLATE.jpg,30362 - CHOCOLATE.jpg,278446,30362
COLEÇÃO - INVERNO 2026\CAPAS\30362 - PRETO.jpg,30362 - PRETO.jpg,247581,30362
COLEÇÃO - INVERNO 2026\CAPAS\30362-13M1Y.jpg,30362-13M1Y.jpg,274792,30362
COLEÇÃO - INVERNO 2026\DETALHES\30362-13M1Y_A.jpg,30362-13M1Y_A.jpg,278451,30362
COLEÇÃO - INVERNO 2026\DETALHES\30362-13M1Y_B.jpg,30362-13M1Y_B.jpg,292951,30362
COLEÇÃO - INVERNO 2026\DETALHES\30362-13M1Y_C.jpg,30362-13M1Y_C.jpg,237778,30362
COLEÇÃO - INVERNO 2026\DETALHES\30362-13M1Y_D.jpg,30362-13M1Y_D.jpg,278082,30362
COLEÇÃO - INVERNO 2026\DETALHES\30362-13M1Y_E.jpg,30362-13M1Y_E.jpg,264698,30362
COLEÇÃO - INVERNO 25\3421-11L.jpg,3421-11L.jpg,131927,3421
COLEÇÃO - INVERNO 25\3421-11M.jpg,3421-11M.jpg,129031,3421
COLEÇÃO - INVERNO 25\3421-11M_B.jpg,3421-11M_B.jpg,142520,3421
COLEÇÃO - INVERNO 25\3421-11M_C.jpg,3421-11M_C.jpg,267613,3421
COLEÇÃO - INVERNO 25\3421-11M_D.jpg,3421-11M_D.jpg,89067,3421
COLEÇÃO - INVERNO 25\3421-11M_E.jpg,3421-11M_E.jpg,161315,3421
COLEÇÃO - INVERNO 25\3421-11N.jpg,3421-11N.jpg,132248,3421
COLEÇÃO - INVERNO 25\CF134-10D.jpg,CF134-10D.jpg,172590,CF134
COLEÇÃO - INVERNO 25\CF134-11Z.jpg,CF134-11Z.jpg,195347,CF134
COLEÇÃO - INVERNO 25\CF134-12B.jpg,CF134-12B.jpg,177576,CF134
COLEÇÃO - INVERNO 25\CF134-6N.jpg,CF134-6N.jpg,112712,CF134
COLEÇÃO - INVERNO 25\CF134-9O.jpg,CF134-9O.jpg,237471,CF134
COLEÇÃO - INVERNO 25\CF165-10D.jpg,CF165-10D.jpg,153381,CF165
COLEÇÃO - INVERNO 25\CF165-11Z.jpg,CF165-11Z.jpg,6232,CF165
COLEÇÃO - INVERNO 25\CF165-12B.jpg,CF165-12B.jpg,6638,CF165
COLEÇÃO - INVERNO 25\CF165-5I.jpg,CF165-5I.jpg,7025,CF165
COLEÇÃO - INVERNO 25\CF165-6N.jpg,CF165-6N.jpg,7087,CF165
COLEÇÃO - INVERNO 25\CF166-11Z.jpg,CF166-11Z.jpg,6792,CF166
COLEÇÃO - INVERNO 25\CF166-12B.jpg,CF166-12B.jpg,6588,CF166
COLEÇÃO - INVERNO 25\CF166-5I.jpg,CF166-5I.jpg,8696,CF166
COLEÇÃO - INVERNO 25\CF166-9O.jpg,CF166-9O.jpg,7046,CF166
COLEÇÃO - INVERNO 25\CF176-11Z.jpg,CF176-11Z.jpg,137896,CF176
COLEÇÃO - INVERNO 25\CF176-12B.jpg,CF176-12B.jpg,112351,CF176
COLEÇÃO - INVERNO 25\CF176-5I.jpg,CF176-5I.jpg,197189,CF176
COLEÇÃO - INVERNO 25\CF176-6N.jpg,CF176-6N.jpg,172158,CF176
COLEÇÃO - INVERNO 25\CF176-9O.jpg,CF176-9O.jpg,156765,CF176
COLEÇÃO - INVERNO 25\CF186-11Z.jpg,CF186-11Z.jpg,141548,CF186
COLEÇÃO - INVERNO 25\CF186-12B.jpg,CF186-12B.jpg,137981,CF186
COLEÇÃO - INVERNO 25\CF186-6N.jpg,CF186-6N.jpg,219050,CF186
COLEÇÃO - INVERNO 25\CF186-9O.jpg,CF186-9O.jpg,171245,CF186
COLEÇÃO - INVERNO 25\CF195-10D.jpg,CF195-10D.jpg,5518,CF195
COLEÇÃO - INVERNO 25\CF195-11Z.jpg,CF195-11Z.jpg,5460,CF195
COLEÇÃO - INVERNO 25\CF195-12B.jpg,CF195-12B.jpg,5250,CF195
COLEÇÃO - INVERNO 25\CF195-9O.jpg,CF195-9O.jpg,5702,CF195
COLEÇÃO - INVERNO 25\CF204-10D.jpg,CF204-10D.jpg,100847,CF204
COLEÇÃO - INVERNO 25\CF204-11Z.jpg,CF204-11Z.jpg,90201,CF204
COLEÇÃO - INVERNO 25\CF204-12B.jpg,CF204-12B.jpg,78139,CF204
COLEÇÃO - INVERNO 25\CF204-1A.jpg,CF204-1A.jpg,94259,CF204
COLEÇÃO - INVERNO 25\CF204-1I.jpg,CF204-1I.jpg,100463,CF204
COLEÇÃO - INVERNO 25\CF204-1K.jpg,CF204-1K.jpg,100845,CF204
COLEÇÃO - INVERNO 25\CF204-5I.jpg,CF204-5I.jpg,119286,CF204
COLEÇÃO - INVERNO 25\CF204-6N.jpg,CF204-6N.jpg,87095,CF204
COLEÇÃO - INVERNO 25\CF204-9O.jpg,CF204-9O.jpg,39989,CF204
COLEÇÃO - INVERNO 25\CM113-2N.jpg,CM113-2N.jpg,346805,CM11
COLEÇÃO - INVERNO 25\CM113-3F.jpg,CM113-3F.jpg,346967,CM11
COLEÇÃO - INVERNO 25\CM114-2N.jpg,CM114-2N.jpg,348628,CM11
COLEÇÃO - INVERNO 25\CM114-3F.jpg,CM114-3F.jpg,368171,CM11
COLEÇÃO - INVERNO 25\CM115-2N.jpg,CM115-2N.jpg,329474,CM1152N
COLEÇÃO - INVERNO 25\CM115-3F.jpg,CM115-3F.jpg,364012,CM1153F
COLEÇÃO - INVERNO 25\CAPAS\3421-11L.jpg,3421-11L.jpg,159712,3421
COLEÇÃO - INVERNO 25\CAPAS\3421-11M.jpg,3421-11M.jpg,160805,3421
COLEÇÃO - INVERNO 25\CAPAS\3421-11N.jpg,3421-11N.jpg,160369,3421
COLEÇÃO - INVERNO 25\CAPAS\CF134-11Z.jpg,CF134-11Z.jpg,207876,CF134
COLEÇÃO - INVERNO 25\CAPAS\CF134-12B.jpg,CF134-12B.jpg,187588,CF134
COLEÇÃO - INVERNO 25\CAPAS\CF134-6N.jpg,CF134-6N.jpg,112712,CF134
COLEÇÃO - INVERNO 25\CAPAS\CF134-9O.jpg,CF134-9O.jpg,254152,CF134
COLEÇÃO - INVERNO 25\CAPAS\CF165-11Z.jpg,CF165-11Z.jpg,6232,CF165
COLEÇÃO - INVERNO 25\CAPAS\CF165-12B.jpg,CF165-12B.jpg,6638,CF165
COLEÇÃO - INVERNO 25\CAPAS\CF165-5I.jpg,CF165-5I.jpg,7025,CF165
COLEÇÃO - INVERNO 25\CAPAS\CF165-6N.jpg,CF165-6N.jpg,7087,CF165
COLEÇÃO - INVERNO 25\CAPAS\CF166-11Z.jpg,CF166-11Z.jpg,6792,CF166
COLEÇÃO - INVERNO 25\CAPAS\CF166-12B.jpg,CF166-12B.jpg,6588,CF166
COLEÇÃO - INVERNO 25\CAPAS\CF166-5I.jpg,CF166-5I.jpg,8696,CF166
COLEÇÃO - INVERNO 25\CAPAS\CF166-9O.jpg,CF166-9O.jpg,7046,CF166
COLEÇÃO - INVERNO 25\CAPAS\CF176-11Z.jpg,CF176-11Z.jpg,201698,CF176
COLEÇÃO - INVERNO 25\CAPAS\CF176-12B.jpg,CF176-12B.jpg,174212,CF176
COLEÇÃO - INVERNO 25\CAPAS\CF176-5I.jpg,CF176-5I.jpg,266967,CF176
COLEÇÃO - INVERNO 25\CAPAS\CF176-6N.jpg,CF176-6N.jpg,239738,CF176
COLEÇÃO - INVERNO 25\CAPAS\CF176-9O.jpg,CF176-9O.jpg,223202,CF176
COLEÇÃO - INVERNO 25\CAPAS\CF186-11Z.jpg,CF186-11Z.jpg,204782,CF186
COLEÇÃO - INVERNO 25\CAPAS\CF186-12B.jpg,CF186-12B.jpg,198558,CF186
COLEÇÃO - INVERNO 25\CAPAS\CF186-6N.jpg,CF186-6N.jpg,291730,CF186
COLEÇÃO - INVERNO 25\CAPAS\CF186-9O.jpg,CF186-9O.jpg,234224,CF186
COLEÇÃO - INVERNO 25\CAPAS\CF195-10D.jpg,CF195-10D.jpg,5518,CF195
COLEÇÃO - INVERNO 25\CAPAS\CF195-11Z.jpg,CF195-11Z.jpg,5460,CF195
COLEÇÃO - INVERNO 25\CAPAS\CF195-12B.jpg,CF195-12B.jpg,5250,CF195
COLEÇÃO - INVERNO 25\CAPAS\CF195-9O.jpg,CF195-9O.jpg,5702,CF195
COLEÇÃO - INVERNO 25\CAPAS\CF204-10D.jpg,CF204-10D.jpg,100847,CF204
COLEÇÃO - INVERNO 25\CAPAS\CF204-11Z.jpg,CF204-11Z.jpg,90201,CF204
COLEÇÃO - INVERNO 25\CAPAS\CF204-12B.jpg,CF204-12B.jpg,78139,CF204
COLEÇÃO - INVERNO 25\CAPAS\CF204-1A.jpg,CF204-1A.jpg,94259,CF204
COLEÇÃO - INVERNO 25\CAPAS\CF204-1I.jpg,CF204-1I.jpg,100463,CF204
COLEÇÃO - INVERNO 25\CAPAS\CF204-1K.jpg,CF204-1K.jpg,100845,CF204
COLEÇÃO - INVERNO 25\CAPAS\CF204-5I.jpg,CF204-5I.jpg,119286,CF204
COLEÇÃO - INVERNO 25\CAPAS\CF204-6N.jpg,CF204-6N.jpg,87095,CF204
COLEÇÃO - INVERNO 25\CAPAS\CF204-9O.jpg,CF204-9O.jpg,39989,CF204
COLEÇÃO - INVERNO 25\CAPAS\CM113-2N.jpg,CM113-2N.jpg,364894,CM11
COLEÇÃO - INVERNO 25\CAPAS\CM113-3F.jpg,CM113-3F.jpg,364454,CM11
COLEÇÃO - INVERNO 25\CAPAS\CM114-2N.jpg,CM114-2N.jpg,362622,CM11
COLEÇÃO - INVERNO 25\CAPAS\CM114-3F.jpg,CM114-3F.jpg,383825,CM11
COLEÇÃO - INVERNO 25\CAPAS\CM115-2N.jpg,CM115-2N.jpg,344552,CM1152N
COLEÇÃO - INVERNO 25\CAPAS\CM115-3F.jpg,CM115-3F.jpg,380164,CM1153F
COLEÇÃO - INVERNO 25\DETALHES\3421-11M_B.jpg,3421-11M_B.jpg,142520,3421
COLEÇÃO - INVERNO 25\DETALHES\3421-11M_C.jpg,3421-11M_C.jpg,288309,3421
COLEÇÃO - INVERNO 25\DETALHES\3421-11M_D.jpg,3421-11M_D.jpg,89067,3421
COLEÇÃO - INVERNO 25\DETALHES\3421-11M_E.jpg,3421-11M_E.jpg,175429,3421
COLEÇÃO - INVERNO COMPLEMENTAR 2022\CINTOS\CF134-1K.jpg,CF134-1K.jpg,391840,CF134
COLEÇÃO - INVERNO COMPLEMENTAR 2022\CINTOS\CF134-1O.jpg,CF134-1O.jpg,499572,CF134
COLEÇÃO - INVERNO COMPLEMENTAR 2022\CINTOS\CF134-1U.jpg,CF134-1U.jpg,361418,CF134
COLEÇÃO - INVERNO COMPLEMENTAR 2022\CINTOS\CF134-2A.jpg,CF134-2A.jpg,363083,CF134
COLEÇÃO - INVERNO COMPLEMENTAR 2022\CINTOS\CF134-2F.jpg,CF134-2F.jpg,368774,CF134
COLEÇÃO - INVERNO COMPLEMENTAR 2022\CINTOS\CF134-2M.jpg,CF134-2M.jpg,491420,CF134
COLEÇÃO - INVERNO COMPLEMENTAR 2022\CINTOS\CF165-1E.jpg,CF165-1E.jpg,272880,CF165
COLEÇÃO - INVERNO COMPLEMENTAR 2022\CINTOS\CF165-1G.jpg,CF165-1G.jpg,233621,CF165
COLEÇÃO - INVERNO COMPLEMENTAR 2022\CINTOS\CF165-1K.jpg,CF165-1K.jpg,234405,CF165
COLEÇÃO - INVERNO COMPLEMENTAR 2022\CINTOS\CF165-1V.jpg,CF165-1V.jpg,212841,CF165
COLEÇÃO - INVERNO COMPLEMENTAR 2022\CINTOS\CF165-2A.jpg,CF165-2A.jpg,218835,CF165
COLEÇÃO - INVERNO COMPLEMENTAR 2022\CINTOS\CF165-2F.jpg,CF165-2F.jpg,226977,CF165
COLEÇÃO - INVERNO COMPLEMENTAR 2022\CINTOS\CF165-2S.jpg,CF165-2S.jpg,226835,CF165
COLEÇÃO - INVERNO COMPLEMENTAR 2022\CINTOS\CF166-1E.jpg,CF166-1E.jpg,275923,CF166
COLEÇÃO - INVERNO COMPLEMENTAR 2022\CINTOS\CF166-1G.jpg,CF166-1G.jpg,253186,CF166
COLEÇÃO - INVERNO COMPLEMENTAR 2022\CINTOS\CF166-1K.jpg,CF166-1K.jpg,245466,CF166
COLEÇÃO - INVERNO COMPLEMENTAR 2022\CINTOS\CF166-1V.jpg,CF166-1V.jpg,225629,CF166
COLEÇÃO - INVERNO COMPLEMENTAR 2022\CINTOS\CF166-2A.jpg,CF166-2A.jpg,241007,CF166
COLEÇÃO - INVERNO COMPLEMENTAR 2022\CINTOS\CF166-2F.jpg,CF166-2F.jpg,233158,CF166
COLEÇÃO - INVERNO COMPLEMENTAR 2022\CINTOS\CF166-2S.jpg,CF166-2S.jpg,231229,CF166
COLEÇÃO - INVERNO COMPLEMENTAR 2022\CINTOS\CF176-1E.jpg,CF176-1E.jpg,304221,CF176
COLEÇÃO - INVERNO COMPLEMENTAR 2022\CINTOS\CF176-1G.jpg,CF176-1G.jpg,268185,CF176
COLEÇÃO - INVERNO COMPLEMENTAR 2022\CINTOS\CF176-1K.jpg,CF176-1K.jpg,169834,CF176
COLEÇÃO - INVERNO COMPLEMENTAR 2022\CINTOS\CF176-1V.jpg,CF176-1V.jpg,235927,CF176
COLEÇÃO - INVERNO COMPLEMENTAR 2022\CINTOS\CF176-2A.jpg,CF176-2A.jpg,256844,CF176
COLEÇÃO - INVERNO COMPLEMENTAR 2022\CINTOS\CF176-2F.jpg,CF176-2F.jpg,243554,CF176
COLEÇÃO - INVERNO COMPLEMENTAR 2022\CINTOS\CF176-2S.jpg,CF176-2S.jpg,252521,CF176
COLEÇÃO - PRE FALL - 2023\040-0-1I.jpg,040-0-1I.jpg,418293,0400
COLEÇÃO - PRE FALL - 2023\040-0-2A.jpg,040-0-2A.jpg,320075,04002A
COLEÇÃO - PRE FALL - 2023\040-0-2N.jpg,040-0-2N.jpg,122949,04002N
COLEÇÃO - PRE FALL - 2023\040-0-2N_A.jpg,040-0-2N_A.jpg,86647,04002N
COLEÇÃO - PRE FALL - 2023\040-0-2N_B.jpg,040-0-2N_B.jpg,133129,04002N
COLEÇÃO - PRE FALL - 2023\040-0-2N_C.jpg,040-0-2N_C.jpg,144710,04002N
COLEÇÃO - PRE FALL - 2023\040-0-2N_D.jpg,040-0-2N_D.jpg,109093,04002N
COLEÇÃO - PRE FALL - 2023\040-0-2W.jpg,040-0-2W.jpg,368176,04002W
COLEÇÃO - PRE FALL - 2023\091-0-1I.jpg,091-0-1I.jpg,349648,09101I
COLEÇÃO - PRE FALL - 2023\091-0-2A.jpg,091-0-2A.jpg,312653,09102A
COLEÇÃO - PRE FALL - 2023\091-0-2W.jpg,091-0-2W.jpg,316630,09102W
COLEÇÃO - PRE FALL - 2023\091-0-3B.jpg,091-0-3B.jpg,120909,0910
COLEÇÃO - PRE FALL - 2023\091-0-3B_A.jpg,091-0-3B_A.jpg,110181,0910
COLEÇÃO - PRE FALL - 2023\091-0-3B_B.jpg,091-0-3B_B.jpg,127118,0910
COLEÇÃO - PRE FALL - 2023\091-0-3B_C.jpg,091-0-3B_C.jpg,128362,0910
COLEÇÃO - PRE FALL - 2023\091-0-3B_D.jpg,091-0-3B_D.jpg,110785,0910
COLEÇÃO - PRE FALL - 2023\092-0-2A.jpg,092-0-2A.jpg,368202,09202A
COLEÇÃO - PRE FALL - 2023\092-0-2N.jpg,092-0-2N.jpg,506600,09202N
COLEÇÃO - PRE FALL - 2023\092-0-2W.jpg,092-0-2W.jpg,466324,09202W
COLEÇÃO - PRE FALL - 2023\092-0-3D.jpg,092-0-3D.jpg,149603,0920
COLEÇÃO - PRE FALL - 2023\092-0-3D_A.jpg,092-0-3D_A.jpg,88593,0920
COLEÇÃO - PRE FALL - 2023\092-0-3D_B.jpg,092-0-3D_B.jpg,111976,0920
COLEÇÃO - PRE FALL - 2023\092-0-3D_C.jpg,092-0-3D_C.jpg,118041,0920
COLEÇÃO - PRE FALL - 2023\092-0-3D_D.jpg,092-0-3D_D.jpg,119524,0920
COLEÇÃO - PRE FALL - 2023\092-0-3F.jpg,092-0-3F.jpg,426759,0920
COLEÇÃO - PRE FALL - 2023\160-1-2A.jpg,160-1-2A.jpg,91495,16012A
COLEÇÃO - PRE FALL - 2023\160-1-2A_A.jpg,160-1-2A_A.jpg,73844,16012A
COLEÇÃO - PRE FALL - 2023\160-1-2A_B.jpg,160-1-2A_B.jpg,90025,16012A
COLEÇÃO - PRE FALL - 2023\160-1-2A_C.jpg,160-1-2A_C.jpg,96537,16012A
COLEÇÃO - PRE FALL - 2023\160-1-2A_D.jpg,160-1-2A_D.jpg,115648,16012A
COLEÇÃO - PRE FALL - 2023\160-1-2W.jpg,160-1-2W.jpg,449107,16012W
COLEÇÃO - PRE FALL - 2023\17512-1I.jpg,17512-1I.jpg,479736,17512
COLEÇÃO - PRE FALL - 2023\17512-1K.jpg,17512-1K.jpg,411901,17512
COLEÇÃO - PRE FALL - 2023\17512-1K_A.jpg,17512-1K_A.jpg,226253,17512
COLEÇÃO - PRE FALL - 2023\17512-1K_B.jpg,17512-1K_B.jpg,441846,17512
COLEÇÃO - PRE FALL - 2023\17512-1K_C.jpg,17512-1K_C.jpg,477627,17512
COLEÇÃO - PRE FALL - 2023\17512-1K_D.jpg,17512-1K_D.jpg,488448,17512
COLEÇÃO - PRE FALL - 2023\17512-1K_E.jpg,17512-1K_E.jpg,349748,17512
COLEÇÃO - PRE FALL - 2023\17512-1M.jpg,17512-1M.jpg,491516,17512
COLEÇÃO - PRE FALL - 2023\17512-2D.jpg,17512-2D.jpg,464121,17512
COLEÇÃO - PRE FALL - 2023\17512-2G.jpg,17512-2G.jpg,389324,17512
COLEÇÃO - PRE FALL - 2023\2136-2M1K.jpg,2136-2M1K.jpg,513087,2136
COLEÇÃO - PRE FALL - 2023\2136-3G.jpg,2136-3G.jpg,355709,2136
COLEÇÃO - PRE FALL - 2023\2136-6X.jpg,2136-6X.jpg,408908,2136
COLEÇÃO - PRE FALL - 2023\2136-6X_A.jpg,2136-6X_A.jpg,163475,2136
COLEÇÃO - PRE FALL - 2023\2136-6X_B.jpg,2136-6X_B.jpg,193962,2136
COLEÇÃO - PRE FALL - 2023\2136-6X_C.jpg,2136-6X_C.jpg,162212,2136
COLEÇÃO - PRE FALL - 2023\2136-6X_D.jpg,2136-6X_D.jpg,302252,2136
COLEÇÃO - PRE FALL - 2023\2136-6X_E.jpg,2136-6X_E.jpg,176459,2136
COLEÇÃO - PRE FALL - 2023\2136-7S.jpg,2136-7S.jpg,375973,2136
COLEÇÃO - PRE FALL - 2023\2136-7T.jpg,2136-7T.jpg,383466,2136
COLEÇÃO - PRE FALL - 2023\2136-7U.jpg,2136-7U.jpg,356692,2136
COLEÇÃO - PRE FALL - 2023\2150-1I1Z.jpg,2150-1I1Z.jpg,380305,2150
COLEÇÃO - PRE FALL - 2023\2150-1K7V.jpg,2150-1K7V.jpg,464910,2150
COLEÇÃO - PRE FALL - 2023\2150-1K7V_A.jpg,2150-1K7V_A.jpg,267760,2150
COLEÇÃO - PRE FALL - 2023\2150-1K7V_B.jpg,2150-1K7V_B.jpg,349891,2150
COLEÇÃO - PRE FALL - 2023\2150-1K7V_C.jpg,2150-1K7V_C.jpg,358641,2150
COLEÇÃO - PRE FALL - 2023\2150-1K7V_D.jpg,2150-1K7V_D.jpg,535961,2150
COLEÇÃO - PRE FALL - 2023\2150-1K7V_E.jpg,2150-1K7V_E.jpg,367293,2150
COLEÇÃO - PRE FALL - 2023\2150-2G1U.jpg,2150-2G1U.jpg,281462,2150
COLEÇÃO - PRE FALL - 2023\2150-7O7R.jpg,2150-7O7R.jpg,404261,2150
COLEÇÃO - PRE FALL - 2023\2150-7P7Q.jpg,2150-7P7Q.jpg,414339,2150
COLEÇÃO - PRE FALL - 2023\26332-1A.jpg,26332-1A.jpg,441270,26332
COLEÇÃO - PRE FALL - 2023\26332-3G.jpg,26332-3G.jpg,400724,26332
COLEÇÃO - PRE FALL - 2023\26332-6X.jpg,26332-6X.jpg,467122,26332
COLEÇÃO - PRE FALL - 2023\26332-7S.jpg,26332-7S.jpg,428142,26332
COLEÇÃO - PRE FALL - 2023\26332-7T.jpg,26332-7T.jpg,407687,26332
COLEÇÃO - PRE FALL - 2023\26332-7T_A.jpg,26332-7T_A.jpg,236897,26332
COLEÇÃO - PRE FALL - 2023\26332-7T_B.jpg,26332-7T_B.jpg,338850,26332
COLEÇÃO - PRE FALL - 2023\26332-7T_C.jpg,26332-7T_C.jpg,334016,26332
COLEÇÃO - PRE FALL - 2023\26332-7T_D.jpg,26332-7T_D.jpg,519950,26332
COLEÇÃO - PRE FALL - 2023\26332-7T_E.jpg,26332-7T_E.jpg,249058,26332
COLEÇÃO - PRE FALL - 2023\26332-7U.jpg,26332-7U.jpg,464256,26332
COLEÇÃO - PRE FALL - 2023\28462-1A.jpg,28462-1A.jpg,1306831,28462
COLEÇÃO - PRE FALL - 2023\28462-1I.jpg,28462-1I.jpg,471889,28462
COLEÇÃO - PRE FALL - 2023\28462-1I3R.jpg,28462-1I3R.jpg,615242,28462
COLEÇÃO - PRE FALL - 2023\28462-1K.jpg,28462-1K.jpg,507212,28462
COLEÇÃO - PRE FALL - 2023\28462-1K2M.jpg,28462-1K2M.jpg,574317,28462
COLEÇÃO - PRE FALL - 2023\28462-2D.jpg,28462-2D.jpg,509572,28462
COLEÇÃO - PRE FALL - 2023\28462-7O.jpg,28462-7O.jpg,472420,28462
COLEÇÃO - PRE FALL - 2023\28462-7O_A.jpg,28462-7O_A.jpg,182569,28462
COLEÇÃO - PRE FALL - 2023\28462-7O_B.jpg,28462-7O_B.jpg,543771,28462
COLEÇÃO - PRE FALL - 2023\28462-7O_C.jpg,28462-7O_C.jpg,540962,28462
COLEÇÃO - PRE FALL - 2023\28462-7O_D.jpg,28462-7O_D.jpg,592584,28462
COLEÇÃO - PRE FALL - 2023\28462-7O_E.jpg,28462-7O_E.jpg,314692,28462
COLEÇÃO - PRE FALL - 2023\2870-3G.jpg,2870-3G.jpg,358343,2870
COLEÇÃO - PRE FALL - 2023\2870-6X.jpg,2870-6X.jpg,400519,2870
COLEÇÃO - PRE FALL - 2023\2870-7S.jpg,2870-7S.jpg,335700,2870
COLEÇÃO - PRE FALL - 2023\2870-7S_A.jpg,2870-7S_A.jpg,154420,2870
COLEÇÃO - PRE FALL - 2023\2870-7S_B.jpg,2870-7S_B.jpg,417816,2870
COLEÇÃO - PRE FALL - 2023\2870-7S_C.jpg,2870-7S_C.jpg,471259,2870
COLEÇÃO - PRE FALL - 2023\2870-7S_D.jpg,2870-7S_D.jpg,342666,2870
COLEÇÃO - PRE FALL - 2023\2870-7S_E.jpg,2870-7S_E.jpg,342715,2870
COLEÇÃO - PRE FALL - 2023\2870-7T.jpg,2870-7T.jpg,337902,2870
COLEÇÃO - PRE FALL - 2023\2870-7U.jpg,2870-7U.jpg,345451,2870
COLEÇÃO - PRE FALL - 2023\3036-2U2O.jpg,3036-2U2O.jpg,224194,30362
COLEÇÃO - PRE FALL - 2023\30362-1I.jpg,30362-1I.jpg,280393,30362
COLEÇÃO - PRE FALL - 2023\30362-1I_B.jpg,30362-1I_B.jpg,378483,30362
COLEÇÃO - PRE FALL - 2023\30362-1I_C.jpg,30362-1I_C.jpg,332371,30362
COLEÇÃO - PRE FALL - 2023\30362-1I_D.jpg,30362-1I_D.jpg,618821,30362
COLEÇÃO - PRE FALL - 2023\30362-1I_E.jpg,30362-1I_E.jpg,177718,30362
COLEÇÃO - PRE FALL - 2023\30362-1K.jpg,30362-1K.jpg,283832,30362
COLEÇÃO - PRE FALL - 2023\30362-1K_B.jpg,30362-1K_B.jpg,287501,30362
COLEÇÃO - PRE FALL - 2023\30362-1K_C.jpg,30362-1K_C.jpg,277540,30362
COLEÇÃO - PRE FALL - 2023\30362-1K_D.jpg,30362-1K_D.jpg,568843,30362
COLEÇÃO - PRE FALL - 2023\30362-1K_E.jpg,30362-1K_E.jpg,203422,30362
COLEÇÃO - PRE FALL - 2023\30362-1U.jpg,30362-1U.jpg,237781,30362
COLEÇÃO - PRE FALL - 2023\30362-1U_B.jpg,30362-1U_B.jpg,249306,30362
COLEÇÃO - PRE FALL - 2023\30362-1U_C.jpg,30362-1U_C.jpg,224429,30362
COLEÇÃO - PRE FALL - 2023\30362-1U_D.jpg,30362-1U_D.jpg,494601,30362
COLEÇÃO - PRE FALL - 2023\30362-1U_E.jpg,30362-1U_E.jpg,172943,30362
COLEÇÃO - PRE FALL - 2023\30362-1Z.jpg,30362-1Z.jpg,323592,30362
COLEÇÃO - PRE FALL - 2023\30362-1Z_E.jpg,30362-1Z_E.jpg,191710,30362
COLEÇÃO - PRE FALL - 2023\30362-7O.jpg,30362-7O.jpg,292478,30362
COLEÇÃO - PRE FALL - 2023\30362-7O_B.jpg,30362-7O_B.jpg,303802,30362
COLEÇÃO - PRE FALL - 2023\30362-7O_C.jpg,30362-7O_C.jpg,300842,30362
COLEÇÃO - PRE FALL - 2023\30362-7O_D.jpg,30362-7O_D.jpg,645262,30362
COLEÇÃO - PRE FALL - 2023\30362-7O_E.jpg,30362-7O_E.jpg,203389,30362
COLEÇÃO - PRE FALL - 2023\30362-7P.jpg,30362-7P.jpg,309916,30362
COLEÇÃO - PRE FALL - 2023\30362-7P_A.jpg,30362-7P_A.jpg,275435,30362
COLEÇÃO - PRE FALL - 2023\30362-7P_B.jpg,30362-7P_B.jpg,249248,30362
COLEÇÃO - PRE FALL - 2023\30362-7P_C.jpg,30362-7P_C.jpg,251230,30362
COLEÇÃO - PRE FALL - 2023\30362-7P_D.jpg,30362-7P_D.jpg,700714,30362
COLEÇÃO - PRE FALL - 2023\30362-7P_E.jpg,30362-7P_E.jpg,191273,30362
COLEÇÃO - PRE FALL - 2023\434-1I.jpg,434-1I.jpg,105701,434
COLEÇÃO - PRE FALL - 2023\434-1I_A.jpg,434-1I_A.jpg,90517,434
COLEÇÃO - PRE FALL - 2023\434-1I_B.jpg,434-1I_B.jpg,99809,434
COLEÇÃO - PRE FALL - 2023\434-1I_C.jpg,434-1I_C.jpg,126789,434
COLEÇÃO - PRE FALL - 2023\434-1I_D.jpg,434-1I_D.jpg,113510,434
COLEÇÃO - PRE FALL - 2023\434.-1I.jpg,434.-1I.jpg,171854,434
COLEÇÃO - PRE FALL - 2023\434.-2A.jpg,434.-2A.jpg,373424,434
COLEÇÃO - PRE FALL - 2023\434.-2N.jpg,434.-2N.jpg,435104,434
COLEÇÃO - PRE FALL - 2023\434.-2W.jpg,434.-2W.jpg,342610,434
COLEÇÃO - PRE FALL - 2023\451-1-2A.jpg,451-1-2A.jpg,149317,45112A
COLEÇÃO - PRE FALL - 2023\451-1-2W.jpg,451-1-2W.jpg,118244,45112W
COLEÇÃO - PRE FALL - 2023\451-1-2W_A.jpg,451-1-2W_A.jpg,90480,45112W
COLEÇÃO - PRE FALL - 2023\451-1-2W_B.jpg,451-1-2W_B.jpg,94028,45112W
COLEÇÃO - PRE FALL - 2023\451-1-2W_C.jpg,451-1-2W_C.jpg,146435,45112W
COLEÇÃO - PRE FALL - 2023\451-1-2W_D.jpg,451-1-2W_D.jpg,178473,45112W
COLEÇÃO - PRE FALL - 2023\CF134-1A.jpg,CF134-1A.jpg,288525,CF134
COLEÇÃO - PRE FALL - 2023\CF134-1I.jpg,CF134-1I.jpg,266911,CF134
COLEÇÃO - PRE FALL - 2023\CF134-1K.jpg,CF134-1K.jpg,236972,CF134
COLEÇÃO - PRE FALL - 2023\CF134-2D.jpg,CF134-2D.jpg,252147,CF134
COLEÇÃO - PRE FALL - 2023\CF134-2G.jpg,CF134-2G.jpg,238689,CF134
COLEÇÃO - PRE FALL - 2023\CF165-1A.jpg,CF165-1A.jpg,200774,CF165
COLEÇÃO - PRE FALL - 2023\CF165-1I.jpg,CF165-1I.jpg,195135,CF165
COLEÇÃO - PRE FALL - 2023\CF165-1K.jpg,CF165-1K.jpg,198602,CF165
COLEÇÃO - PRE FALL - 2023\CF165-1T.jpg,CF165-1T.jpg,207654,CF165
COLEÇÃO - PRE FALL - 2023\CF165-2U.jpg,CF165-2U.jpg,213152,CF165
COLEÇÃO - PRE FALL - 2023\CF165-7N.jpg,CF165-7N.jpg,211006,CF165
COLEÇÃO - PRE FALL - 2023\CF166-1A.jpg,CF166-1A.jpg,221050,CF166
COLEÇÃO - PRE FALL - 2023\CF166-1I.jpg,CF166-1I.jpg,219281,CF166
COLEÇÃO - PRE FALL - 2023\CF166-1K.jpg,CF166-1K.jpg,222454,CF166
COLEÇÃO - PRE FALL - 2023\CF166-2G.jpg,CF166-2G.jpg,202563,CF166
COLEÇÃO - PRE FALL - 2023\CF166-7Q.jpg,CF166-7Q.jpg,243603,CF166
COLEÇÃO - PRE FALL - 2023\CF166-7R.jpg,CF166-7R.jpg,261806,CF166
COLEÇÃO - PRE FALL - 2023\CF176-1A.jpg,CF176-1A.jpg,184709,CF176
COLEÇÃO - PRE FALL - 2023\CF176-1I.jpg,CF176-1I.jpg,204340,CF176
COLEÇÃO - PRE FALL - 2023\CF176-1K.jpg,CF176-1K.jpg,192201,CF176
COLEÇÃO - PRE FALL - 2023\CF176-2D.jpg,CF176-2D.jpg,221830,CF176
COLEÇÃO - PRE FALL - 2023\CF176-2G.jpg,CF176-2G.jpg,171426,CF176
COLEÇÃO - PRE FALL - 2023\CM11-2A.jpg,CM11-2A.jpg,85028,CM112A
COLEÇÃO - PRE FALL - 2023\CM11-2N.jpg,CM11-2N.jpg,128224,CM11
COLEÇÃO - PRE FALL - 2023\CM11-2W.jpg,CM11-2W.jpg,95923,CM112W
COLEÇÃO - PRE FALL - 2023\CM11-3H.jpg,CM11-3H.jpg,73754,CM11
COLEÇÃO - PRE FALL - 2023\CM12-2A.jpg,CM12-2A.jpg,76833,CM122
COLEÇÃO - PRE FALL - 2023\CM12-2W.jpg,CM12-2W.jpg,95042,CM122
COLEÇÃO - PRE FALL - 2023\CM40-2A2N.jpg,CM40-2A2N.jpg,141430,CM402A2N
COLEÇÃO - PRE FALL - 2023\CM40-2A2W.jpg,CM40-2A2W.jpg,78741,CM40
COLEÇÃO - PRE FALL - 2023\CM83-2N.jpg,CM83-2N.jpg,71567,CM832N
COLEÇÃO - PRE FALL - 2023\CM83-3B.jpg,CM83-3B.jpg,88795,CM83
COLEÇÃO - PRE FALL - 2023\CM83-3G.jpg,CM83-3G.jpg,91432,CM833G
COLEÇÃO - PRE FALL - 2023\CM91-2N7E.jpg,CM91-2N7E.jpg,378435,CM912N7E
COLEÇÃO - PRE FALL - 2023\CM91-3D7F.jpg,CM91-3D7F.jpg,374908,CM91
COLEÇÃO - PRE FALL - 2023\CM91-3F7G.jpg,CM91-3F7G.jpg,348060,CM913F7G
COLEÇÃO - PRE FALL - 2023\CTF94-1K.jpg,CTF94-1K.jpg,407266,CTF94
COLEÇÃO - PRE FALL - 2023\CTF94-1K_A.jpg,CTF94-1K_A.jpg,186224,CTF94
COLEÇÃO - PRE FALL - 2023\CTF94-1K_B.jpg,CTF94-1K_B.jpg,500094,CTF94
COLEÇÃO - PRE FALL - 2023\CTF94-1K_C.jpg,CTF94-1K_C.jpg,485101,CTF94
COLEÇÃO - PRE FALL - 2023\CTF94-1K_D.jpg,CTF94-1K_D.jpg,238342,CTF94
COLEÇÃO - PRE FALL - 2023\CTF94-1T.jpg,CTF94-1T.jpg,429331,CTF94
COLEÇÃO - PRE FALL - 2023\CTF94-1Z.jpg,CTF94-1Z.jpg,427047,CTF94
COLEÇÃO - PRE FALL - 2023\CTF94-2D.jpg,CTF94-2D.jpg,408450,CTF94
COLEÇÃO - PRE FALL - 2023\CTF94-7N.jpg,CTF94-7N.jpg,409499,CTF94
COLEÇÃO - PRE FALL - 2023\CTF94-7Q.jpg,CTF94-7Q.jpg,590754,CTF94
COLEÇÃO - PRE FALL - 2023\CTF94-7R.jpg,CTF94-7R.jpg,536037,CTF94
COLEÇÃO - PRE FALL - 2023\CTF94-7V.jpg,CTF94-7V.jpg,562676,CTF94
COLEÇÃO - PRE FALL - 2023\M126-2A.jpg,M126-2A.jpg,420272,M1262A
COLEÇÃO - PRE FALL - 2023\M126-2N.jpg,M126-2N.jpg,474910,M1262N
COLEÇÃO - PRE FALL - 2023\M126-2W.jpg,M126-2W.jpg,424329,M1262W
COLEÇÃO - PRE FALL - 2023\M126-3D.jpg,M126-3D.jpg,152082,M126
COLEÇÃO - PRE FALL - 2023\M126-3D_A.jpg,M126-3D_A.jpg,90757,M126
COLEÇÃO - PRE FALL - 2023\M126-3D_B.jpg,M126-3D_B.jpg,103178,M126
COLEÇÃO - PRE FALL - 2023\M126-3D_C.jpg,M126-3D_C.jpg,108445,M126
COLEÇÃO - PRE FALL - 2023\M126-3D_D.jpg,M126-3D_D.jpg,128758,M126
COLEÇÃO - PRE FALL - 2023\M217-3B.jpg,M217-3B.jpg,382684,M2173B
COLEÇÃO - PRE FALL - 2023\M217-3B_A.jpg,M217-3B_A.jpg,99526,M2173B
COLEÇÃO - PRE FALL - 2023\M217-3B_B.jpg,M217-3B_B.jpg,149555,M2173B
COLEÇÃO - PRE FALL - 2023\M217-3B_C.jpg,M217-3B_C.jpg,132915,M2173B
COLEÇÃO - PRE FALL - 2023\M217-3B_D.jpg,M217-3B_D.jpg,108924,M2173B
COLEÇÃO - PRE FALL - 2023\M217-3G.jpg,M217-3G.jpg,355261,M2173G
COLEÇÃO - PRE FALL - 2023\MEDIDAS - OK\040-0-2N_D.jpg,040-0-2N_D.jpg,109093,04002N
COLEÇÃO - PRE FALL - 2023\MEDIDAS - OK\091-0-3B_D.jpg,091-0-3B_D.jpg,110785,0910
COLEÇÃO - PRE FALL - 2023\MEDIDAS - OK\092-0-3D_D.jpg,092-0-3D_D.jpg,119524,0920
COLEÇÃO - PRE FALL - 2023\MEDIDAS - OK\160-1-2A_D.jpg,160-1-2A_D.jpg,115648,16012A
COLEÇÃO - PRE FALL - 2023\MEDIDAS - OK\17512-1K_E.jpg,17512-1K_E.jpg,245410,17512
COLEÇÃO - PRE FALL - 2023\MEDIDAS - OK\2136-6X_E.jpg,2136-6X_E.jpg,184345,2136
COLEÇÃO - PRE FALL - 2023\MEDIDAS - OK\2150-1K7V_E.jpg,2150-1K7V_E.jpg,246524,2150
COLEÇÃO - PRE FALL - 2023\MEDIDAS - OK\26332-7T_E.jpg,26332-7T_E.jpg,207353,26332
COLEÇÃO - PRE FALL - 2023\MEDIDAS - OK\28462-7O_E.jpg,28462-7O_E.jpg,304924,28462
COLEÇÃO - PRE FALL - 2023\MEDIDAS - OK\2870-7S_E.jpg,2870-7S_E.jpg,215051,2870
COLEÇÃO - PRE FALL - 2023\MEDIDAS - OK\434-1I_D.jpg,434-1I_D.jpg,113510,434
COLEÇÃO - PRE FALL - 2023\MEDIDAS - OK\451-1-2W_D.jpg,451-1-2W_D.jpg,115422,45112W
COLEÇÃO - PRE FALL - 2023\MEDIDAS - OK\CTF94-1K_D.jpg,CTF94-1K_D.jpg,292619,CTF94
COLEÇÃO - PRE FALL - 2023\MEDIDAS - OK\M126-3D_D.jpg,M126-3D_D.jpg,128758,M126
COLEÇÃO - PRE FALL - 2023\MEDIDAS - OK\M217-3B_D.jpg,M217-3B_D.jpg,108924,M2173B
COLEÇÃO - PREFAIL - 2021\040-0-CB37.jpg,040-0-CB37.jpg,70261,0400
COLEÇÃO - PREFAIL - 2021\092-0-CB41.jpg,092-0-CB41.jpg,63825,0920
COLEÇÃO - PREFAIL - 2021\2136-CB12.jpg,2136-CB12.jpg,146957,2136
COLEÇÃO - PREFAIL - 2021\2136-CB12_B.jpg,2136-CB12_B.jpg,52291,2136
COLEÇÃO - PREFAIL - 2021\2136-CB12_C.jpg,2136-CB12_C.jpg,139652,2136
COLEÇÃO - PREFAIL - 2021\2136-CB12_D.jpg,2136-CB12_D.jpg,155280,2136
COLEÇÃO - PREFAIL - 2021\2136-CB12_E.jpg,2136-CB12_E.jpg,115879,2136
COLEÇÃO - PREFAIL - 2021\2136-CB19.jpg,2136-CB19.jpg,66733,2136
COLEÇÃO - PREFAIL - 2021\2136-CB19_B.jpg,2136-CB19_B.jpg,121932,2136
COLEÇÃO - PREFAIL - 2021\2136-CB19_C.jpg,2136-CB19_C.jpg,88310,2136
COLEÇÃO - PREFAIL - 2021\2136-CB19_D.jpg,2136-CB19_D.jpg,82577,2136
COLEÇÃO - PREFAIL - 2021\2136-CB19_E.jpg,2136-CB19_E.jpg,63517,2136
COLEÇÃO - PREFAIL - 2021\2136-CB34.jpg,2136-CB34.jpg,94848,2136
COLEÇÃO - PREFAIL - 2021\2136-CB34_B.jpg,2136-CB34_B.jpg,56476,2136
COLEÇÃO - PREFAIL - 2021\2136-CB34_C.jpg,2136-CB34_C.jpg,108289,2136
COLEÇÃO - PREFAIL - 2021\2136-CB34_D.jpg,2136-CB34_D.jpg,116025,2136
COLEÇÃO - PREFAIL - 2021\2136-CB34_E.jpg,2136-CB34_E.jpg,147339,2136
COLEÇÃO - PREFAIL - 2021\2136-CB40.jpg,2136-CB40.jpg,72254,2136
COLEÇÃO - PREFAIL - 2021\2136-CB40_B.jpg,2136-CB40_B.jpg,116203,2136
COLEÇÃO - PREFAIL - 2021\2136-CB40_C.jpg,2136-CB40_C.jpg,82216,2136
COLEÇÃO - PREFAIL - 2021\2136-CB40_D.jpg,2136-CB40_D.jpg,80837,2136
COLEÇÃO - PREFAIL - 2021\2136-CB40_E.jpg,2136-CB40_E.jpg,61752,2136
COLEÇÃO - PREFAIL - 2021\2136-CB42.jpg,2136-CB42.jpg,141390,2136
COLEÇÃO - PREFAIL - 2021\2136-CB42_B.jpg,2136-CB42_B.jpg,83868,2136
COLEÇÃO - PREFAIL - 2021\2136-CB42_C.jpg,2136-CB42_C.jpg,143285,2136
COLEÇÃO - PREFAIL - 2021\2136-CB42_D.jpg,2136-CB42_D.jpg,142787,2136
COLEÇÃO - PREFAIL - 2021\2136-CB42_E.jpg,2136-CB42_E.jpg,109288,2136
COLEÇÃO - PREFAIL - 2021\2136-CB53.jpg,2136-CB53.jpg,89004,2136
COLEÇÃO - PREFAIL - 2021\2136-CB54.jpg,2136-CB54.jpg,63200,2136
COLEÇÃO - PREFAIL - 2021\2136-CB54_B.jpg,2136-CB54_B.jpg,123761,2136
COLEÇÃO - PREFAIL - 2021\2136-CB54_C.jpg,2136-CB54_C.jpg,83076,2136
COLEÇÃO - PREFAIL - 2021\2136-CB54_D.jpg,2136-CB54_D.jpg,80690,2136
COLEÇÃO - PREFAIL - 2021\2136-CB54_E.jpg,2136-CB54_E.jpg,63342,2136
COLEÇÃO - PREFAIL - 2021\2136-CB55.jpg,2136-CB55.jpg,117654,2136
COLEÇÃO - PREFAIL - 2021\2136-CB55_B.jpg,2136-CB55_B.jpg,41991,2136
COLEÇÃO - PREFAIL - 2021\2136-CB55_C.jpg,2136-CB55_C.jpg,142236,2136
COLEÇÃO - PREFAIL - 2021\2136-CB55_D.jpg,2136-CB55_D.jpg,140033,2136
COLEÇÃO - PREFAIL - 2021\2136-CB55_E.jpg,2136-CB55_E.jpg,111547,2136
COLEÇÃO - PREFAIL - 2021\2136-CB56.jpg,2136-CB56.jpg,129140,2136
COLEÇÃO - PREFAIL - 2021\2136-CB56_B.jpg,2136-CB56_B.jpg,145086,2136
COLEÇÃO - PREFAIL - 2021\2136-CB56_C.jpg,2136-CB56_C.jpg,98614,2136
COLEÇÃO - PREFAIL - 2021\2136-CB56_D.jpg,2136-CB56_D.jpg,99463,2136
COLEÇÃO - PREFAIL - 2021\2136-CB56_E.jpg,2136-CB56_E.jpg,61193,2136
COLEÇÃO - PREFAIL - 2021\2136-CB57.jpg,2136-CB57.jpg,138598,2136
COLEÇÃO - PREFAIL - 2021\2136-CB57_B.jpg,2136-CB57_B.jpg,135950,2136
COLEÇÃO - PREFAIL - 2021\2136-CB57_C.jpg,2136-CB57_C.jpg,116302,2136
COLEÇÃO - PREFAIL - 2021\2136-CB57_D.jpg,2136-CB57_D.jpg,120738,2136
COLEÇÃO - PREFAIL - 2021\2136-CB57_E.jpg,2136-CB57_E.jpg,61846,2136
COLEÇÃO - PREFAIL - 2021\2136-CB58.jpg,2136-CB58.jpg,59943,2136
COLEÇÃO - PREFAIL - 2021\2136-CB58_B.jpg,2136-CB58_B.jpg,90732,2136
COLEÇÃO - PREFAIL - 2021\2136-CB58_C.jpg,2136-CB58_C.jpg,89733,2136
COLEÇÃO - PREFAIL - 2021\2136-CB58_D.jpg,2136-CB58_D.jpg,92846,2136
COLEÇÃO - PREFAIL - 2021\2136-CB58_E.jpg,2136-CB58_E.jpg,55654,2136
COLEÇÃO - PREFAIL - 2021\2150-CB48.jpg,2150-CB48.jpg,63129,2150
COLEÇÃO - PREFAIL - 2021\2150-CB48_B.jpg,2150-CB48_B.jpg,140270,2150
COLEÇÃO - PREFAIL - 2021\2150-CB48_C.jpg,2150-CB48_C.jpg,110813,2150
COLEÇÃO - PREFAIL - 2021\2150-CB48_D.jpg,2150-CB48_D.jpg,98567,2150
COLEÇÃO - PREFAIL - 2021\2150-CB48_E.jpg,2150-CB48_E.jpg,63795,2150
COLEÇÃO - PREFAIL - 2021\2150-CB49.jpg,2150-CB49.jpg,69928,2150
COLEÇÃO - PREFAIL - 2021\2150-CB49_B.jpg,2150-CB49_B.jpg,146637,2150
COLEÇÃO - PREFAIL - 2021\2150-CB49_C.jpg,2150-CB49_C.jpg,90031,2150
COLEÇÃO - PREFAIL - 2021\2150-CB49_D.jpg,2150-CB49_D.jpg,87682,2150
COLEÇÃO - PREFAIL - 2021\2150-CB49_E.jpg,2150-CB49_E.jpg,70039,2150
COLEÇÃO - PREFAIL - 2021\2150-CB50.jpg,2150-CB50.jpg,117859,2150
COLEÇÃO - PREFAIL - 2021\2150-CB50_B.jpg,2150-CB50_B.jpg,37815,2150
COLEÇÃO - PREFAIL - 2021\2150-CB50_C.jpg,2150-CB50_C.jpg,126010,2150
COLEÇÃO - PREFAIL - 2021\2150-CB50_D.jpg,2150-CB50_D.jpg,143259,2150
COLEÇÃO - PREFAIL - 2021\2150-CB50_E.jpg,2150-CB50_E.jpg,35947,2150
COLEÇÃO - PREFALL - 2022\FEMININA\BOLSAS FEMININAS\CAMERA BAG\28462-1A.jpg,28462-1A.jpg,148251,28462
COLEÇÃO - PREFALL - 2022\FEMININA\BOLSAS FEMININAS\CAMERA BAG\28462-1C.jpg,28462-1C.jpg,99569,28462
COLEÇÃO - PREFALL - 2022\FEMININA\BOLSAS FEMININAS\CAMERA BAG\28462-1E.jpg,28462-1E.jpg,91560,28462
COLEÇÃO - PREFALL - 2022\FEMININA\BOLSAS FEMININAS\CAMERA BAG\28462-1G.jpg,28462-1G.jpg,90340,28462
COLEÇÃO - PREFALL - 2022\FEMININA\BOLSAS FEMININAS\CAMERA BAG\28462-1G_A.jpg,28462-1G_A.jpg,182918,28462
COLEÇÃO - PREFALL - 2022\FEMININA\BOLSAS FEMININAS\CAMERA BAG\28462-1G_B.jpg,28462-1G_B.jpg,134559,28462
COLEÇÃO - PREFALL - 2022\FEMININA\BOLSAS FEMININAS\CAMERA BAG\28462-1G_C.jpg,28462-1G_C.jpg,276705,28462
COLEÇÃO - PREFALL - 2022\FEMININA\BOLSAS FEMININAS\CAMERA BAG\28462-1G_D.jpg,28462-1G_D.jpg,182399,28462
COLEÇÃO - PREFALL - 2022\FEMININA\BOLSAS FEMININAS\CAMERA BAG\28462-1G_E.jpg,28462-1G_E.jpg,56574,28462
COLEÇÃO - PREFALL - 2022\FEMININA\BOLSAS FEMININAS\CAMERA BAG\28462-1I.jpg,28462-1I.jpg,130264,28462
COLEÇÃO - PREFALL - 2022\FEMININA\BOLSAS FEMININAS\CAMERA BAG\28462-1K.jpg,28462-1K.jpg,156414,28462
COLEÇÃO - PREFALL - 2022\FEMININA\BOLSAS FEMININAS\CROOSBODY\17512-1A.jpg,17512-1A.jpg,108042,17512
COLEÇÃO - PREFALL - 2022\FEMININA\BOLSAS FEMININAS\CROOSBODY\17512-1I.jpg,17512-1I.jpg,130314,17512
COLEÇÃO - PREFALL - 2022\FEMININA\BOLSAS FEMININAS\CROOSBODY\17512-1K.jpg,17512-1K.jpg,182786,17512
COLEÇÃO - PREFALL - 2022\FEMININA\BOLSAS FEMININAS\CROOSBODY\17512-1M.jpg,17512-1M.jpg,128547,17512
COLEÇÃO - PREFALL - 2022\FEMININA\BOLSAS FEMININAS\CROOSBODY\17512-1P.jpg,17512-1P.jpg,119369,17512
COLEÇÃO - PREFALL - 2022\FEMININA\BOLSAS FEMININAS\CROOSBODY\17512-1R.jpg,17512-1R.jpg,303778,17512
COLEÇÃO - PREFALL - 2022\FEMININA\BOLSAS FEMININAS\CROOSBODY\17512-1R_A.jpg,17512-1R_A.jpg,208787,17512
COLEÇÃO - PREFALL - 2022\FEMININA\BOLSAS FEMININAS\CROOSBODY\17512-1R_B.jpg,17512-1R_B.jpg,162860,17512
COLEÇÃO - PREFALL - 2022\FEMININA\BOLSAS FEMININAS\CROOSBODY\17512-1R_C.jpg,17512-1R_C.jpg,169216,17512
COLEÇÃO - PREFALL - 2022\FEMININA\BOLSAS FEMININAS\CROOSBODY\17512-1R_D.jpg,17512-1R_D.jpg,204102,17512
COLEÇÃO - PREFALL - 2022\FEMININA\BOLSAS FEMININAS\CROOSBODY\17512-1R_E.jpg,17512-1R_E.jpg,153445,17512
COLEÇÃO - PREFALL - 2022\FEMININA\BOLSAS FEMININAS\CROOSBODY\17512-1T.jpg,17512-1T.jpg,105490,17512
COLEÇÃO - PREFALL - 2022\FEMININA\BOLSAS FEMININAS\CROOSBODY\17512-2D.jpg,17512-2D.jpg,115461,17512
COLEÇÃO - PREFALL - 2022\FEMININA\BOLSAS FEMININAS\CROOSBODY\17512-2D_A.jpg,17512-2D_A.jpg,194000,17512
COLEÇÃO - PREFALL - 2022\FEMININA\BOLSAS FEMININAS\CROOSBODY\17512-2D_B.jpg,17512-2D_B.jpg,138103,17512
COLEÇÃO - PREFALL - 2022\FEMININA\BOLSAS FEMININAS\CROOSBODY\17512-2D_C.jpg,17512-2D_C.jpg,119810,17512
COLEÇÃO - PREFALL - 2022\FEMININA\BOLSAS FEMININAS\CROOSBODY\17512-2D_D.jpg,17512-2D_D.jpg,216887,17512
COLEÇÃO - PREFALL - 2022\FEMININA\BOLSAS FEMININAS\CROOSBODY\17512-2D_E.jpg,17512-2D_E.jpg,55316,17512
COLEÇÃO - PREFALL - 2022\FEMININA\BOLSAS FEMININAS\CROOSBODY\17512-2J.jpg,17512-2J.jpg,112948,17512
COLEÇÃO - PREFALL - 2022\FEMININA\BOLSAS FEMININAS\CROOSBODY\17512-2P.jpg,17512-2P.jpg,110067,17512
COLEÇÃO - PREFALL - 2022\FEMININA\BOLSAS FEMININAS\CROOSBODY\2136-1I.jpg,2136-1I.jpg,96112,2136
COLEÇÃO - PREFALL - 2022\FEMININA\BOLSAS FEMININAS\CROOSBODY\2136-1K.jpg,2136-1K.jpg,94784,2136
COLEÇÃO - PREFALL - 2022\FEMININA\BOLSAS FEMININAS\CROOSBODY\2136-1L.jpg,2136-1L.jpg,70219,2136
COLEÇÃO - PREFALL - 2022\FEMININA\BOLSAS FEMININAS\CROOSBODY\2136-1M.jpg,2136-1M.jpg,91921,2136
COLEÇÃO - PREFALL - 2022\FEMININA\BOLSAS FEMININAS\CROOSBODY\2136-1O.jpg,2136-1O.jpg,76771,2136
COLEÇÃO - PREFALL - 2022\FEMININA\BOLSAS FEMININAS\CROOSBODY\2136-1O_A.jpg,2136-1O_A.jpg,187846,2136
COLEÇÃO - PREFALL - 2022\FEMININA\BOLSAS FEMININAS\CROOSBODY\2136-1O_B.jpg,2136-1O_B.jpg,136086,2136
COLEÇÃO - PREFALL - 2022\FEMININA\BOLSAS FEMININAS\CROOSBODY\2136-1O_C.jpg,2136-1O_C.jpg,72681,2136
COLEÇÃO - PREFALL - 2022\FEMININA\BOLSAS FEMININAS\CROOSBODY\2136-1O_D.jpg,2136-1O_D.jpg,172763,2136
COLEÇÃO - PREFALL - 2022\FEMININA\BOLSAS FEMININAS\CROOSBODY\2136-1O_E.jpg,2136-1O_E.jpg,31968,2136
COLEÇÃO - PREFALL - 2022\FEMININA\BOLSAS FEMININAS\CROOSBODY\2136-1Q.jpg,2136-1Q.jpg,80843,2136
COLEÇÃO - PREFALL - 2022\FEMININA\BOLSAS FEMININAS\CROOSBODY\2136-1S.jpg,2136-1S.jpg,82176,2136
COLEÇÃO - PREFALL - 2022\FEMININA\BOLSAS FEMININAS\CROOSBODY\2136-1U.jpg,2136-1U.jpg,44773,2136
COLEÇÃO - PREFALL - 2022\FEMININA\BOLSAS FEMININAS\CROOSBODY\2136-2L.jpg,2136-2L.jpg,95947,2136
COLEÇÃO - PREFALL - 2022\FEMININA\BOLSAS FEMININAS\CROOSBODY\2136-2M1Y.jpg,2136-2M1Y.jpg,111170,2136
COLEÇÃO - PREFALL - 2022\FEMININA\BOLSAS FEMININAS\CROOSBODY\2150-1E.jpg,2150-1E.jpg,78146,2150
COLEÇÃO - PREFALL - 2022\FEMININA\BOLSAS FEMININAS\CROOSBODY\2150-1G.jpg,2150-1G.jpg,74567,2150
COLEÇÃO - PREFALL - 2022\FEMININA\BOLSAS FEMININAS\CROOSBODY\2150-1G_A.jpg,2150-1G_A.jpg,173689,2150
COLEÇÃO - PREFALL - 2022\FEMININA\BOLSAS FEMININAS\CROOSBODY\2150-1G_B.jpg,2150-1G_B.jpg,65536,2150
COLEÇÃO - PREFALL - 2022\FEMININA\BOLSAS FEMININAS\CROOSBODY\2150-1G_C.jpg,2150-1G_C.jpg,62803,2150
COLEÇÃO - PREFALL - 2022\FEMININA\BOLSAS FEMININAS\CROOSBODY\2150-1G_D.jpg,2150-1G_D.jpg,242772,2150
COLEÇÃO - PREFALL - 2022\FEMININA\BOLSAS FEMININAS\CROOSBODY\2150-1G_E.jpg,2150-1G_E.jpg,31956,2150
COLEÇÃO - PREFALL - 2022\FEMININA\BOLSAS FEMININAS\CROOSBODY\2150-1I.jpg,2150-1I.jpg,70737,2150
COLEÇÃO - PREFALL - 2022\FEMININA\BOLSAS FEMININAS\CROOSBODY\2150-1M.jpg,2150-1M.jpg,76246,2150
COLEÇÃO - PREFALL - 2022\FEMININA\BOLSAS FEMININAS\CROOSBODY\2150-1Y1L.jpg,2150-1Y1L.jpg,81635,2150
COLEÇÃO - PREFALL - 2022\FEMININA\BOLSAS FEMININAS\CROOSBODY\2150-2B1J.jpg,2150-2B1J.jpg,74249,2150
COLEÇÃO - PREFALL - 2022\FEMININA\BOLSAS FEMININAS\CROOSBODY\2150-2F1B.jpg,2150-2F1B.jpg,77554,2150
COLEÇÃO - PREFALL - 2022\FEMININA\BOLSAS FEMININAS\CROOSBODY\2150-2L.jpg,2150-2L.jpg,106131,2150
COLEÇÃO - PREFALL - 2022\FEMININA\BOLSAS FEMININAS\CROOSBODY\2150-2S1D.jpg,2150-2S1D.jpg,36647,2150
COLEÇÃO - PREFALL - 2022\FEMININA\BOLSAS FEMININAS\CROOSBODY\26332-1A.jpg,26332-1A.jpg,147290,26332
COLEÇÃO - PREFALL - 2022\FEMININA\BOLSAS FEMININAS\CROOSBODY\26332-1A_B.jpg,26332-1A_B.jpg,148323,26332
COLEÇÃO - PREFALL - 2022\FEMININA\BOLSAS FEMININAS\CROOSBODY\26332-1A_C.jpg,26332-1A_C.jpg,127105,26332
COLEÇÃO - PREFALL - 2022\FEMININA\BOLSAS FEMININAS\CROOSBODY\26332-1A_D.jpg,26332-1A_D.jpg,92884,26332
COLEÇÃO - PREFALL - 2022\FEMININA\BOLSAS FEMININAS\CROOSBODY\26332-1A_E.jpg,26332-1A_E.jpg,76594,26332
COLEÇÃO - PREFALL - 2022\FEMININA\BOLSAS FEMININAS\CROOSBODY\26332-1I.jpg,26332-1I.jpg,82500,26332
COLEÇÃO - PREFALL - 2022\FEMININA\BOLSAS FEMININAS\CROOSBODY\26332-1K.jpg,26332-1K.jpg,79822,26332
COLEÇÃO - PREFALL - 2022\FEMININA\BOLSAS FEMININAS\CROOSBODY\26332-1P.jpg,26332-1P.jpg,106527,26332
COLEÇÃO - PREFALL - 2022\FEMININA\BOLSAS FEMININAS\CROOSBODY\26332-1P_A.jpg,26332-1P_A.jpg,181535,26332
COLEÇÃO - PREFALL - 2022\FEMININA\BOLSAS FEMININAS\CROOSBODY\26332-1P_B.jpg,26332-1P_B.jpg,107515,26332
COLEÇÃO - PREFALL - 2022\FEMININA\BOLSAS FEMININAS\CROOSBODY\26332-1P_C.jpg,26332-1P_C.jpg,120900,26332
COLEÇÃO - PREFALL - 2022\FEMININA\BOLSAS FEMININAS\CROOSBODY\26332-1P_D.jpg,26332-1P_D.jpg,253803,26332
COLEÇÃO - PREFALL - 2022\FEMININA\BOLSAS FEMININAS\CROOSBODY\26332-1P_E.jpg,26332-1P_E.jpg,38123,26332
COLEÇÃO - PREFALL - 2022\FEMININA\BOLSAS FEMININAS\CROOSBODY\26332-1R.jpg,26332-1R.jpg,152422,26332
COLEÇÃO - PREFALL - 2022\FEMININA\BOLSAS FEMININAS\CROOSBODY\26332-2D.jpg,26332-2D.jpg,100054,26332
COLEÇÃO - PREFALL - 2022\FEMININA\BOLSAS FEMININAS\CROOSBODY\2870-1A.jpg,2870-1A.jpg,83551,2870
COLEÇÃO - PREFALL - 2022\FEMININA\BOLSAS FEMININAS\CROOSBODY\2870-1I.jpg,2870-1I.jpg,89938,2870
COLEÇÃO - PREFALL - 2022\FEMININA\BOLSAS FEMININAS\CROOSBODY\2870-1K.jpg,2870-1K.jpg,93788,2870
COLEÇÃO - PREFALL - 2022\FEMININA\BOLSAS FEMININAS\CROOSBODY\2870-1K_A.jpg,2870-1K_A.jpg,150400,2870
COLEÇÃO - PREFALL - 2022\FEMININA\BOLSAS FEMININAS\CROOSBODY\2870-1K_B.jpg,2870-1K_B.jpg,119640,2870
COLEÇÃO - PREFALL - 2022\FEMININA\BOLSAS FEMININAS\CROOSBODY\2870-1K_C.jpg,2870-1K_C.jpg,117593,2870
COLEÇÃO - PREFALL - 2022\FEMININA\BOLSAS FEMININAS\CROOSBODY\2870-1K_D.jpg,2870-1K_D.jpg,211460,2870
COLEÇÃO - PREFALL - 2022\FEMININA\BOLSAS FEMININAS\CROOSBODY\2870-1K_E.jpg,2870-1K_E.jpg,41013,2870
COLEÇÃO - PREFALL - 2022\FEMININA\BOLSAS FEMININAS\CROOSBODY\2870-1P.jpg,2870-1P.jpg,86410,2870
COLEÇÃO - PREFALL - 2022\FEMININA\BOLSAS FEMININAS\CROOSBODY\2870-1R.jpg,2870-1R.jpg,86746,2870
COLEÇÃO - PREFALL - 2022\FEMININA\BOLSAS FEMININAS\CROOSBODY\2870-1T.jpg,2870-1T.jpg,84675,2870
COLEÇÃO - PREFALL - 2022\FEMININA\BOLSAS FEMININAS\CROOSBODY\2870-2D.jpg,2870-2D.jpg,83936,2870
COLEÇÃO - PREFALL - 2022\FEMININA\BOLSAS FEMININAS\CROOSBODY\2870-2J.jpg,2870-2J.jpg,78879,2870
COLEÇÃO - PREFALL - 2022\FEMININA\BOLSAS FEMININAS\CROOSBODY\2870-2P.jpg,2870-2P.jpg,76164,2870
COLEÇÃO - PREFALL - 2022\FEMININA\BOLSAS FEMININAS\SHOPPING BAG\26332-1P.jpg,26332-1P.jpg,106527,26332
COLEÇÃO - PREFALL - 2022\FEMININA\BOLSAS FEMININAS\SHOPPING BAG\26332-1P_A.jpg,26332-1P_A.jpg,189817,26332
COLEÇÃO - PREFALL - 2022\FEMININA\BOLSAS FEMININAS\SHOPPING BAG\26332-1P_B.jpg,26332-1P_B.jpg,107515,26332
COLEÇÃO - PREFALL - 2022\FEMININA\BOLSAS FEMININAS\SHOPPING BAG\26332-1P_C.jpg,26332-1P_C.jpg,120900,26332
COLEÇÃO - PREFALL - 2022\FEMININA\BOLSAS FEMININAS\SHOPPING BAG\26332-1P_D.jpg,26332-1P_D.jpg,267954,26332
COLEÇÃO - PREFALL - 2022\FEMININA\BOLSAS FEMININAS\SHOPPING BAG\26332-1P_E.jpg,26332-1P_E.jpg,38123,26332
COLEÇÃO - PREFALL - 2022\FEMININA\BOLSAS FEMININAS\SHOPPING BAG\26332-2D.jpg,26332-2D.jpg,100054,26332
COLEÇÃO - PREFALL - 2022\MASCULINO\CARTEIRA MASCULINA\CASUAL\040-0-1I.jpg,040-0-1I.jpg,186951,0400
COLEÇÃO - PREFALL - 2022\MASCULINO\CARTEIRA MASCULINA\CASUAL\040-0-2A.jpg,040-0-2A.jpg,143732,04002A
COLEÇÃO - PREFALL - 2022\MASCULINO\CARTEIRA MASCULINA\CASUAL\040-0-2N.jpg,040-0-2N.jpg,194677,04002N
COLEÇÃO - PREFALL - 2022\MASCULINO\CARTEIRA MASCULINA\CASUAL\040-0-2W.jpg,040-0-2W.jpg,168131,04002W
COLEÇÃO - PREFALL - 2022\MASCULINO\CARTEIRA MASCULINA\CASUAL\040-0-3A.jpg,040-0-3A.jpg,163894,0400
COLEÇÃO - PREFALL - 2022\MASCULINO\CARTEIRA MASCULINA\CASUAL\040-0-3C.jpg,040-0-3C.jpg,137636,0400
COLEÇÃO - PREFALL - 2022\MASCULINO\CARTEIRA MASCULINA\CASUAL\040-0-3D.jpg,040-0-3D.jpg,175448,0400
COLEÇÃO - PREFALL - 2022\MASCULINO\CARTEIRA MASCULINA\CASUAL\040-0-3D_A.jpg,040-0-3D_A.jpg,146633,0400
COLEÇÃO - PREFALL - 2022\MASCULINO\CARTEIRA MASCULINA\CASUAL\040-0-3D_B.jpg,040-0-3D_B.jpg,286322,0400
COLEÇÃO - PREFALL - 2022\MASCULINO\CARTEIRA MASCULINA\CASUAL\040-0-3D_C.jpg,040-0-3D_C.jpg,286281,0400
COLEÇÃO - PREFALL - 2022\MASCULINO\CARTEIRA MASCULINA\CASUAL\040-0-3D_D.jpg,040-0-3D_D.jpg,156607,0400
COLEÇÃO - PREFALL - 2022\MASCULINO\CARTEIRA MASCULINA\CASUAL\040-0-3E.jpg,040-0-3E.jpg,141993,0400
COLEÇÃO - PREFALL - 2022\MASCULINO\CARTEIRA MASCULINA\CASUAL\M217-3B.jpg,M217-3B.jpg,92243,M2173B
COLEÇÃO - PREFALL - 2022\MASCULINO\CARTEIRA MASCULINA\CASUAL\M217-3B_A.jpg,M217-3B_A.jpg,149849,M2173B
COLEÇÃO - PREFALL - 2022\MASCULINO\CARTEIRA MASCULINA\CASUAL\M217-3B_B.jpg,M217-3B_B.jpg,241439,M2173B
COLEÇÃO - PREFALL - 2022\MASCULINO\CARTEIRA MASCULINA\CASUAL\M217-3B_C.jpg,M217-3B_C.jpg,241239,M2173B
COLEÇÃO - PREFALL - 2022\MASCULINO\CARTEIRA MASCULINA\CASUAL\M217-3B_D.jpg,M217-3B_D.jpg,120268,M2173B
COLEÇÃO - PREFALL - 2022\MASCULINO\CARTEIRA MASCULINA\CASUAL\M217-3C.jpg,M217-3C.jpg,149719,M217
COLEÇÃO - PREFALL - 2022\MASCULINO\CARTEIRA MASCULINA\CASUAL\M217-3D.jpg,M217-3D.jpg,121861,M217
COLEÇÃO - PREFALL - 2022\MASCULINO\CARTEIRA MASCULINA\CASUAL\M217-3E.jpg,M217-3E.jpg,151984,M217
COLEÇÃO - PREFALL - 2022\MASCULINO\CARTEIRA MASCULINA\CASUAL\M217-3G.jpg,M217-3G.jpg,114685,M2173G
COLEÇÃO - PREFALL - 2022\MASCULINO\CARTEIRA MASCULINA\SLIM\092-0-2A.jpg,092-0-2A.jpg,125080,09202A
COLEÇÃO - PREFALL - 2022\MASCULINO\CARTEIRA MASCULINA\SLIM\092-0-2N.jpg,092-0-2N.jpg,170338,09202N
COLEÇÃO - PREFALL - 2022\MASCULINO\CARTEIRA MASCULINA\SLIM\092-0-2W.jpg,092-0-2W.jpg,144198,09202W
COLEÇÃO - PREFALL - 2022\MASCULINO\CARTEIRA MASCULINA\SLIM\092-0-3A.jpg,092-0-3A.jpg,145149,0920
COLEÇÃO - PREFALL - 2022\MASCULINO\CARTEIRA MASCULINA\SLIM\092-0-3C.jpg,092-0-3C.jpg,138121,0920
COLEÇÃO - PREFALL - 2022\MASCULINO\CARTEIRA MASCULINA\SLIM\092-0-3D.jpg,092-0-3D.jpg,190339,0920
COLEÇÃO - PREFALL - 2022\MASCULINO\CARTEIRA MASCULINA\SLIM\092-0-3E.jpg,092-0-3E.jpg,132940,0920
COLEÇÃO - PREFALL - 2022\MASCULINO\CARTEIRA MASCULINA\SLIM\092-0-3E_A.jpg,092-0-3E_A.jpg,129546,0920
COLEÇÃO - PREFALL - 2022\MASCULINO\CARTEIRA MASCULINA\SLIM\092-0-3E_B.jpg,092-0-3E_B.jpg,167147,0920
COLEÇÃO - PREFALL - 2022\MASCULINO\CARTEIRA MASCULINA\SLIM\092-0-3E_C.jpg,092-0-3E_C.jpg,173869,0920
COLEÇÃO - PREFALL - 2022\MASCULINO\CARTEIRA MASCULINA\SLIM\092-0-3E_D.jpg,092-0-3E_D.jpg,126535,0920
COLEÇÃO - PREFALL - 2022\MASCULINO\CARTEIRA MASCULINA\SLIM\092-0-3F.jpg,092-0-3F.jpg,130035,0920
COLEÇÃO - PREFALL - 2022\MASCULINO\CARTEIRA MASCULINA\SOCIAL -  COM BUTÃO\160-1-2A.jpg,160-1-2A.jpg,137082,16012A
COLEÇÃO - PREFALL - 2022\MASCULINO\CARTEIRA MASCULINA\SOCIAL -  COM BUTÃO\160-1-2W.jpg,160-1-2W.jpg,273399,16012W
COLEÇÃO - PREFALL - 2022\MASCULINO\CARTEIRA MASCULINA\SOCIAL -  COM BUTÃO\160-1-3A.jpg,160-1-3A.jpg,323954,1601
COLEÇÃO - PREFALL - 2022\MASCULINO\CARTEIRA MASCULINA\SOCIAL -  COM BUTÃO\160-1-3B.jpg,160-1-3B.jpg,267518,1601
COLEÇÃO - PREFALL - 2022\MASCULINO\CARTEIRA MASCULINA\SOCIAL -  COM BUTÃO\160-1-3B_A.jpg,160-1-3B_A.jpg,98434,1601
COLEÇÃO - PREFALL - 2022\MASCULINO\CARTEIRA MASCULINA\SOCIAL -  COM BUTÃO\160-1-3B_B.jpg,160-1-3B_B.jpg,199257,1601
COLEÇÃO - PREFALL - 2022\MASCULINO\CARTEIRA MASCULINA\SOCIAL -  COM BUTÃO\160-1-3B_C.jpg,160-1-3B_C.jpg,185766,1601
COLEÇÃO - PREFALL - 2022\MASCULINO\CARTEIRA MASCULINA\SOCIAL -  COM BUTÃO\160-1-3B_D.jpg,160-1-3B_D.jpg,159774,1601
COLEÇÃO - PREFALL - 2022\MASCULINO\CARTEIRA MASCULINA\SOCIAL -  COM BUTÃO\160-1-3G.jpg,160-1-3G.jpg,241765,1601
COLEÇÃO - PREFALL - 2022\MASCULINO\CARTEIRA MASCULINA\SOCIAL -  COM BUTÃO\451-1-2A.jpg,451-1-2A.jpg,296115,45112A
COLEÇÃO - PREFALL - 2022\MASCULINO\CARTEIRA MASCULINA\SOCIAL -  COM BUTÃO\451-1-2W.jpg,451-1-2W.jpg,315214,45112W
COLEÇÃO - PREFALL - 2022\MASCULINO\CARTEIRA MASCULINA\SOCIAL -  COM BUTÃO\451-1-2W_A.jpg,451-1-2W_A.jpg,111926,45112W
COLEÇÃO - PREFALL - 2022\MASCULINO\CARTEIRA MASCULINA\SOCIAL -  COM BUTÃO\451-1-2W_B.jpg,451-1-2W_B.jpg,136025,45112W
COLEÇÃO - PREFALL - 2022\MASCULINO\CARTEIRA MASCULINA\SOCIAL -  COM BUTÃO\451-1-2W_C.jpg,451-1-2W_C.jpg,131847,45112W
COLEÇÃO - PREFALL - 2022\MASCULINO\CARTEIRA MASCULINA\SOCIAL -  COM BUTÃO\451-1-2W_D.jpg,451-1-2W_D.jpg,129495,45112W
COLEÇÃO - PREFALL - 2022\MASCULINO\CARTEIRA MASCULINA\SOCIAL -  COM BUTÃO\451-1-3A.jpg,451-1-3A.jpg,300706,4511
COLEÇÃO - PREFALL - 2022\MASCULINO\CARTEIRA MASCULINA\SOCIAL -  COM ZIPER\091-0-1I.jpg,091-0-1I.jpg,285931,09101I
COLEÇÃO - PREFALL - 2022\MASCULINO\CARTEIRA MASCULINA\SOCIAL -  COM ZIPER\091-0-2A.jpg,091-0-2A.jpg,307055,09102A
COLEÇÃO - PREFALL - 2022\MASCULINO\CARTEIRA MASCULINA\SOCIAL -  COM ZIPER\091-0-2N.jpg,091-0-2N.jpg,406241,0910
COLEÇÃO - PREFALL - 2022\MASCULINO\CARTEIRA MASCULINA\SOCIAL -  COM ZIPER\091-0-2N_A.jpg,091-0-2N_A.jpg,171288,0910
COLEÇÃO - PREFALL - 2022\MASCULINO\CARTEIRA MASCULINA\SOCIAL -  COM ZIPER\091-0-2N_B.jpg,091-0-2N_B.jpg,179010,0910
COLEÇÃO - PREFALL - 2022\MASCULINO\CARTEIRA MASCULINA\SOCIAL -  COM ZIPER\091-0-2N_C.jpg,091-0-2N_C.jpg,536481,0910
COLEÇÃO - PREFALL - 2022\MASCULINO\CARTEIRA MASCULINA\SOCIAL -  COM ZIPER\091-0-2N_D.jpg,091-0-2N_D.jpg,143968,0910
COLEÇÃO - PREFALL - 2022\MASCULINO\CARTEIRA MASCULINA\SOCIAL -  COM ZIPER\091-0-2N_E.jpg,091-0-2N_E.jpg,161957,0910
COLEÇÃO - PREFALL - 2022\MASCULINO\CARTEIRA MASCULINA\SOCIAL -  COM ZIPER\091-0-2W.jpg,091-0-2W.jpg,315899,09102W
COLEÇÃO - PREFALL - 2022\MASCULINO\CARTEIRA MASCULINA\SOCIAL -  COM ZIPER\091-0-3A.jpg,091-0-3A.jpg,141251,0910
COLEÇÃO - PREFALL - 2022\MASCULINO\CARTEIRA MASCULINA\SOCIAL -  COM ZIPER\091-0-3B.jpg,091-0-3B.jpg,376701,0910
COLEÇÃO - PREFALL - 2022\MASCULINO\CARTEIRA MASCULINA\SOCIAL -  SEM BUTÃO\434-1I.jpg,434-1I.jpg,86531,434
COLEÇÃO - PREFALL - 2022\MASCULINO\CARTEIRA MASCULINA\SOCIAL -  SEM BUTÃO\434-2A.jpg,434-2A.jpg,92819,434
COLEÇÃO - PREFALL - 2022\MASCULINO\CARTEIRA MASCULINA\SOCIAL -  SEM BUTÃO\434-2N.jpg,434-2N.jpg,127939,434
COLEÇÃO - PREFALL - 2022\MASCULINO\CARTEIRA MASCULINA\SOCIAL -  SEM BUTÃO\434-2W.jpg,434-2W.jpg,83805,434
COLEÇÃO - PREFALL - 2022\MASCULINO\CARTEIRA MASCULINA\SOCIAL -  SEM BUTÃO\434-2W_A.jpg,434-2W_A.jpg,120290,434
COLEÇÃO - PREFALL - 2022\MASCULINO\CARTEIRA MASCULINA\SOCIAL -  SEM BUTÃO\434-2W_B.jpg,434-2W_B.jpg,137735,434
COLEÇÃO - PREFALL - 2022\MASCULINO\CARTEIRA MASCULINA\SOCIAL -  SEM BUTÃO\434-2W_C.jpg,434-2W_C.jpg,135264,434
COLEÇÃO - PREFALL - 2022\MASCULINO\CARTEIRA MASCULINA\SOCIAL -  SEM BUTÃO\434-2W_D.jpg,434-2W_D.jpg,126611,434
COLEÇÃO - PREFALL - 2022\MASCULINO\CARTEIRA MASCULINA\SOCIAL -  SEM BUTÃO\434-3A.jpg,434-3A.jpg,101340,434
COLEÇÃO - PREFALL - 2022\MASCULINO\CARTEIRA MASCULINA\SOCIAL -  SEM BUTÃO\M126-2A.jpg,M126-2A.jpg,233822,M1262A
COLEÇÃO - PREFALL - 2022\MASCULINO\CARTEIRA MASCULINA\SOCIAL -  SEM BUTÃO\M126-2N.jpg,M126-2N.jpg,264929,M1262N
COLEÇÃO - PREFALL - 2022\MASCULINO\CARTEIRA MASCULINA\SOCIAL -  SEM BUTÃO\M126-2N_A.jpg,M126-2N_A.jpg,113930,M1262N
COLEÇÃO - PREFALL - 2022\MASCULINO\CARTEIRA MASCULINA\SOCIAL -  SEM BUTÃO\M126-2N_B.jpg,M126-2N_B.jpg,188261,M1262N
COLEÇÃO - PREFALL - 2022\MASCULINO\CARTEIRA MASCULINA\SOCIAL -  SEM BUTÃO\M126-2N_C.jpg,M126-2N_C.jpg,198723,M1262N
COLEÇÃO - PREFALL - 2022\MASCULINO\CARTEIRA MASCULINA\SOCIAL -  SEM BUTÃO\M126-2N_D.jpg,M126-2N_D.jpg,112055,M1262N
COLEÇÃO - PREFALL - 2022\MASCULINO\CARTEIRA MASCULINA\SOCIAL -  SEM BUTÃO\M126-2W.jpg,M126-2W.jpg,272810,M1262W
COLEÇÃO - PREFALL - 2022\MASCULINO\CARTEIRA MASCULINA\SOCIAL -  SEM BUTÃO\M126-3D.jpg,M126-3D.jpg,40813,M126
COLEÇÃO - PREFALL - 2022\MASCULINO\CINTOS MASCULINOS\CM11-2A.jpg,CM11-2A.jpg,86415,CM112A
COLEÇÃO - PREFALL - 2022\MASCULINO\CINTOS MASCULINOS\CM11-2N.jpg,CM11-2N.jpg,67816,CM11
COLEÇÃO - PREFALL - 2022\MASCULINO\CINTOS MASCULINOS\CM11-2W.jpg,CM11-2W.jpg,52488,CM112W
COLEÇÃO - PREFALL - 2022\MASCULINO\CINTOS MASCULINOS\CM11-3H.jpg,CM11-3H.jpg,98092,CM11
COLEÇÃO - PREFALL - 2022\MASCULINO\CINTOS MASCULINOS\CM12-2A.jpg,CM12-2A.jpg,43497,CM122
COLEÇÃO - PREFALL - 2022\MASCULINO\CINTOS MASCULINOS\CM12-2W.jpg,CM12-2W.jpg,88509,CM122
COLEÇÃO - PREFALL - 2022\MASCULINO\CINTOS MASCULINOS\CM40-2A2N.jpg,CM40-2A2N.jpg,40971,CM402A2N
COLEÇÃO - PREFALL - 2022\MASCULINO\CINTOS MASCULINOS\CM40-2A2W.jpg,CM40-2A2W.jpg,79123,CM40
COLEÇÃO - PREFALL - 2022\MASCULINO\CINTOS MASCULINOS\CM83-2N.jpg,CM83-2N.jpg,40494,CM832N
COLEÇÃO - PREFALL - 2022\MASCULINO\CINTOS MASCULINOS\CM83-3B.jpg,CM83-3B.jpg,88880,CM83
COLEÇÃO - PREFALL - 2022\MASCULINO\CINTOS MASCULINOS\CM83-3D.jpg,CM83-3D.jpg,105731,CM83
COLEÇÃO - PREFALL - 2022\MASCULINO\CINTOS MASCULINOS\CM83-3G.jpg,CM83-3G.jpg,91612,CM833G
COLEÇÃO - PREFALL - 2022\MEDIDAS\17512-2D_E.jpg,17512-2D_E.jpg,146991,17512
COLEÇÃO - PREFALL - 2022\MEDIDAS\2136-1O_E.jpg,2136-1O_E.jpg,90066,2136
COLEÇÃO - PREFALL - 2022\MEDIDAS\2150-1G_E.jpg,2150-1G_E.jpg,90714,2150
COLEÇÃO - PREFALL - 2022\MEDIDAS\26332-1P_E.jpg,26332-1P_E.jpg,129547,26332
COLEÇÃO - PREFALL - 2022\MEDIDAS\28462-1G_E.jpg,28462-1G_E.jpg,145290,28462
COLEÇÃO - PREFALL - 2022\MEDIDAS\2870-1K_E.jpg,2870-1K_E.jpg,133822,2870
COLEÇÃO - PREFALL - 26\17512-11Z.jpg,17512-11Z.jpg,226863,17512
COLEÇÃO - PREFALL - 26\2136-14N.jpg,2136-14N.jpg,225759,2136
COLEÇÃO - PREFALL - 26\2136-14R11W.jpg,2136-14R11W.jpg,255728,2136
COLEÇÃO - PREFALL - 26\2136-9M1K.jpg,2136-9M1K.jpg,266206,2136
COLEÇÃO - PREFALL - 26\2150-14M.jpg,2150-14M.jpg,259370,2150
COLEÇÃO - PREFALL - 26\2150-14N.jpg,2150-14N.jpg,190279,2150
COLEÇÃO - PREFALL - 26\2150-14R11W.jpg,2150-14R11W.jpg,248568,2150
COLEÇÃO - PREFALL - 26\2150-9O.jpg,2150-9O.jpg,227485,2150
COLEÇÃO - PREFALL - 26\26332-14N.jpg,26332-14N.jpg,253442,26332
COLEÇÃO - PREFALL - 26\28462-11W.jpg,28462-11W.jpg,250482,28462
COLEÇÃO - PREFALL - 26\2870-14M.jpg,2870-14M.jpg,224274,2870
COLEÇÃO - PREFALL - 26\2870-14N.jpg,2870-14N.jpg,264813,2870
COLEÇÃO - PREFALL - 26\2870-9O.jpg,2870-9O.jpg,257017,2870
COLEÇÃO - PREFALL - 26\30362-2G.jpg,30362-2G.jpg,188853,30362
COLEÇÃO - PREFALL - 26\3151-14N.jpg,3151-14N.jpg,225614,3151
COLEÇÃO - PREFALL - 26\3151-1A.jpg,3151-1A.jpg,272990,3151
COLEÇÃO - PREFALL - 26\3151-9O.jpg,3151-9O.jpg,224980,3151
COLEÇÃO - PREFALL - 26\3262-14M.jpg,3262-14M.jpg,255768,3262
COLEÇÃO - PREFALL - 26\3262-14N.jpg,3262-14N.jpg,280984,3262
COLEÇÃO - PREFALL - 26\3421-14N.jpg,3421-14N.jpg,238933,3421
COLEÇÃO - PREFALL - 26\3421-14Q.jpg,3421-14Q.jpg,138283,3421
COLEÇÃO - PREFALL - 26\3434-11X.jpg,3434-11X.jpg,238933,3434
COLEÇÃO - PREFALL - 26\3434-14N.jpg,3434-14N.jpg,241547,3434
COLEÇÃO - PREFALL - 26\3434-14R11W.jpg,3434-14R11W.jpg,216969,3434
COLEÇÃO - PREFALL - 26\3434-1A.jpg,3434-1A.jpg,238845,3434
COLEÇÃO - PREFALL - 26\3436-14N.jpg,3436-14N.jpg,259239,3436
COLEÇÃO - PREFALL - 26\3436-14R11W.jpg,3436-14R11W.jpg,265208,3436
COLEÇÃO - PREFALL - 26\3436-1A.jpg,3436-1A.jpg,244684,3436
COLEÇÃO - PREFALL - 26\3436-1K.jpg,3436-1K.jpg,236300,3436
COLEÇÃO - PREFALL - 26\3466-13C.jpg,3466-13C.jpg,210185,3466
COLEÇÃO - PREFALL - 26\3466-14N.jpg,3466-14N.jpg,257569,3466
COLEÇÃO - PREFALL - 26\3466-1A.jpg,3466-1A.jpg,237101,3466
COLEÇÃO - PREFALL - 26\3466-9O.jpg,3466-9O.jpg,178399,3466
COLEÇÃO - PREFALL - 26\3475-11W1K.jpg,3475-11W1K.jpg,237270,3475
COLEÇÃO - PREFALL - 26\3475-14N.jpg,3475-14N.jpg,222920,3475
COLEÇÃO - PREFALL - 26\3475-1A.jpg,3475-1A.jpg,247419,3475
COLEÇÃO - PREFALL - 26\3475-9M1K.jpg,3475-9M1K.jpg,251202,3475
COLEÇÃO - PREFALL - 26\3476-10C1K.jpg,3476-10C1K.jpg,236210,3476
COLEÇÃO - PREFALL - 26\3476-11W1K.jpg,3476-11W1K.jpg,244392,3476
COLEÇÃO - PREFALL - 26\3476-14N.jpg,3476-14N.jpg,263297,3476
COLEÇÃO - PREFALL - 26\3476-1A.jpg,3476-1A.jpg,261418,3476
COLEÇÃO - PREFALL - 26\3476-9M1K.jpg,3476-9M1K.jpg,234984,3476
COLEÇÃO - PREFALL - 26\CF134-14N.jpg,CF134-14N.jpg,281881,CF134
COLEÇÃO - PREFALL - 26\CF165-14N.jpg,CF165-14N.jpg,271557,CF165
COLEÇÃO - PREFALL - 26\CF166-14N.jpg,CF166-14N.jpg,215378,CF166
COLEÇÃO - PREFALL - 26\CF176-14N.jpg,CF176-14N.jpg,220216,CF176
COLEÇÃO - PREFALL - 26\CF186-14N.jpg,CF186-14N.jpg,264193,CF186
COLEÇÃO - PREFALL - 26\CF195-14N.jpg,CF195-14N.jpg,239193,CF195
COLEÇÃO - PREFALL - 26\CF204-14N.jpg,CF204-14N.jpg,214352,CF204
COLEÇÃO - PREFALL - 26\CF220-11W2G.jpg,CF220-11W2G.jpg,220890,CF220
COLEÇÃO - PREFALL - 26\CF220-12C1A.jpg,CF220-12C1A.jpg,238972,CF220
COLEÇÃO - PREFALL - 26\CF220-1K1I.jpg,CF220-1K1I.jpg,198671,CF220
COLEÇÃO - PREFALL - 26\CF220-2G14E.jpg,CF220-2G14E.jpg,252559,CF220
COLEÇÃO - PREFALL - 26\CF220-8W1K.jpg,CF220-8W1K.jpg,221895,CF220
COLEÇÃO - PREFALL - 26\CF220-9M1K.jpg,CF220-9M1K.jpg,215082,CF220
COLEÇÃO - PREFALL - 26\CF220-9M1K_A.jpg,CF220-9M1K_A.jpg,227034,CF220
COLEÇÃO - PREFALL - 26\CF220-9M1K_B.jpg,CF220-9M1K_B.jpg,269754,CF220
COLEÇÃO - PREFALL - 26\CF220-9M1K_C.jpg,CF220-9M1K_C.jpg,275794,CF220
COLEÇÃO - PREFALL - 26\CF220-9M1K_D.jpg,CF220-9M1K_D.jpg,291303,CF220
COLEÇÃO - PREFALL - 26\CF220-9M1K_E.jpg,CF220-9M1K_E.jpg,277881,CF220
COLEÇÃO - PREFALL - 26\CTF94-11W.jpg,CTF94-11W.jpg,260422,CTF94
COLEÇÃO - PREFALL - 26\CTF94-14M.jpg,CTF94-14M.jpg,270149,CTF94
COLEÇÃO - PREFALL - 26\CTF94-14N.jpg,CTF94-14N.jpg,205764,CTF94
COLEÇÃO - PREFALL - 26\CTF94-1K.jpg,CTF94-1K.jpg,201191,CTF94
COLEÇÃO - PREFALL - 26\CTF94-9O.jpg,CTF94-9O.jpg,235523,CTF94
COLEÇÃO - PREFALL 24\GERAL\040-0-3E.jpg,040-0-3E.jpg,346441,0400
COLEÇÃO - PREFALL 24\GERAL\040-0-3F.jpg,040-0-3F.jpg,330596,0400
COLEÇÃO - PREFALL 24\GERAL\040-0-8E.jpg,040-0-8E.jpg,310061,0400
COLEÇÃO - PREFALL 24\GERAL\040-0-8F.jpg,040-0-8F.jpg,356880,0400
COLEÇÃO - PREFALL 24\GERAL\091-0-2W_A.jpg,091-0-2W_A.jpg,171478,09102W
COLEÇÃO - PREFALL 24\GERAL\091-0-2W_B.jpg,091-0-2W_B.jpg,266532,09102W
COLEÇÃO - PREFALL 24\GERAL\091-0-2W_C.jpg,091-0-2W_C.jpg,423688,09102W
COLEÇÃO - PREFALL 24\GERAL\091-0-2W_D.jpg,091-0-2W_D.jpg,223407,09102W
COLEÇÃO - PREFALL 24\GERAL\17512-1A.jpg,17512-1A.jpg,260571,17512
COLEÇÃO - PREFALL 24\GERAL\17512-1M_A.jpg,17512-1M_A.jpg,73220,17512
COLEÇÃO - PREFALL 24\GERAL\17512-1M_B.jpg,17512-1M_B.jpg,379427,17512
COLEÇÃO - PREFALL 24\GERAL\17512-1M_C.jpg,17512-1M_C.jpg,464768,17512
COLEÇÃO - PREFALL 24\GERAL\17512-1M_D.jpg,17512-1M_D.jpg,531421,17512
COLEÇÃO - PREFALL 24\GERAL\17512-1M_E.jpg,17512-1M_E.jpg,284989,17512
COLEÇÃO - PREFALL 24\GERAL\2136-1B.jpg,2136-1B.jpg,332656,2136
COLEÇÃO - PREFALL 24\GERAL\2136-1J.jpg,2136-1J.jpg,312858,2136
COLEÇÃO - PREFALL 24\GERAL\2136-9L.jpg,2136-9L.jpg,308681,2136
COLEÇÃO - PREFALL 24\GERAL\21362-8W1K.jpg,21362-8W1K.jpg,382102,2136
COLEÇÃO - PREFALL 24\GERAL\21362-8W1K_B.jpg,21362-8W1K_B.jpg,367952,2136
COLEÇÃO - PREFALL 24\GERAL\21362-8W1K_C.jpg,21362-8W1K_C.jpg,346778,2136
COLEÇÃO - PREFALL 24\GERAL\21362-8W1K_D.jpg,21362-8W1K_D.jpg,174803,2136
COLEÇÃO - PREFALL 24\GERAL\21362-8W1K_E.jpg,21362-8W1K_E.jpg,430227,2136
COLEÇÃO - PREFALL 24\GERAL\2150-1B.jpg,2150-1B.jpg,322406,2150
COLEÇÃO - PREFALL 24\GERAL\2150-1J.jpg,2150-1J.jpg,334420,2150
COLEÇÃO - PREFALL 24\GERAL\2150-1L.jpg,2150-1L.jpg,307974,2150
COLEÇÃO - PREFALL 24\GERAL\2150-1L_B.jpg,2150-1L_B.jpg,321115,2150
COLEÇÃO - PREFALL 24\GERAL\2150-1L_C.jpg,2150-1L_C.jpg,319084,2150
COLEÇÃO - PREFALL 24\GERAL\2150-1L_D.jpg,2150-1L_D.jpg,530227,2150
COLEÇÃO - PREFALL 24\GERAL\2150-1L_E.jpg,2150-1L_E.jpg,346082,2150
COLEÇÃO - PREFALL 24\GERAL\2150-1M.jpg,2150-1M.jpg,297735,2150
COLEÇÃO - PREFALL 24\GERAL\2150-2T.jpg,2150-2T.jpg,269585,2150
COLEÇÃO - PREFALL 24\GERAL\2150-9L.jpg,2150-9L.jpg,316904,2150
COLEÇÃO - PREFALL 24\GERAL\26332-1B.jpg,26332-1B.jpg,312618,26332
COLEÇÃO - PREFALL 24\GERAL\26332-1J.jpg,26332-1J.jpg,346045,26332
COLEÇÃO - PREFALL 24\GERAL\26332-1L.jpg,26332-1L.jpg,347509,26332
COLEÇÃO - PREFALL 24\GERAL\26332-2T.jpg,26332-2T.jpg,335915,26332
COLEÇÃO - PREFALL 24\GERAL\26332-9L.jpg,26332-9L.jpg,359016,26332
COLEÇÃO - PREFALL 24\GERAL\2846-2G1V.jpg,2846-2G1V.jpg,297791,28462
COLEÇÃO - PREFALL 24\GERAL\28462-1A_A.jpg,28462-1A_A.jpg,97301,28462
COLEÇÃO - PREFALL 24\GERAL\28462-9D.jpg,28462-9D.jpg,290018,28462
COLEÇÃO - PREFALL 24\GERAL\2870-1K.jpg,2870-1K.jpg,465004,2870
COLEÇÃO - PREFALL 24\GERAL\2870-2G.jpg,2870-2G.jpg,323838,2870
COLEÇÃO - PREFALL 24\GERAL\2870-9D.jpg,2870-9D.jpg,317951,2870
COLEÇÃO - PREFALL 24\GERAL\30362-9F.jpg,30362-9F.jpg,340173,30362
COLEÇÃO - PREFALL 24\GERAL\30362-9H.jpg,30362-9H.jpg,314542,30362
COLEÇÃO - PREFALL 24\GERAL\30362-9I.jpg,30362-9I.jpg,299428,30362
COLEÇÃO - PREFALL 24\GERAL\30362-9J.jpg,30362-9J.jpg,251756,30362
COLEÇÃO - PREFALL 24\GERAL\3151-8F.jpg,3151-8F.jpg,334906,3151
COLEÇÃO - PREFALL 24\GERAL\3151-9H.jpg,3151-9H.jpg,275482,3151
COLEÇÃO - PREFALL 24\GERAL\3151-9I.jpg,3151-9I.jpg,277547,3151
COLEÇÃO - PREFALL 24\GERAL\3151-9J.jpg,3151-9J.jpg,291618,3151
COLEÇÃO - PREFALL 24\GERAL\3151-9K.jpg,3151-9K.jpg,213560,3151
COLEÇÃO - PREFALL 24\GERAL\31512-2G1V.jpg,31512-2G1V.jpg,215496,3151
COLEÇÃO - PREFALL 24\GERAL\31512-9G9E.jpg,31512-9G9E.jpg,272150,3151
COLEÇÃO - PREFALL 24\GERAL\434-2W_A.jpg,434-2W_A.jpg,126493,434
COLEÇÃO - PREFALL 24\GERAL\434-2W_B.jpg,434-2W_B.jpg,207056,434
COLEÇÃO - PREFALL 24\GERAL\434-2W_C.jpg,434-2W_C.jpg,240386,434
COLEÇÃO - PREFALL 24\GERAL\434-2W_D.jpg,434-2W_D.jpg,172220,434
COLEÇÃO - PREFALL 24\GERAL\CF134-9F.jpg,CF134-9F.jpg,255416,CF134
COLEÇÃO - PREFALL 24\GERAL\CF134-9H.jpg,CF134-9H.jpg,293073,CF134
COLEÇÃO - PREFALL 24\GERAL\CF134-9I.jpg,CF134-9I.jpg,276647,CF134
COLEÇÃO - PREFALL 24\GERAL\CF165-2D.jpg,CF165-2D.jpg,196255,CF165
COLEÇÃO - PREFALL 24\GERAL\CF165-9D.jpg,CF165-9D.jpg,197399,CF165
COLEÇÃO - PREFALL 24\GERAL\CF166-5I.jpg,CF166-5I.jpg,233353,CF166
COLEÇÃO - PREFALL 24\GERAL\CF176-9F.jpg,CF176-9F.jpg,248872,CF176
COLEÇÃO - PREFALL 24\GERAL\CF176-9H.jpg,CF176-9H.jpg,247067,CF176
COLEÇÃO - PREFALL 24\GERAL\CF176-9I.jpg,CF176-9I.jpg,254202,CF176
COLEÇÃO - PREFALL 24\GERAL\CF186-5I.jpg,CF186-5I.jpg,322407,CF186
COLEÇÃO - PREFALL 24\GERAL\CM97- 3G3U.jpg,CM97- 3G3U.jpg,258361,CM97
COLEÇÃO - PREFALL 24\GERAL\CM97-8U3Z.jpg,CM97-8U3Z.jpg,295976,CM97
COLEÇÃO - PREFALL 24\GERAL\CM97-8V9A_.jpg,CM97-8V9A_.jpg,307256,CM97
COLEÇÃO - PREFALL 24\GERAL\CTF94-1A.jpg,CTF94-1A.jpg,262592,CTF94
COLEÇÃO - PREFALL 24\GERAL\CTF94-1I.jpg,CTF94-1I.jpg,308781,CTF94
COLEÇÃO - PREFALL 24\GERAL\CTF94-9H1M.jpg,CTF94-9H1M.jpg,345029,CTF94
COLEÇÃO - PREFALL 24\GERAL\CTF94-9I5J.jpg,CTF94-9I5J.jpg,339778,CTF94
COLEÇÃO - PREFALL 24\GERAL\CTF94-9J2B.jpg,CTF94-9J2B.jpg,238759,CTF94
COLEÇÃO - PREFALL 24\GERAL\CTF94-9K1V.jpg,CTF94-9K1V.jpg,230350,CTF94
COLEÇÃO - PREFALL 24\GERAL\CTF94-9R9E.jpg,CTF94-9R9E.jpg,319462,CTF94
COLEÇÃO - PREFALL 24\GERAL\M217-8F.jpg,M217-8F.jpg,312049,M217
COLEÇÃO - PREFALL 24\GERAL\M217-8F_A.jpg,M217-8F_A.jpg,213395,M217
COLEÇÃO - PREFALL 24\GERAL\M217-8F_B.jpg,M217-8F_B.jpg,358907,M217
COLEÇÃO - PREFALL 24\GERAL\M217-8F_C.jpg,M217-8F_C.jpg,216148,M217
COLEÇÃO - PREFALL 24\GERAL\M217-8F_D.jpg,M217-8F_D.jpg,167719,M217
COLEÇÃO - PREFALL 25\GERAL\2136-11W.jpg,2136-11W.jpg,296085,2136
COLEÇÃO - PREFALL 25\GERAL\2136-12B.jpg,2136-12B.jpg,225518,2136
COLEÇÃO - PREFALL 25\GERAL\2136-9O.jpg,2136-9O.jpg,324302,2136
COLEÇÃO - PREFALL 25\GERAL\2150-11W.jpg,2150-11W.jpg,257690,2150
COLEÇÃO - PREFALL 25\GERAL\26332-10D.jpg,26332-10D.jpg,199551,26332
COLEÇÃO - PREFALL 25\GERAL\2870-10D.jpg,2870-10D.jpg,291551,2870
COLEÇÃO - PREFALL 25\GERAL\2870-12B.jpg,2870-12B.jpg,217077,2870
COLEÇÃO - PREFALL 25\GERAL\3151-10D.jpg,3151-10D.jpg,254422,3151
COLEÇÃO - PREFALL 25\GERAL\3262-10D_B.jpg,3262-10D_B.jpg,128424,3262
COLEÇÃO - PREFALL 25\GERAL\3262-10D_C.jpg,3262-10D_C.jpg,237834,3262
COLEÇÃO - PREFALL 25\GERAL\3262-10D_D.jpg,3262-10D_D.jpg,52730,3262
COLEÇÃO - PREFALL 25\GERAL\3262-10D_E.jpg,3262-10D_E.jpg,103440,3262
COLEÇÃO - PREFALL 25\GERAL\3262-11P.jpg,3262-11P.jpg,275253,3262
COLEÇÃO - PREFALL 25\GERAL\3262-11P_B.jpg,3262-11P_B.jpg,114894,3262
COLEÇÃO - PREFALL 25\GERAL\3262-11P_C.jpg,3262-11P_C.jpg,225236,3262
COLEÇÃO - PREFALL 25\GERAL\3262-11P_D.jpg,3262-11P_D.jpg,46347,3262
COLEÇÃO - PREFALL 25\GERAL\3262-11P_E.jpg,3262-11P_E.jpg,92598,3262
COLEÇÃO - PREFALL 25\GERAL\3262-12B.jpg,3262-12B.jpg,219248,3262
COLEÇÃO - PREFALL 25\GERAL\3262-12B_B.jpg,3262-12B_B.jpg,81437,3262
COLEÇÃO - PREFALL 25\GERAL\3262-12B_C.jpg,3262-12B_C.jpg,155928,3262
COLEÇÃO - PREFALL 25\GERAL\3262-12B_D.jpg,3262-12B_D.jpg,37362,3262
COLEÇÃO - PREFALL 25\GERAL\3262-12B_E.jpg,3262-12B_E.jpg,82272,3262
COLEÇÃO - PREFALL 25\GERAL\3262-9O.jpg,3262-9O.jpg,325905,3262
COLEÇÃO - PREFALL 25\GERAL\3262-9O_B.jpg,3262-9O_B.jpg,112338,3262
COLEÇÃO - PREFALL 25\GERAL\3262-9O_C.jpg,3262-9O_C.jpg,220690,3262
COLEÇÃO - PREFALL 25\GERAL\3262-9O_D.jpg,3262-9O_D.jpg,49252,3262
COLEÇÃO - PREFALL 25\GERAL\3262-9O_E.jpg,3262-9O_E.jpg,104400,3262
COLEÇÃO - RESORT\2870-CB01.jpg,2870-CB01.jpg,34434,2870
COLEÇÃO - RESORT\2870-CB01_B.jpg,2870-CB01_B.jpg,80419,2870
COLEÇÃO - RESORT\2870-CB01_C.jpg,2870-CB01_C.jpg,82919,2870
COLEÇÃO - RESORT\2870-CB01_D.jpg,2870-CB01_D.jpg,109819,2870
COLEÇÃO - RESORT\2870-CB01_E.jpg,2870-CB01_E.jpg,28528,2870
COLEÇÃO - RESORT\2870-CB02.jpg,2870-CB02.jpg,33081,2870
COLEÇÃO - RESORT\2870-CB02_B.jpg,2870-CB02_B.jpg,77435,2870
COLEÇÃO - RESORT\2870-CB02_C.jpg,2870-CB02_C.jpg,86366,2870
COLEÇÃO - RESORT\2870-CB02_D.jpg,2870-CB02_D.jpg,134450,2870
COLEÇÃO - RESORT\2870-CB02_E.jpg,2870-CB02_E.jpg,31034,2870
COLEÇÃO - RESORT\2870-CB03.jpg,2870-CB03.jpg,29853,2870
COLEÇÃO - RESORT\2870-CB03_B.jpg,2870-CB03_B.jpg,78576,2870
COLEÇÃO - RESORT\2870-CB03_C.jpg,2870-CB03_C.jpg,65277,2870
COLEÇÃO - RESORT\2870-CB03_D.jpg,2870-CB03_D.jpg,116373,2870
COLEÇÃO - RESORT\2870-CB03_E.jpg,2870-CB03_E.jpg,27334,2870
COLEÇÃO - RESORT\2870-CB04.jpg,2870-CB04.jpg,30948,2870
COLEÇÃO - RESORT\2870-CB04_B.jpg,2870-CB04_B.jpg,79386,2870
COLEÇÃO - RESORT\2870-CB04_C.jpg,2870-CB04_C.jpg,79644,2870
COLEÇÃO - RESORT\2870-CB04_D.jpg,2870-CB04_D.jpg,121587,2870
COLEÇÃO - RESORT\2870-CB04_E.jpg,2870-CB04_E.jpg,28653,2870
COLEÇÃO - RESORT\2870-CB05.jpg,2870-CB05.jpg,33382,2870
COLEÇÃO - RESORT\2870-CB05_B.jpg,2870-CB05_B.jpg,74281,2870
COLEÇÃO - RESORT\2870-CB05_C.jpg,2870-CB05_C.jpg,71278,2870
COLEÇÃO - RESORT\2870-CB05_D.jpg,2870-CB05_D.jpg,122657,2870
COLEÇÃO - RESORT\2870-CB05_E.jpg,2870-CB05_E.jpg,28850,2870
COLEÇÃO - RESORT\2870-CB06.jpg,2870-CB06.jpg,32803,2870
COLEÇÃO - RESORT\2870-CB06_B.jpg,2870-CB06_B.jpg,73467,2870
COLEÇÃO - RESORT\2870-CB06_C.jpg,2870-CB06_C.jpg,65763,2870
COLEÇÃO - RESORT\2870-CB06_D.jpg,2870-CB06_D.jpg,114405,2870
COLEÇÃO - RESORT\2870-CB06_E.jpg,2870-CB06_E.jpg,27644,2870
COLEÇÃO - RESORT\2870-CB07.jpg,2870-CB07.jpg,27634,2870
COLEÇÃO - RESORT\2870-CB07_B.jpg,2870-CB07_B.jpg,62828,2870
COLEÇÃO - RESORT\2870-CB07_C.jpg,2870-CB07_C.jpg,65382,2870
COLEÇÃO - RESORT\2870-CB07_D.jpg,2870-CB07_D.jpg,117615,2870
COLEÇÃO - RESORT\2870-CB07_E.jpg,2870-CB07_E.jpg,27396,2870
COLEÇÃO - RESORT  24\040-0-2A.png,040-0-2A.png,242769,04002A
COLEÇÃO - RESORT  24\040-0-2N.png,040-0-2N.png,282029,04002N
COLEÇÃO - RESORT  24\040-0-2N_A.png,040-0-2N_A.png,146157,04002N
COLEÇÃO - RESORT  24\040-0-2N_B.png,040-0-2N_B.png,272142,04002N
COLEÇÃO - RESORT  24\040-0-2N_C.png,040-0-2N_C.png,257497,04002N
COLEÇÃO - RESORT  24\040-0-2N_D.png,040-0-2N_D.png,160489,04002N
COLEÇÃO - RESORT  24\040-0-2W.png,040-0-2W.png,321427,04002W
COLEÇÃO - RESORT  24\091-0-1I.png,091-0-1I.png,230102,09101I
COLEÇÃO - RESORT  24\091-0-2A.png,091-0-2A.png,232285,09102A
COLEÇÃO - RESORT  24\091-0-2W.png,091-0-2W.png,231673,09102W
COLEÇÃO - RESORT  24\091-0-3B.png,091-0-3B.png,216675,0910
COLEÇÃO - RESORT  24\091-0-3B_B.png,091-0-3B_B.png,230194,0910
COLEÇÃO - RESORT  24\091-0-3B_C.png,091-0-3B_C.png,267035,0910
COLEÇÃO - RESORT  24\092-0-2A.png,092-0-2A.png,270806,09202A
COLEÇÃO - RESORT  24\092-0-2N.png,092-0-2N.png,369098,09202N
COLEÇÃO - RESORT  24\092-0-2W.png,092-0-2W.png,318861,09202W
COLEÇÃO - RESORT  24\092-0-3D.png,092-0-3D.png,339952,0920
COLEÇÃO - RESORT  24\092-0-3D_A.png,092-0-3D_A.png,141562,0920
COLEÇÃO - RESORT  24\092-0-3D_B.png,092-0-3D_B.png,181498,0920
COLEÇÃO - RESORT  24\092-0-3D_C.png,092-0-3D_C.png,195677,0920
COLEÇÃO - RESORT  24\092-0-3D_D.png,092-0-3D_D.png,193942,0920
COLEÇÃO - RESORT  24\160-1-2A.png,160-1-2A.png,179367,16012A
COLEÇÃO - RESORT  24\160-1-2A_A.png,160-1-2A_A.png,128583,16012A
COLEÇÃO - RESORT  24\160-1-2A_B.png,160-1-2A_B.png,148152,16012A
COLEÇÃO - RESORT  24\160-1-2A_C.png,160-1-2A_C.png,183091,16012A
COLEÇÃO - RESORT  24\160-1-2A_D.png,160-1-2A_D.png,203542,16012A
COLEÇÃO - RESORT  24\160-1-2W.png,160-1-2W.png,362966,16012W
COLEÇÃO - RESORT  24\17512-1I.png,17512-1I.png,340590,17512
COLEÇÃO - RESORT  24\17512-1K.png,17512-1K.png,315872,17512
COLEÇÃO - RESORT  24\17512-1K_A.png,17512-1K_A.png,189463,17512
COLEÇÃO - RESORT  24\17512-1K_B.png,17512-1K_B.png,330762,17512
COLEÇÃO - RESORT  24\17512-1K_C.png,17512-1K_C.png,404033,17512
COLEÇÃO - RESORT  24\17512-1K_D.png,17512-1K_D.png,329159,17512
COLEÇÃO - RESORT  24\17512-1K_E.png,17512-1K_E.png,246777,17512
COLEÇÃO - RESORT  24\17512-1M.png,17512-1M.png,324609,17512
COLEÇÃO - RESORT  24\17512-8K.png,17512-8K.png,327943,17512
COLEÇÃO - RESORT  24\2136-1A.png,2136-1A.png,274022,2136
COLEÇÃO - RESORT  24\2136-1L.png,2136-1L.png,363438,2136
COLEÇÃO - RESORT  24\2136-1M.jpg,2136-1M.jpg,362742,2136
COLEÇÃO - RESORT  24\2136-2T.png,2136-2T.png,317611,2136
COLEÇÃO - RESORT  24\2136-8R.png,2136-8R.png,360974,2136
COLEÇÃO - RESORT  24\2150-1A.png,2150-1A.png,251279,2150
COLEÇÃO - RESORT  24\2150-1I.png,2150-1I.png,230174,2150
COLEÇÃO - RESORT  24\2150-1I1Z.png,2150-1I1Z.png,284754,2150
COLEÇÃO - RESORT  24\2150-1I1Z_B.png,2150-1I1Z_B.png,271887,2150
COLEÇÃO - RESORT  24\2150-1I1Z_C.png,2150-1I1Z_C.png,279112,2150
COLEÇÃO - RESORT  24\2150-1I1Z_D.png,2150-1I1Z_D.png,447686,2150
COLEÇÃO - RESORT  24\2150-1I1Z_E.png,2150-1I1Z_E.png,224891,2150
COLEÇÃO - RESORT  24\2150-1K.png,2150-1K.png,261183,2150
COLEÇÃO - RESORT  24\2150-1K7V.png,2150-1K7V.png,315164,2150
COLEÇÃO - RESORT  24\2150-8J.png,2150-8J.png,274422,2150
COLEÇÃO - RESORT  24\2150-8J_B.png,2150-8J_B.png,272223,2150
COLEÇÃO - RESORT  24\2150-8J_C.png,2150-8J_C.png,246208,2150
COLEÇÃO - RESORT  24\2150-8J_D.png,2150-8J_D.png,359931,2150
COLEÇÃO - RESORT  24\2150-8J_E.png,2150-8J_E.png,184981,2150
COLEÇÃO - RESORT  24\26332-1A.png,26332-1A.png,281666,26332
COLEÇÃO - RESORT  24\26332-1I.png,26332-1I.png,328423,26332
COLEÇÃO - RESORT  24\26332-1M.png,26332-1M.png,318877,26332
COLEÇÃO - RESORT  24\26332-8K.png,26332-8K.png,306053,26332
COLEÇÃO - RESORT  24\26332-8K_A.png,26332-8K_A.png,182796,26332
COLEÇÃO - RESORT  24\26332-8K_B.png,26332-8K_B.png,316917,26332
COLEÇÃO - RESORT  24\26332-8K_C.png,26332-8K_C.png,273219,26332
COLEÇÃO - RESORT  24\26332-8K_E.png,26332-8K_E.png,207546,26332
COLEÇÃO - RESORT  24\28462-1A.png,28462-1A.png,343859,28462
COLEÇÃO - RESORT  24\28462-1A_A.png,28462-1A_A.png,147519,28462
COLEÇÃO - RESORT  24\28462-1A_B.png,28462-1A_B.png,309558,28462
COLEÇÃO - RESORT  24\28462-1A_C.png,28462-1A_C.png,334191,28462
COLEÇÃO - RESORT  24\28462-1A_D.png,28462-1A_D.png,381300,28462
COLEÇÃO - RESORT  24\28462-1A_E.png,28462-1A_E.png,198477,28462
COLEÇÃO - RESORT  24\28462-1I.png,28462-1I.png,361457,28462
COLEÇÃO - RESORT  24\28462-1K.png,28462-1K.png,365150,28462
COLEÇÃO - RESORT  24\28462-1T.png,28462-1T.png,273000,28462
COLEÇÃO - RESORT  24\28462-2G.png,28462-2G.png,341291,28462
COLEÇÃO - RESORT  24\28462-8L.png,28462-8L.png,317393,28462
COLEÇÃO - RESORT  24\2870-1A.png,2870-1A.png,278146,2870
COLEÇÃO - RESORT  24\2870-1I.png,2870-1I.png,305188,2870
COLEÇÃO - RESORT  24\2870-1M.png,2870-1M.png,305698,2870
COLEÇÃO - RESORT  24\2870-1M_B.png,2870-1M_B.png,341120,2870
COLEÇÃO - RESORT  24\2870-1M_C.png,2870-1M_C.png,399128,2870
COLEÇÃO - RESORT  24\2870-1M_D.png,2870-1M_D.png,333578,2870
COLEÇÃO - RESORT  24\2870-1M_E.png,2870-1M_E.png,212022,2870
COLEÇÃO - RESORT  24\2870-7S.png,2870-7S.png,281963,2870
COLEÇÃO - RESORT  24\2870-7S_A.png,2870-7S_A.png,169350,2870
COLEÇÃO - RESORT  24\2870-7S_B.png,2870-7S_B.png,329096,2870
COLEÇÃO - RESORT  24\2870-7S_C.png,2870-7S_C.png,368881,2870
COLEÇÃO - RESORT  24\2870-7S_D.png,2870-7S_D.png,269979,2870
COLEÇÃO - RESORT  24\2870-7S_E.png,2870-7S_E.png,268921,2870
COLEÇÃO - RESORT  24\2870-8I.png,2870-8I.png,302545,2870
COLEÇÃO - RESORT  24\2870-8J.png,2870-8J.png,312968,2870
COLEÇÃO - RESORT  24\30362-1I.png,30362-1I.png,218828,30362
COLEÇÃO - RESORT  24\30362-1I_A.png,30362-1I_A.png,156529,30362
COLEÇÃO - RESORT  24\30362-1I_B.png,30362-1I_B.png,244715,30362
COLEÇÃO - RESORT  24\30362-1I_C.png,30362-1I_C.png,209509,30362
COLEÇÃO - RESORT  24\30362-1I_E.png,30362-1I_E.png,121643,30362
COLEÇÃO - RESORT  24\30362-1K.png,30362-1K.png,177237,30362
COLEÇÃO - RESORT  24\30362-7V.png,30362-7V.png,218273,30362
COLEÇÃO - RESORT  24\30362-8K.png,30362-8K.png,227967,30362
COLEÇÃO - RESORT  24\3151-1I.png,3151-1I.png,324883,3151
COLEÇÃO - RESORT  24\3151-1K.png,3151-1K.png,272001,3151
COLEÇÃO - RESORT  24\3151-1T.png,3151-1T.png,267585,3151
COLEÇÃO - RESORT  24\3151-2D.png,3151-2D.png,284930,3151
COLEÇÃO - RESORT  24\3151-2G.png,3151-2G.png,239555,3151
COLEÇÃO - RESORT  24\3151-2Q.png,3151-2Q.png,299325,3151
COLEÇÃO - RESORT  24\3151-8I.png,3151-8I.png,266051,3151
COLEÇÃO - RESORT  24\3151-8I_A.png,3151-8I_A.png,600827,3151
COLEÇÃO - RESORT  24\3151-8I_B.png,3151-8I_B.png,201279,3151
COLEÇÃO - RESORT  24\3151-8I_C.png,3151-8I_C.png,211301,3151
COLEÇÃO - RESORT  24\3151-8I_D.png,3151-8I_D.png,250787,3151
COLEÇÃO - RESORT  24\3151-8I_E.png,3151-8I_E.png,173794,3151
COLEÇÃO - RESORT  24\3151-8Q.png,3151-8Q.png,276452,3151
COLEÇÃO - RESORT  24\31512-1I2B.png,31512-1I2B.png,280661,3151
COLEÇÃO - RESORT  24\31512-1K1Y.png,31512-1K1Y.png,274703,3151
COLEÇÃO - RESORT  24\31512-1K1Y_A.png,31512-1K1Y_A.png,611411,3151
COLEÇÃO - RESORT  24\31512-1K1Y_B.png,31512-1K1Y_B.png,270527,3151
COLEÇÃO - RESORT  24\31512-1K1Y_C.png,31512-1K1Y_C.png,231138,3151
COLEÇÃO - RESORT  24\31512-1K1Y_D.png,31512-1K1Y_D.png,270713,3151
COLEÇÃO - RESORT  24\31512-1K1Y_E.png,31512-1K1Y_E.png,170264,3151
COLEÇÃO - RESORT  24\31512-7N-SAIU (1).png,31512-7N-SAIU (1).png,245830,3151
COLEÇÃO - RESORT  24\31512-7N-SAIU (2).png,31512-7N-SAIU (2).png,259605,3151
COLEÇÃO - RESORT  24\31512-7N-SAIU (3).png,31512-7N-SAIU (3).png,221641,3151
COLEÇÃO - RESORT  24\31512-7N-SAIU (4).png,31512-7N-SAIU (4).png,308951,3151
COLEÇÃO - RESORT  24\31512-7N-SAIU (5).png,31512-7N-SAIU (5).png,671676,3151
COLEÇÃO - RESORT  24\31512-7N_A.png,31512-7N_A.png,684314,3151
COLEÇÃO - RESORT  24\31512-7N_B.png,31512-7N_B.png,259605,3151
COLEÇÃO - RESORT  24\31512-7N_C.png,31512-7N_C.png,221641,3151
COLEÇÃO - RESORT  24\31512-7N_D.png,31512-7N_D.png,308951,3151
COLEÇÃO - RESORT  24\31512-7N_E.png,31512-7N_E.png,215339,3151
COLEÇÃO - RESORT  24\31512-8J8O.png,31512-8J8O.png,253655,3151
COLEÇÃO - RESORT  24\31512-8K8P.png,31512-8K8P.png,264957,3151
COLEÇÃO - RESORT  24\31512-8N.png,31512-8N.png,245821,3151
COLEÇÃO - RESORT  24\31512-8P.png,31512-8P.png,264948,3151
COLEÇÃO - RESORT  24\434-1I.png,434-1I.png,233868,434
COLEÇÃO - RESORT  24\434-1I_A.png,434-1I_A.png,152495,434
COLEÇÃO - RESORT  24\434-1I_B.png,434-1I_B.png,174848,434
COLEÇÃO - RESORT  24\434-1I_C.png,434-1I_C.png,187311,434
COLEÇÃO - RESORT  24\434-1I_D.png,434-1I_D.png,202695,434
COLEÇÃO - RESORT  24\434.-2A.png,434.-2A.png,330483,434
COLEÇÃO - RESORT  24\434.-2W.png,434.-2W.png,276974,434
COLEÇÃO - RESORT  24\451-1-2A.png,451-1-2A.png,286202,45112A
COLEÇÃO - RESORT  24\451-1-2W.png,451-1-2W.png,234866,45112W
COLEÇÃO - RESORT  24\451-1-2W_A.png,451-1-2W_A.png,172020,45112W
COLEÇÃO - RESORT  24\451-1-2W_B.png,451-1-2W_B.png,171513,45112W
COLEÇÃO - RESORT  24\451-1-2W_C.png,451-1-2W_C.png,241570,45112W
COLEÇÃO - RESORT  24\451-1-2W_D.png,451-1-2W_D.png,198138,45112W
COLEÇÃO - RESORT  24\CF134-1A.png,CF134-1A.png,189752,CF134
COLEÇÃO - RESORT  24\CF134-1I.png,CF134-1I.png,187968,CF134
COLEÇÃO - RESORT  24\CF134-1K.png,CF134-1K.png,159114,CF134
COLEÇÃO - RESORT  24\CF134-1T.png,CF134-1T.png,209953,CF134
COLEÇÃO - RESORT  24\CF134-2D.png,CF134-2D.png,166432,CF134
COLEÇÃO - RESORT  24\CF134-2G.png,CF134-2G.png,170947,CF134
COLEÇÃO - RESORT  24\CF134-8I.png,CF134-8I.png,219903,CF134
COLEÇÃO - RESORT  24\CF165-1A.png,CF165-1A.png,136444,CF165
COLEÇÃO - RESORT  24\CF165-1I.png,CF165-1I.png,134961,CF165
COLEÇÃO - RESORT  24\CF165-1K.png,CF165-1K.png,134062,CF165
COLEÇÃO - RESORT  24\CF165-8J.png,CF165-8J.png,129885,CF165
COLEÇÃO - RESORT  24\CF165-8K.png,CF165-8K.png,115437,CF165
COLEÇÃO - RESORT  24\CF165-8L.png,CF165-8L.png,121759,CF165
COLEÇÃO - RESORT  24\CF166-1A.png,CF166-1A.png,148950,CF166
COLEÇÃO - RESORT  24\CF166-1I.png,CF166-1I.png,153692,CF166
COLEÇÃO - RESORT  24\CF166-1K.png,CF166-1K.png,151701,CF166
COLEÇÃO - RESORT  24\CF166-1T.png,CF166-1T.png,160404,CF166
COLEÇÃO - RESORT  24\CF166-2D.png,CF166-2D.png,155408,CF166
COLEÇÃO - RESORT  24\CF166-2G.png,CF166-2G.png,136734,CF166
COLEÇÃO - RESORT  24\CF166-8I.png,CF166-8I.png,153394,CF166
COLEÇÃO - RESORT  24\CF176-1A.png,CF176-1A.png,134474,CF176
COLEÇÃO - RESORT  24\CF176-1I.png,CF176-1I.png,148303,CF176
COLEÇÃO - RESORT  24\CF176-1K.png,CF176-1K.png,138824,CF176
COLEÇÃO - RESORT  24\CF176-1T.png,CF176-1T.png,172773,CF176
COLEÇÃO - RESORT  24\CF176-2D.png,CF176-2D.png,156680,CF176
COLEÇÃO - RESORT  24\CF176-2G.png,CF176-2G.png,129133,CF176
COLEÇÃO - RESORT  24\CF176-8I.png,CF176-8I.png,161270,CF176
COLEÇÃO - RESORT  24\CF186-1A.png,CF186-1A.png,533423,CF186
COLEÇÃO - RESORT  24\CF186-1I.png,CF186-1I.png,551968,CF186
COLEÇÃO - RESORT  24\CF186-1K.png,CF186-1K.png,533481,CF186
COLEÇÃO - RESORT  24\CF186-2D.png,CF186-2D.png,545908,CF186
COLEÇÃO - RESORT  24\CF186-2G.png,CF186-2G.png,486100,CF186
COLEÇÃO - RESORT  24\CF186-8K.png,CF186-8K.png,537648,CF186
COLEÇÃO - RESORT  24\CF186-8L.png,CF186-8L.png,572564,CF186
COLEÇÃO - RESORT  24\CTF94-1K.png,CTF94-1K.png,286106,CTF94
COLEÇÃO - RESORT  24\CTF94-1K_A.png,CTF94-1K_A.png,135116,CTF94
COLEÇÃO - RESORT  24\CTF94-1K_B.png,CTF94-1K_B.png,293112,CTF94
COLEÇÃO - RESORT  24\CTF94-1K_C.png,CTF94-1K_C.png,281703,CTF94
COLEÇÃO - RESORT  24\CTF94-1K_D.png,CTF94-1K_D.png,164541,CTF94
COLEÇÃO - RESORT  24\CTF94-1T.png,CTF94-1T.png,298538,CTF94
COLEÇÃO - RESORT  24\CTF94-1Z.png,CTF94-1Z.png,299963,CTF94
COLEÇÃO - RESORT  24\CTF94-2D.png,CTF94-2D.png,275847,CTF94
COLEÇÃO - RESORT  24\CTF94-2G.png,CTF94-2G.png,240475,CTF94
COLEÇÃO - RESORT  24\CTF94-2Q.png,CTF94-2Q.png,263564,CTF94
COLEÇÃO - RESORT  24\CTF94-7V.png,CTF94-7V.png,345946,CTF94
COLEÇÃO - RESORT  24\CTF94-8I.png,CTF94-8I.png,353744,CTF94
COLEÇÃO - RESORT  24\M126-2A.png,M126-2A.png,248727,M1262A
COLEÇÃO - RESORT  24\M126-2N.png,M126-2N.png,322854,M1262N
COLEÇÃO - RESORT  24\M126-2W.png,M126-2W.png,284313,M1262W
COLEÇÃO - RESORT  24\M217-3B.png,M217-3B.png,269696,M2173B
COLEÇÃO - RESORT  24\M217-3B_A.png,M217-3B_A.png,171145,M2173B
COLEÇÃO - RESORT  24\M217-3B_B.png,M217-3B_B.png,354791,M2173B
COLEÇÃO - RESORT  24\M217-3B_C.png,M217-3B_C.png,263017,M2173B
COLEÇÃO - RESORT  24\M217-3B_D.png,M217-3B_D.png,153134,M2173B
COLEÇÃO - RESORT  24\M217-3G.png,M217-3G.png,251418,M2173G
COLEÇÃO - RESORT 2023  ALTERAÇÕES E NOVAS\0400-2N.jpg,0400-2N.jpg,478891,04002N
COLEÇÃO - RESORT 2023  ALTERAÇÕES E NOVAS\0400-3C.jpg,0400-3C.jpg,373004,0400
COLEÇÃO - RESORT 2023  ALTERAÇÕES E NOVAS\0400-3G.jpg,0400-3G.jpg,397966,0400
COLEÇÃO - RESORT 2023  ALTERAÇÕES E NOVAS\092-0-2N_A.jpg,092-0-2N_A.jpg,142285,09202N
COLEÇÃO - RESORT 2023  ALTERAÇÕES E NOVAS\092-0-2N_B.jpg,092-0-2N_B.jpg,391765,09202N
COLEÇÃO - RESORT 2023  ALTERAÇÕES E NOVAS\092-0-2N_C.jpg,092-0-2N_C.jpg,357758,09202N
COLEÇÃO - RESORT 2023  ALTERAÇÕES E NOVAS\092-0-2N_D.jpg,092-0-2N_D.jpg,147846,09202N
COLEÇÃO - RESORT 2023  ALTERAÇÕES E NOVAS\160-1-2N.jpg,160-1-2N.jpg,471387,1601
COLEÇÃO - RESORT 2023  ALTERAÇÕES E NOVAS\160-1-2W_A.jpg,160-1-2W_A.jpg,381051,16012W
COLEÇÃO - RESORT 2023  ALTERAÇÕES E NOVAS\160-1-2W_B.jpg,160-1-2W_B.jpg,149900,16012W
COLEÇÃO - RESORT 2023  ALTERAÇÕES E NOVAS\160-1-2W_C.jpg,160-1-2W_C.jpg,136892,16012W
COLEÇÃO - RESORT 2023  ALTERAÇÕES E NOVAS\160-1-2W_D.jpg,160-1-2W_D.jpg,102596,16012W
COLEÇÃO - RESORT 2023  ALTERAÇÕES E NOVAS\1751-2O.jpg,1751-2O.jpg,399665,17512
COLEÇÃO - RESORT 2023  ALTERAÇÕES E NOVAS\17512-1A_B.jpg,17512-1A_B.jpg,261242,17512
COLEÇÃO - RESORT 2023  ALTERAÇÕES E NOVAS\17512-1A_C.jpg,17512-1A_C.jpg,243162,17512
COLEÇÃO - RESORT 2023  ALTERAÇÕES E NOVAS\17512-1A_D.jpg,17512-1A_D.jpg,457830,17512
COLEÇÃO - RESORT 2023  ALTERAÇÕES E NOVAS\17512-1A_E.jpg,17512-1A_E.jpg,87563,17512
COLEÇÃO - RESORT 2023  ALTERAÇÕES E NOVAS\17512-2K.jpg,17512-2K.jpg,409015,17512
COLEÇÃO - RESORT 2023  ALTERAÇÕES E NOVAS\17512-4D.jpg,17512-4D.jpg,457697,17512
COLEÇÃO - RESORT 2023  ALTERAÇÕES E NOVAS\2136-1I3R.jpg,2136-1I3R.jpg,523071,2136
COLEÇÃO - RESORT 2023  ALTERAÇÕES E NOVAS\2136-1J.jpg,2136-1J.jpg,478602,2136
COLEÇÃO - RESORT 2023  ALTERAÇÕES E NOVAS\2136-1T.jpg,2136-1T.jpg,469121,2136
COLEÇÃO - RESORT 2023  ALTERAÇÕES E NOVAS\2136-2G.jpg,2136-2G.jpg,358046,2136
COLEÇÃO - RESORT 2023  ALTERAÇÕES E NOVAS\2136-2M1Y_A.jpg,2136-2M1Y_A.jpg,338985,2136
COLEÇÃO - RESORT 2023  ALTERAÇÕES E NOVAS\2136-2M1Y_B.jpg,2136-2M1Y_B.jpg,347038,2136
COLEÇÃO - RESORT 2023  ALTERAÇÕES E NOVAS\2136-2M1Y_C.jpg,2136-2M1Y_C.jpg,358252,2136
COLEÇÃO - RESORT 2023  ALTERAÇÕES E NOVAS\2136-2M1Y_D.jpg,2136-2M1Y_D.jpg,614451,2136
COLEÇÃO - RESORT 2023  ALTERAÇÕES E NOVAS\2136-2M1Y_E.jpg,2136-2M1Y_E.jpg,116852,2136
COLEÇÃO - RESORT 2023  ALTERAÇÕES E NOVAS\2136-6S.jpg,2136-6S.jpg,470692,2136
COLEÇÃO - RESORT 2023  ALTERAÇÕES E NOVAS\2136-6U.jpg,2136-6U.jpg,518976,2136
COLEÇÃO - RESORT 2023  ALTERAÇÕES E NOVAS\2136-6W.jpg,2136-6W.jpg,486417,2136
COLEÇÃO - RESORT 2023  ALTERAÇÕES E NOVAS\2136-6W_A.jpg,2136-6W_A.jpg,260449,2136
COLEÇÃO - RESORT 2023  ALTERAÇÕES E NOVAS\2136-6W_B.jpg,2136-6W_B.jpg,356014,2136
COLEÇÃO - RESORT 2023  ALTERAÇÕES E NOVAS\2136-6W_C.jpg,2136-6W_C.jpg,358839,2136
COLEÇÃO - RESORT 2023  ALTERAÇÕES E NOVAS\2136-6W_E.jpg,2136-6W_E.jpg,102863,2136
COLEÇÃO - RESORT 2023  ALTERAÇÕES E NOVAS\2150-1A.jpg,2150-1A.jpg,367878,2150
COLEÇÃO - RESORT 2023  ALTERAÇÕES E NOVAS\2150-1I3R.jpg,2150-1I3R.jpg,138089,2150
COLEÇÃO - RESORT 2023  ALTERAÇÕES E NOVAS\2150-1K.jpg,2150-1K.jpg,365477,2150
COLEÇÃO - RESORT 2023  ALTERAÇÕES E NOVAS\2150-1T.jpg,2150-1T.jpg,380526,2150
COLEÇÃO - RESORT 2023  ALTERAÇÕES E NOVAS\2150-1T_A.jpg,2150-1T_A.jpg,272053,2150
COLEÇÃO - RESORT 2023  ALTERAÇÕES E NOVAS\2150-1T_B.jpg,2150-1T_B.jpg,295551,2150
COLEÇÃO - RESORT 2023  ALTERAÇÕES E NOVAS\2150-1T_C.jpg,2150-1T_C.jpg,273475,2150
COLEÇÃO - RESORT 2023  ALTERAÇÕES E NOVAS\2150-1T_D.jpg,2150-1T_D.jpg,552137,2150
COLEÇÃO - RESORT 2023  ALTERAÇÕES E NOVAS\2150-1T_E.jpg,2150-1T_E.jpg,123465,2150
COLEÇÃO - RESORT 2023  ALTERAÇÕES E NOVAS\2150-2G.jpg,2150-2G.jpg,364269,2150
COLEÇÃO - RESORT 2023  ALTERAÇÕES E NOVAS\2150-5I.jpg,2150-5I.jpg,590782,2150
COLEÇÃO - RESORT 2023  ALTERAÇÕES E NOVAS\2150-6S.jpg,2150-6S.jpg,413826,2150
COLEÇÃO - RESORT 2023  ALTERAÇÕES E NOVAS\2150-6U.jpg,2150-6U.jpg,457041,2150
COLEÇÃO - RESORT 2023  ALTERAÇÕES E NOVAS\26332-1I_B.jpg,26332-1I_B.jpg,297758,26332
COLEÇÃO - RESORT 2023  ALTERAÇÕES E NOVAS\26332-1I_C.jpg,26332-1I_C.jpg,319842,26332
COLEÇÃO - RESORT 2023  ALTERAÇÕES E NOVAS\26332-1I_D.jpg,26332-1I_D.jpg,246813,26332
COLEÇÃO - RESORT 2023  ALTERAÇÕES E NOVAS\26332-1I_E.jpg,26332-1I_E.jpg,112439,26332
COLEÇÃO - RESORT 2023  ALTERAÇÕES E NOVAS\26332-1T.jpg,26332-1T.jpg,458485,26332
COLEÇÃO - RESORT 2023  ALTERAÇÕES E NOVAS\26332-1U.jpg,26332-1U.jpg,373077,26332
COLEÇÃO - RESORT 2023  ALTERAÇÕES E NOVAS\26332-1V.jpg,26332-1V.jpg,415573,26332
COLEÇÃO - RESORT 2023  ALTERAÇÕES E NOVAS\26332-6T.jpg,26332-6T.jpg,530129,26332
COLEÇÃO - RESORT 2023  ALTERAÇÕES E NOVAS\26332-6V.jpg,26332-6V.jpg,552400,26332
COLEÇÃO - RESORT 2023  ALTERAÇÕES E NOVAS\28462-3I.jpg,28462-3I.jpg,292895,28462
COLEÇÃO - RESORT 2023  ALTERAÇÕES E NOVAS\28462-6P3R.jpg,28462-6P3R.jpg,152449,28462
COLEÇÃO - RESORT 2023  ALTERAÇÕES E NOVAS\28462-6P3R_A.jpg,28462-6P3R_A.jpg,278253,28462
COLEÇÃO - RESORT 2023  ALTERAÇÕES E NOVAS\28462-6P3R_B.jpg,28462-6P3R_B.jpg,388840,28462
COLEÇÃO - RESORT 2023  ALTERAÇÕES E NOVAS\28462-6P3R_C.jpg,28462-6P3R_C.jpg,434924,28462
COLEÇÃO - RESORT 2023  ALTERAÇÕES E NOVAS\28462-6P3R_D.jpg,28462-6P3R_D.jpg,285718,28462
COLEÇÃO - RESORT 2023  ALTERAÇÕES E NOVAS\28462-6P3R_E.jpg,28462-6P3R_E.jpg,118484,28462
COLEÇÃO - RESORT 2023  ALTERAÇÕES E NOVAS\2870-3I.jpg,2870-3I.jpg,306491,2870
COLEÇÃO - RESORT 2023  ALTERAÇÕES E NOVAS\2870-4D.jpg,2870-4D.jpg,368086,2870
COLEÇÃO - RESORT 2023  ALTERAÇÕES E NOVAS\2870-5I.jpg,2870-5I.jpg,574494,2870
COLEÇÃO - RESORT 2023  ALTERAÇÕES E NOVAS\CF134-1A.jpg,CF134-1A.jpg,204579,CF134
COLEÇÃO - RESORT 2023  ALTERAÇÕES E NOVAS\CF134-1I.jpg,CF134-1I.jpg,230607,CF134
COLEÇÃO - RESORT 2023  ALTERAÇÕES E NOVAS\CF134-3I.jpg,CF134-3I.jpg,153711,CF134
COLEÇÃO - RESORT 2023  ALTERAÇÕES E NOVAS\CF134-5I.jpg,CF134-5I.jpg,370962,CF134
COLEÇÃO - RESORT 2023  ALTERAÇÕES E NOVAS\CF165-1A.jpg,CF165-1A.jpg,121839,CF165
COLEÇÃO - RESORT 2023  ALTERAÇÕES E NOVAS\CF165-1I.jpg,CF165-1I.jpg,143125,CF165
COLEÇÃO - RESORT 2023  ALTERAÇÕES E NOVAS\CF165-2G.jpg,CF165-2G.jpg,132508,CF165
COLEÇÃO - RESORT 2023  ALTERAÇÕES E NOVAS\CF165-6S.jpg,CF165-6S.jpg,147167,CF165
COLEÇÃO - RESORT 2023  ALTERAÇÕES E NOVAS\CF165-6U.jpg,CF165-6U.jpg,209337,CF165
COLEÇÃO - RESORT 2023  ALTERAÇÕES E NOVAS\CF166-1A.jpg,CF166-1A.jpg,174593,CF166
COLEÇÃO - RESORT 2023  ALTERAÇÕES E NOVAS\CF166-1I.jpg,CF166-1I.jpg,199751,CF166
COLEÇÃO - RESORT 2023  ALTERAÇÕES E NOVAS\CF166-2G.jpg,CF166-2G.jpg,153276,CF166
COLEÇÃO - RESORT 2023  ALTERAÇÕES E NOVAS\CF166-6S.jpg,CF166-6S.jpg,177817,CF166
COLEÇÃO - RESORT 2023  ALTERAÇÕES E NOVAS\CF166-6U.jpg,CF166-6U.jpg,205176,CF166
COLEÇÃO - RESORT 2023  ALTERAÇÕES E NOVAS\CF176-1A.jpg,CF176-1A.jpg,172379,CF176
COLEÇÃO - RESORT 2023  ALTERAÇÕES E NOVAS\CF176-1I.jpg,CF176-1I.jpg,178998,CF176
COLEÇÃO - RESORT 2023  ALTERAÇÕES E NOVAS\CF176-2G.jpg,CF176-2G.jpg,162570,CF176
COLEÇÃO - RESORT 2023  ALTERAÇÕES E NOVAS\CF176-6S.jpg,CF176-6S.jpg,172051,CF176
COLEÇÃO - RESORT 2023  ALTERAÇÕES E NOVAS\CF176-6U.jpg,CF176-6U.jpg,238958,CF176
COLEÇÃO - RESORT 2023  ALTERAÇÕES E NOVAS\CM40-2A3E.jpg,CM40-2A3E.jpg,127243,CM40
COLEÇÃO - RESORT 2023  ALTERAÇÕES E NOVAS\CM91-2N7E.jpg,CM91-2N7E.jpg,430541,CM912N7E
COLEÇÃO - RESORT 2023  ALTERAÇÕES E NOVAS\CM91-3C7H.jpg,CM91-3C7H.jpg,355985,CM91
COLEÇÃO - RESORT 2023  ALTERAÇÕES E NOVAS\CM91-3D7F.jpg,CM91-3D7F.jpg,427521,CM91
COLEÇÃO - RESORT 2023  ALTERAÇÕES E NOVAS\CM91-3F7G.jpg,CM91-3F7G.jpg,400023,CM913F7G
COLEÇÃO - RESORT 2023  ALTERAÇÕES E NOVAS\M217-2N.jpg,M217-2N.jpg,539673,M217
COLEÇÃO - RESORT 2023  ALTERAÇÕES E NOVAS\M217-3F.jpg,M217-3F.jpg,460285,M217
COLEÇÃO - RESORT 2025\2136 2G.jpg,2136 2G.jpg,248827,2136
COLEÇÃO - RESORT 2025\2136-10D.jpg,2136-10D.jpg,326902,2136
COLEÇÃO - RESORT 2025\2136-10F.jpg,2136-10F.jpg,316032,2136
COLEÇÃO - RESORT 2025\2136-10H.jpg,2136-10H.jpg,332652,2136
COLEÇÃO - RESORT 2025\2136-1K.jpg,2136-1K.jpg,308464,2136
COLEÇÃO - RESORT 2025\21362-8Z1K.jpg,21362-8Z1K.jpg,349771,2136
COLEÇÃO - RESORT 2025\26332-1I.jpg,26332-1I.jpg,139014,26332
COLEÇÃO - RESORT 2025\26332-1K.jpg,26332-1K.jpg,297358,26332
COLEÇÃO - RESORT 2025\26332-1K_B.jpg,26332-1K_B.jpg,233767,26332
COLEÇÃO - RESORT 2025\26332-1K_C.jpg,26332-1K_C.jpg,234561,26332
COLEÇÃO - RESORT 2025\26332-1K_D.jpg,26332-1K_D.jpg,308205,26332
COLEÇÃO - RESORT 2025\26332-1K_E.jpg,26332-1K_E.jpg,309363,26332
COLEÇÃO - RESORT 2025\26332-1M.jpg,26332-1M.jpg,116600,26332
COLEÇÃO - RESORT 2025\28462-1K8W.jpg,28462-1K8W.jpg,224428,28462
COLEÇÃO - RESORT 2025\30362-1A.jpg,30362-1A.jpg,228637,30362
COLEÇÃO - RESORT 2025\3151-10H.jpg,3151-10H.jpg,176246,3151
COLEÇÃO - RESORT 2025\31512-10D10E.jpg,31512-10D10E.jpg,423403,3151
COLEÇÃO - RESORT 2025\3262-10D.jpg,3262-10D.jpg,282183,3262
COLEÇÃO - RESORT 2025\3262-10F.jpg,3262-10F.jpg,259073,3262
COLEÇÃO - RESORT 2025\3262-1A.jpg,3262-1A.jpg,271009,3262
COLEÇÃO - RESORT 2025\3262-1I.jpg,3262-1I.jpg,294812,3262
COLEÇÃO - RESORT 2025\3262-1K.jpg,3262-1K.jpg,274354,3262
COLEÇÃO - RESORT 2025\3262-5I.jpg,3262-5I.jpg,408850,3262
COLEÇÃO - RESORT 2025\3262-6N.jpg,3262-6N.jpg,336866,3262
COLEÇÃO - RESORT 2025\3262-8W1K.jpg,3262-8W1K.jpg,415897,3262
COLEÇÃO - RESORT 2025\3262-8W1K_B.jpg,3262-8W1K_B.jpg,387064,3262
COLEÇÃO - RESORT 2025\3262-8W1K_C.jpg,3262-8W1K_C.jpg,456104,3262
COLEÇÃO - RESORT 2025\3262-8W1K_D.jpg,3262-8W1K_D.jpg,76604,3262
COLEÇÃO - RESORT 2025\3262-8W1K_E.jpg,3262-8W1K_E.jpg,351956,3262
COLEÇÃO - RESORT 2025\3262-9M1K.jpg,3262-9M1K.jpg,286595,3262
COLEÇÃO - RESORT 2025\3262-9M2G.jpg,3262-9M2G.jpg,262394,3262
COLEÇÃO - RESORT 2025\CF166-10D.jpg,CF166-10D.jpg,114139,CF166
COLEÇÃO - RESORT 2025\CF166-10H.jpg,CF166-10H.jpg,107620,CF166
COLEÇÃO - RESORT 2025\CF176-10D.jpg,CF176-10D.jpg,118220,CF176
COLEÇÃO - RESORT 2025\CF176-10H.jpg,CF176-10H.jpg,113725,CF176
COLEÇÃO - RESORT 2025\CF186-10D.jpg,CF186-10D.jpg,118443,CF186
COLEÇÃO - RESORT 2025\CF186-10H.jpg,CF186-10H.jpg,110124,CF186
COLEÇÃO - RESORT 2025\CF1863-10D.jpg,CF1863-10D.jpg,90750,CF186
COLEÇÃO - RESORT 2025\CF1863-10H.jpg,CF1863-10H.jpg,89634,CF186
COLEÇÃO - RESORT 2025\CF1863-1A.jpg,CF1863-1A.jpg,91203,CF186
COLEÇÃO - RESORT 2025\CF1863-2G.jpg,CF1863-2G.jpg,86679,CF186
COLEÇÃO - RESORT 2025\CF1864-10D.jpg,CF1864-10D.jpg,92640,CF186
COLEÇÃO - RESORT 2025\CM122-2A.jpg,CM122-2A.jpg,941466,CM1222A
COLEÇÃO - RESORT 2025\CM122-2W.jpg,CM122-2W.jpg,1071497,CM1222W
COLEÇÃO - RESORT 2025\CM83RT-10Q.jpg,CM83RT-10Q.jpg,1093618,CM83
COLEÇÃO - RESORT 2025\CM91-2N7E.jpg,CM91-2N7E.jpg,1174549,CM912N7E
COLEÇÃO - RESORT 2025\CM97-2N10V.jpg,CM97-2N10V.jpg,1272886,CM97
COLEÇÃO - RESORT 2025\CM97-3D10X.jpg,CM97-3D10X.jpg,1183178,CM973D10X
COLEÇÃO - RESORT 2025\CTF94-10D.jpg,CTF94-10D.jpg,316470,CTF94
COLEÇÃO - RESORT 2025\CTF94-10F.jpg,CTF94-10F.jpg,311485,CTF94
COLEÇÃO - RESORT 2025\CTF94-10H.jpg,CTF94-10H.jpg,275015,CTF94
COLEÇÃO - RESORT 2025\CTF94-10J.jpg,CTF94-10J.jpg,237127,CTF94
COLEÇÃO - RESORT 2026\040-0-10P.jpg,040-0-10P.jpg,262634,040010P
COLEÇÃO - RESORT 2026\17512-11W.jpg,17512-11W.jpg,232104,17512
COLEÇÃO - RESORT 2026\2136-12V.jpg,2136-12V.jpg,278692,2136
COLEÇÃO - RESORT 2026\2136-12Y.jpg,2136-12Y.jpg,277902,2136
COLEÇÃO - RESORT 2026\2136-12Z.jpg,2136-12Z.jpg,240050,2136
COLEÇÃO - RESORT 2026\2136-5I.jpg,2136-5I.jpg,238969,2136
COLEÇÃO - RESORT 2026\2150-12Y.jpg,2150-12Y.jpg,251227,2150
COLEÇÃO - RESORT 2026\2150-1I.jpg,2150-1I.jpg,232921,2150
COLEÇÃO - RESORT 2026\2150-2D.jpg,2150-2D.jpg,250250,2150
COLEÇÃO - RESORT 2026\2870-11W.jpg,2870-11W.jpg,258119,2870
COLEÇÃO - RESORT 2026\2870-12Y.jpg,2870-12Y.jpg,202003,2870
COLEÇÃO - RESORT 2026\30362-11W.jpg,30362-11W.jpg,268799,30362
COLEÇÃO - RESORT 2026\3151-11R.jpg,3151-11R.jpg,264660,3151
COLEÇÃO - RESORT 2026\3151-12V.jpg,3151-12V.jpg,236388,3151
COLEÇÃO - RESORT 2026\3151-12Y.jpg,3151-12Y.jpg,234013,3151
COLEÇÃO - RESORT 2026\3151-12Z.jpg,3151-12Z.jpg,243555,3151
COLEÇÃO - RESORT 2026\3262-12C1A.jpg,3262-12C1A.jpg,254678,3262
COLEÇÃO - RESORT 2026\3262-12V.jpg,3262-12V.jpg,268962,3262
COLEÇÃO - RESORT 2026\3262-12Y.jpg,3262-12Y.jpg,281658,3262
COLEÇÃO - RESORT 2026\3262-12Z.jpg,3262-12Z.jpg,226818,3262
COLEÇÃO - RESORT 2026\3262-2D.jpg,3262-2D.jpg,283599,3262
COLEÇÃO - RESORT 2026\3332-12E1A.jpg,3332-12E1A.jpg,274647,3332
COLEÇÃO - RESORT 2026\3332-12E1A_A.jpg,3332-12E1A_A.jpg,256927,3332
COLEÇÃO - RESORT 2026\3332-12E1A_B.jpg,3332-12E1A_B.jpg,262407,3332
COLEÇÃO - RESORT 2026\3332-12E1A_C.jpg,3332-12E1A_C.jpg,280326,3332
COLEÇÃO - RESORT 2026\3332-12E1A_D.jpg,3332-12E1A_D.jpg,269363,3332
COLEÇÃO - RESORT 2026\3332-12E1A_E.jpg,3332-12E1A_E.jpg,242970,3332
COLEÇÃO - RESORT 2026\3421-11W.jpg,3421-11W.jpg,239351,3421
COLEÇÃO - RESORT 2026\3421-12T.jpg,3421-12T.jpg,282236,3421
COLEÇÃO - RESORT 2026\3421-12U.jpg,3421-12U.jpg,229027,3421
COLEÇÃO - RESORT 2026\3434-11W.jpg,3434-11W.jpg,242707,3434
COLEÇÃO - RESORT 2026\3434-12Y.jpg,3434-12Y.jpg,230343,3434
COLEÇÃO - RESORT 2026\3434-12Z.jpg,3434-12Z.jpg,172175,3434
COLEÇÃO - RESORT 2026\3434-13M1K.jpg,3434-13M1K.jpg,248106,3434
COLEÇÃO - RESORT 2026\3434-13M1K_B.jpg,3434-13M1K_B.jpg,223702,3434
COLEÇÃO - RESORT 2026\3434-13M1K_C.jpg,3434-13M1K_C.jpg,255802,3434
COLEÇÃO - RESORT 2026\3434-13M1K_D.jpg,3434-13M1K_D.jpg,135972,3434
COLEÇÃO - RESORT 2026\3434-13M1K_E.jpg,3434-13M1K_E.jpg,241554,3434
COLEÇÃO - RESORT 2026\3434-13M1K_F.jpg,3434-13M1K_F.jpg,223051,3434
COLEÇÃO - RESORT 2026\3434-13N1I.jpg,3434-13N1I.jpg,227906,3434
COLEÇÃO - RESORT 2026\3434-13O2G.jpg,3434-13O2G.jpg,217304,3434
COLEÇÃO - RESORT 2026\3434-1I.jpg,3434-1I.jpg,201984,3434
COLEÇÃO - RESORT 2026\3434-2G.jpg,3434-2G.jpg,196598,3434
COLEÇÃO - RESORT 2026\3434-2G_E.jpg,3434-2G_E.jpg,203585,3434
COLEÇÃO - RESORT 2026\3436-11W.jpg,3436-11W.jpg,274551,3436
COLEÇÃO - RESORT 2026\3436-12B.jpg,3436-12B.jpg,208184,3436
COLEÇÃO - RESORT 2026\3436-12B_E.jpg,3436-12B_E.jpg,310486,3436
COLEÇÃO - RESORT 2026\3436-12Y.jpg,3436-12Y.jpg,236328,3436
COLEÇÃO - RESORT 2026\3436-13M1K.jpg,3436-13M1K.jpg,211844,3436
COLEÇÃO - RESORT 2026\3436-13M1K_B.jpg,3436-13M1K_B.jpg,272842,3436
COLEÇÃO - RESORT 2026\3436-13M1K_C.jpg,3436-13M1K_C.jpg,252756,3436
COLEÇÃO - RESORT 2026\3436-13M1K_D.jpg,3436-13M1K_D.jpg,136719,3436
COLEÇÃO - RESORT 2026\3436-13M1K_E.jpg,3436-13M1K_E.jpg,228732,3436
COLEÇÃO - RESORT 2026\3436-13N1I.jpg,3436-13N1I.jpg,233152,3436
COLEÇÃO - RESORT 2026\3436-13O2G.jpg,3436-13O2G.jpg,245690,3436
COLEÇÃO - RESORT 2026\3436-1I.jpg,3436-1I.jpg,210782,3436
COLEÇÃO - RESORT 2026\3466-12B.jpg,3466-12B.jpg,141298,3466
COLEÇÃO - RESORT 2026\3466-12G.jpg,3466-12G.jpg,193325,3466
COLEÇÃO - RESORT 2026\3466-12G_B.jpg,3466-12G_B.jpg,253967,3466
COLEÇÃO - RESORT 2026\3466-12G_C.jpg,3466-12G_C.jpg,265275,3466
COLEÇÃO - RESORT 2026\3466-12G_D.jpg,3466-12G_D.jpg,236038,3466
COLEÇÃO - RESORT 2026\3466-12G_E.jpg,3466-12G_E.jpg,188332,3466
COLEÇÃO - RESORT 2026\3466-12H.jpg,3466-12H.jpg,178915,3466
COLEÇÃO - RESORT 2026\3466-12V.jpg,3466-12V.jpg,171652,3466
COLEÇÃO - RESORT 2026\3466-12Y.jpg,3466-12Y.jpg,168615,3466
COLEÇÃO - RESORT 2026\3466-12Z.jpg,3466-12Z.jpg,162852,3466
COLEÇÃO - RESORT 2026\3466-13B.jpg,3466-13B.jpg,206502,3466
COLEÇÃO - RESORT 2026\3466-1I.jpg,3466-1I.jpg,200297,3466
COLEÇÃO - RESORT 2026\3466-1K.jpg,3466-1K.jpg,198212,3466
COLEÇÃO - RESORT 2026\3466-2G.jpg,3466-2G.jpg,158282,3466
COLEÇÃO - RESORT 2026\3466-5I.jpg,3466-5I.jpg,249432,3466
COLEÇÃO - RESORT 2026\3466-6N.jpg,3466-6N.jpg,229759,3466
COLEÇÃO - RESORT 2026\CF134-11W.jpg,CF134-11W.jpg,236534,CF134
COLEÇÃO - RESORT 2026\CF186-11W.jpg,CF186-11W.jpg,230916,CF186
COLEÇÃO - RESORT 2026\CF195-11W.jpg,CF195-11W.jpg,199591,CF195
COLEÇÃO - RESORT 2026\CF195-12Y.jpg,CF195-12Y.jpg,200548,CF195
COLEÇÃO - RESORT 2026\CF195-2D.jpg,CF195-2D.jpg,256045,CF195
COLEÇÃO - RESORT 2026\CF195-2G.jpg,CF195-2G.jpg,265693,CF195
COLEÇÃO - RESORT 2026\CF204-11W.jpg,CF204-11W.jpg,214807,CF204
COLEÇÃO - RESORT 2026\CF204-2D.jpg,CF204-2D.jpg,186208,CF204
COLEÇÃO - RESORT 2026\CM117-2N.jpg,CM117-2N.jpg,200524,CM11
COLEÇÃO - RESORT 2026\CM117-2N_A.jpg,CM117-2N_A.jpg,245078,CM11
COLEÇÃO - RESORT 2026\CM117-3D.jpg,CM117-3D.jpg,220157,CM11
COLEÇÃO - RESORT 2026\CM117-3F.jpg,CM117-3F.jpg,251779,CM11
COLEÇÃO - RESORT 2026\CM118-2N12X.jpg,CM118-2N12X.jpg,227287,CM11
COLEÇÃO - RESORT 2026\CM118-2N12X_A.jpg,CM118-2N12X_A.jpg,215857,CM11
COLEÇÃO - RESORT 2026\CM118-2N12X_B.jpg,CM118-2N12X_B.jpg,248521,CM11
COLEÇÃO - RESORT 2026\CM118-2N12X_C.jpg,CM118-2N12X_C.jpg,258618,CM11
COLEÇÃO - RESORT 2026\CM118-3F12W.jpg,CM118-3F12W.jpg,221642,CM11
COLEÇÃO - RESORT 2026\CM97-3F12U.jpg,CM97-3F12U.jpg,264008,CM97
COLEÇÃO - RESORT 2026\CM97-3F9Q.jpg,CM97-3F9Q.jpg,232737,CM973F9Q
COLEÇÃO - RESORT 2026\CTF94-12V.jpg,CTF94-12V.jpg,264978,CTF94
COLEÇÃO - RESORT 2026\CTF94-12Z.jpg,CTF94-12Z.jpg,250052,CTF94
COLEÇÃO - RESORT 2026\CTF94-5I.jpg,CTF94-5I.jpg,673432,CTF94
COLEÇÃO - VERÃO - 2020\GILVANDO\BOLSA TIRACOLO\2136-CB12.jpg,2136-CB12.jpg,116784,2136
COLEÇÃO - VERÃO - 2020\GILVANDO\BOLSA TIRACOLO\2136-CB19.jpg,2136-CB19.jpg,125821,2136
COLEÇÃO - VERÃO - 2020\GILVANDO\BOLSA TIRACOLO\2136-CB34.jpg,2136-CB34.jpg,128709,2136
COLEÇÃO - VERÃO - 2020\GILVANDO\BOLSA TIRACOLO\2136-CB40.jpg,2136-CB40.jpg,164451,2136
COLEÇÃO - VERÃO - 2020\GILVANDO\BOLSA TIRACOLO\2136-CB41.jpg,2136-CB41.jpg,127171,2136
COLEÇÃO - VERÃO - 2020\GILVANDO\BOLSA TIRACOLO\2136-CB42.jpg,2136-CB42.jpg,90423,2136
COLEÇÃO - VERÃO - 2020\GILVANDO\BOLSA TIRACOLO\2136-CB43.jpg,2136-CB43.jpg,111558,2136
COLEÇÃO - VERÃO - 2020\GILVANDO\BOLSA TIRACOLO\2136-CB44.jpg,2136-CB44.jpg,116362,2136
COLEÇÃO - VERÃO - 2020\GILVANDO\BOLSA TIRACOLO\2136-CB45.jpg,2136-CB45.jpg,127189,2136
COLEÇÃO - VERÃO - 2020\GILVANDO\BOLSA TIRACOLO\2136-CB46.jpg,2136-CB46.jpg,129802,2136
COLEÇÃO - VERÃO - 2020\GILVANDO\BOLSA TIRACOLO\2150-CB20.jpg,2150-CB20.jpg,107822,2150
COLEÇÃO - VERÃO - 2020\GILVANDO\BOLSA TIRACOLO\2150-CB26.jpg,2150-CB26.jpg,116527,2150
COLEÇÃO - VERÃO - 2020\GILVANDO\BOLSA TIRACOLO\2150-CB28.jpg,2150-CB28.jpg,88824,2150
COLEÇÃO - VERÃO - 2020\GILVANDO\BOLSA TIRACOLO\2150-CB30.jpg,2150-CB30.jpg,122987,2150
COLEÇÃO - VERÃO - 2020\GILVANDO\BOLSA TIRACOLO\2150-CB32.jpg,2150-CB32.jpg,164786,2150
COLEÇÃO - VERÃO - 2020\GILVANDO\BOLSA TIRACOLO\2150-CB33.jpg,2150-CB33.jpg,144192,2150
COLEÇÃO - VERÃO - 2020\GILVANDO\BOLSA TIRACOLO\2150-CB34.jpg,2150-CB34.jpg,149566,2150
COLEÇÃO - VERÃO - 2020\GILVANDO\BOLSA TIRACOLO\2150-CB35.jpg,2150-CB35.jpg,113670,2150
COLEÇÃO - VERÃO - 2020\GILVANDO\BOLSA TIRACOLO\2150-CB36.jpg,2150-CB36.jpg,133080,2150
COLEÇÃO - VERÃO - 2020\GILVANDO\BOLSA TIRACOLO\2150-CB37.jpg,2150-CB37.jpg,134033,2150
COLEÇÃO - VERÃO - 2020\GILVANDO\BOLSA TIRACOLO\2150-CB38.jpg,2150-CB38.jpg,145758,2150
COLEÇÃO - VERÃO - 2020\GILVANDO\BOLSA TIRACOLO\2150-CB39.jpg,2150-CB39.jpg,146829,2150
COLEÇÃO - VERÃO - 2020\GILVANDO\CARTEIRA MASCULINA\040-0-CB11.jpg,040-0-CB11.jpg,130270,0400
COLEÇÃO - VERÃO - 2020\GILVANDO\CARTEIRA MASCULINA\040-0-CB13.jpg,040-0-CB13.jpg,90738,0400
COLEÇÃO - VERÃO - 2020\GILVANDO\CARTEIRA MASCULINA\040-0-CB15.jpg,040-0-CB15.jpg,83134,0400
COLEÇÃO - VERÃO - 2020\GILVANDO\CARTEIRA MASCULINA\040-0-CB19.jpg,040-0-CB19.jpg,110803,0400
COLEÇÃO - VERÃO - 2020\GILVANDO\CARTEIRA MASCULINA\040-0-CB26.jpg,040-0-CB26.jpg,117357,0400
COLEÇÃO - VERÃO - 2020\GILVANDO\CARTEIRA MASCULINA\040-0-CB29.jpg,040-0-CB29.jpg,140705,0400
COLEÇÃO - VERÃO - 2020\GILVANDO\CARTEIRA MASCULINA\040-0-CB30.jpg,040-0-CB30.jpg,116536,0400
COLEÇÃO - VERÃO - 2020\GILVANDO\CARTEIRA MASCULINA\040-0-CB31.jpg,040-0-CB31.jpg,117191,0400
COLEÇÃO - VERÃO - 2020\GILVANDO\CARTEIRA MASCULINA\040-0-CB32.jpg,040-0-CB32.jpg,124395,0400
COLEÇÃO - VERÃO - 2020\GILVANDO\CARTEIRA MASCULINA\040-0-CB33.jpg,040-0-CB33.jpg,106602,0400
COLEÇÃO - VERÃO - 2020\GILVANDO\CARTEIRA MASCULINA\040-0-CB35.JPG,040-0-CB35.JPG,92863,0400
COLEÇÃO - VERÃO - 2020\GILVANDO\CARTEIRA MASCULINA\040-0-CB36.JPG,040-0-CB36.JPG,71064,0400
COLEÇÃO - VERÃO - 2020\GILVANDO\CARTEIRA MASCULINA\091-0-CB08.JPG,091-0-CB08.JPG,79102,0910
COLEÇÃO - VERÃO - 2020\GILVANDO\CARTEIRA MASCULINA\091-0-CB11.JPG,091-0-CB11.JPG,92323,0910
COLEÇÃO - VERÃO - 2020\GILVANDO\CARTEIRA MASCULINA\091-0-CB13.JPG,091-0-CB13.JPG,90479,0910
COLEÇÃO - VERÃO - 2020\GILVANDO\CARTEIRA MASCULINA\091-0-CB15.JPG,091-0-CB15.JPG,124488,0910
COLEÇÃO - VERÃO - 2020\GILVANDO\CARTEIRA MASCULINA\091-0-CB17.jpg,091-0-CB17.jpg,143246,0910
COLEÇÃO - VERÃO - 2020\GILVANDO\CARTEIRA MASCULINA\091-0-CB19.jpg,091-0-CB19.jpg,118550,0910
COLEÇÃO - VERÃO - 2020\GILVANDO\CARTEIRA MASCULINA\092-0-CB11.jpg,092-0-CB11.jpg,93449,0920
COLEÇÃO - VERÃO - 2020\GILVANDO\CARTEIRA MASCULINA\092-0-CB13.jpg,092-0-CB13.jpg,118686,0920
COLEÇÃO - VERÃO - 2020\GILVANDO\CARTEIRA MASCULINA\092-0-CB15.jpg,092-0-CB15.jpg,112705,0920
COLEÇÃO - VERÃO - 2020\GILVANDO\CARTEIRA MASCULINA\092-0-CB19.jpg,092-0-CB19.jpg,129697,0920
COLEÇÃO - VERÃO - 2020\GILVANDO\CARTEIRA MASCULINA\092-0-CB2.jpg,092-0-CB2.jpg,128207,0920
COLEÇÃO - VERÃO - 2020\GILVANDO\CARTEIRA MASCULINA\092-0-CB21.jpg,092-0-CB21.jpg,100854,0920
COLEÇÃO - VERÃO - 2020\GILVANDO\CARTEIRA MASCULINA\092-0-CB22.jpg,092-0-CB22.jpg,123569,0920
COLEÇÃO - VERÃO - 2020\GILVANDO\CARTEIRA MASCULINA\092-0-CB25.jpg,092-0-CB25.jpg,120430,0920
COLEÇÃO - VERÃO - 2020\GILVANDO\CARTEIRA MASCULINA\092-0-CB27.jpg,092-0-CB27.jpg,119720,0920
COLEÇÃO - VERÃO - 2020\GILVANDO\CARTEIRA MASCULINA\092-0-CB28.jpg,092-0-CB28.jpg,131521,0920
COLEÇÃO - VERÃO - 2020\GILVANDO\CARTEIRA MASCULINA\092-0-CB29.jpg,092-0-CB29.jpg,129438,0920
COLEÇÃO - VERÃO - 2020\GILVANDO\CARTEIRA MASCULINA\092-0-CB34.jpg,092-0-CB34.jpg,147077,0920
COLEÇÃO - VERÃO - 2020\GILVANDO\CARTEIRA MASCULINA\092-0-CB35.jpg,092-0-CB35.jpg,147602,0920
COLEÇÃO - VERÃO - 2020\GILVANDO\CARTEIRA MASCULINA\160-1-CB11.JPG,160-1-CB11.JPG,66081,1601
COLEÇÃO - VERÃO - 2020\GILVANDO\CARTEIRA MASCULINA\160-1-CB12.jpg,160-1-CB12.jpg,99371,1601
COLEÇÃO - VERÃO - 2020\GILVANDO\CARTEIRA MASCULINA\160-1-CB13.jpg,160-1-CB13.jpg,120036,1601
COLEÇÃO - VERÃO - 2020\GILVANDO\CARTEIRA MASCULINA\160-1-CB16.jpg,160-1-CB16.jpg,123171,1601
COLEÇÃO - VERÃO - 2020\GILVANDO\CARTEIRA MASCULINA\160-1-CB19.JPG,160-1-CB19.JPG,116860,1601
COLEÇÃO - VERÃO - 2020\GILVANDO\CARTEIRA MASCULINA\434-CB10.jpg,434-CB10.jpg,142659,434
COLEÇÃO - VERÃO - 2020\GILVANDO\CARTEIRA MASCULINA\434-CB12.jpg,434-CB12.jpg,72632,434
COLEÇÃO - VERÃO - 2020\GILVANDO\CARTEIRA MASCULINA\434-CB13.jpg,434-CB13.jpg,69950,434
COLEÇÃO - VERÃO - 2020\GILVANDO\CARTEIRA MASCULINA\434-CB15.jpg,434-CB15.jpg,70236,434
COLEÇÃO - VERÃO - 2020\GILVANDO\CARTEIRA MASCULINA\434-CB16.jpg,434-CB16.jpg,86531,434
COLEÇÃO - VERÃO - 2020\GILVANDO\CARTEIRA MASCULINA\434-CB18.JPG,434-CB18.JPG,110319,434
COLEÇÃO - VERÃO - 2020\GILVANDO\CARTEIRA MASCULINA\451-1-CB10.jpg,451-1-CB10.jpg,133785,4511
COLEÇÃO - VERÃO - 2020\GILVANDO\CARTEIRA MASCULINA\451-1-CB12.jpg,451-1-CB12.jpg,127350,4511
COLEÇÃO - VERÃO - 2020\GILVANDO\CARTEIRA MASCULINA\451-1-CB13.jpg,451-1-CB13.jpg,116376,4511
COLEÇÃO - VERÃO - 2020\GILVANDO\CARTEIRA MASCULINA\451-1-CB15.jpg,451-1-CB15.jpg,112780,4511
COLEÇÃO - VERÃO - 2020\GILVANDO\CARTEIRA MASCULINA\451-1-CB16.jpg,451-1-CB16.jpg,126908,4511
COLEÇÃO - VERÃO - 2020\GILVANDO\CARTEIRA MASCULINA\451-1-CB18.JPG,451-1-CB18.JPG,110001,4511
COLEÇÃO - VERÃO - 2020\GILVANDO\CARTEIRA MASCULINA\M126-CB01.jpg,M126-CB01.jpg,76226,M126
COLEÇÃO - VERÃO - 2020\GILVANDO\CARTEIRA MASCULINA\M126-CB03.jpg,M126-CB03.jpg,54551,M126
COLEÇÃO - VERÃO - 2020\GILVANDO\CARTEIRA MASCULINA\M126-CB04.jpg,M126-CB04.jpg,100272,M126
COLEÇÃO - VERÃO - 2020\GILVANDO\CARTEIRA MASCULINA\M126-CB05.jpg,M126-CB05.jpg,98874,M126
COLEÇÃO - VERÃO - 2020\GILVANDO\CARTEIRA MASCULINA\M126-CB06.jpg,M126-CB06.jpg,116676,M126
COLEÇÃO - VERÃO - 2020\GILVANDO\CARTEIRA MASCULINA\M126-CB07.jpg,M126-CB07.jpg,126622,M126
COLEÇÃO - VERÃO - 2020\GILVANDO\CARTEIRA MASCULINA\M126-CB08.jpg,M126-CB08.jpg,153097,M126
COLEÇÃO - VERÃO - 2020\GILVANDO\CINTO FEMININO\CF134-CB22.jpg,CF134-CB22.jpg,80775,CF134
COLEÇÃO - VERÃO - 2020\GILVANDO\CINTO FEMININO\CF134-CB28.jpg,CF134-CB28.jpg,144635,CF134
COLEÇÃO - VERÃO - 2020\GILVANDO\CINTO FEMININO\CF134-CB30.jpg,CF134-CB30.jpg,84359,CF134
COLEÇÃO - VERÃO - 2020\GILVANDO\CINTO FEMININO\CF134-CB32.jpg,CF134-CB32.jpg,83599,CF134
COLEÇÃO - VERÃO - 2020\GILVANDO\CINTO FEMININO\CF134-CB33.JPG,CF134-CB33.JPG,135116,CF134
COLEÇÃO - VERÃO - 2020\GILVANDO\CINTO FEMININO\CF165-CB01.jpg,CF165-CB01.jpg,49362,CF165
COLEÇÃO - VERÃO - 2020\GILVANDO\CINTO FEMININO\CF165-CB04.jpg,CF165-CB04.jpg,54866,CF165
COLEÇÃO - VERÃO - 2020\GILVANDO\CINTO FEMININO\CF165-CB05.jpg,CF165-CB05.jpg,65140,CF165
COLEÇÃO - VERÃO - 2020\GILVANDO\CINTO FEMININO\CF165-CB07.jpg,CF165-CB07.jpg,50845,CF165
COLEÇÃO - VERÃO - 2020\GILVANDO\CINTO FEMININO\CF165-CB09.jpg,CF165-CB09.jpg,53480,CF165
COLEÇÃO - VERÃO - 2020\GILVANDO\CINTO FEMININO\CF165-CB10.jpg,CF165-CB10.jpg,110239,CF165
COLEÇÃO - VERÃO - 2020\GILVANDO\CINTO FEMININO\CF166-CB01.jpg,CF166-CB01.jpg,130471,CF166
COLEÇÃO - VERÃO - 2020\GILVANDO\CINTO FEMININO\CF166-CB04.jpg,CF166-CB04.jpg,65073,CF166
COLEÇÃO - VERÃO - 2020\GILVANDO\CINTO FEMININO\CF166-CB07.jpg,CF166-CB07.jpg,49791,CF166
COLEÇÃO - VERÃO - 2020\GILVANDO\CINTO FEMININO\CF166-CB09.jpg,CF166-CB09.jpg,60889,CF166
COLEÇÃO - VERÃO - 2020\GILVANDO\CINTO FEMININO\CF166-CB10.jpg,CF166-CB10.jpg,61951,CF166
COLEÇÃO - VERÃO - 2020\GILVANDO\CINTO FEMININO\CF166-CB11.JPG,CF166-CB11.JPG,149749,CF166
COLEÇÃO - VERÃO - 2020\GILVANDO\CINTO FEMININO\CF176-CB01.jpg,CF176-CB01.jpg,71256,CF176
COLEÇÃO - VERÃO - 2020\GILVANDO\CINTO FEMININO\CF176-CB02.jpg,CF176-CB02.jpg,87486,CF176
COLEÇÃO - VERÃO - 2020\GILVANDO\CINTO FEMININO\CF176-CB03.jpg,CF176-CB03.jpg,78293,CF176
COLEÇÃO - VERÃO - 2020\GILVANDO\CINTO FEMININO\CF176-CB04.jpg,CF176-CB04.jpg,83486,CF176
COLEÇÃO - VERÃO - 2020\GILVANDO\CINTO FEMININO\CF176-CB05.jpg,CF176-CB05.jpg,93613,CF176
COLEÇÃO - VERÃO - 2020\GILVANDO\CINTO FEMININO\CF176-CB06.jpg,CF176-CB06.jpg,108324,CF176
COLEÇÃO - VERÃO - 2020\GILVANDO\CINTO MASCULINO\CM11-CB30.jpg,CM11-CB30.jpg,104551,CM11
COLEÇÃO - VERÃO - 2020\GILVANDO\CINTO MASCULINO\CM11-CB31.jpg,CM11-CB31.jpg,119418,CM11
COLEÇÃO - VERÃO - 2020\GILVANDO\CINTO MASCULINO\CM11-CB32.jpg,CM11-CB32.jpg,38392,CM11
COLEÇÃO - VERÃO - 2020\GILVANDO\CINTO MASCULINO\CM11-CB36.jpg,CM11-CB36.jpg,98092,CM11
COLEÇÃO - VERÃO - 2020\GILVANDO\CINTO MASCULINO\CM11-CB37.jpg,CM11-CB37.jpg,67816,CM11
COLEÇÃO - VERÃO - 2020\GILVANDO\CINTO MASCULINO\CM11-CB41.jpg,CM11-CB41.jpg,86032,CM11
COLEÇÃO - VERÃO - 2020\GILVANDO\CINTO MASCULINO\CM40-CB05.jpg,CM40-CB05.jpg,54124,CM40
COLEÇÃO - VERÃO - 2020\GILVANDO\CINTO MASCULINO\CM40-CB10.jpg,CM40-CB10.jpg,95971,CM40
COLEÇÃO - VERÃO - 2020\GILVANDO\CINTO MASCULINO\CM40-CB12.jpg,CM40-CB12.jpg,42735,CM40
COLEÇÃO - VERÃO - 2020\GILVANDO\CINTO MASCULINO\CM40-CB13.jpg,CM40-CB13.jpg,120120,CM40
COLEÇÃO - VERÃO - 2020\GILVANDO\CINTO MASCULINO\CM83-CB01.jpg,CM83-CB01.jpg,141730,CM83
COLEÇÃO - VERÃO - 2020\GILVANDO\CINTO MASCULINO\CM83-CB03.jpg,CM83-CB03.jpg,127274,CM83
COLEÇÃO - VERÃO - 2020\GILVANDO\CINTO MASCULINO\CM83-CB04.jpg,CM83-CB04.jpg,131253,CM83
COLEÇÃO - VERÃO - 2020\JOSE ANTONIO\BOLSA TIRACOLO\2136-CB12.jpg,2136-CB12.jpg,116784,2136
COLEÇÃO - VERÃO - 2020\JOSE ANTONIO\BOLSA TIRACOLO\2136-CB19.jpg,2136-CB19.jpg,125821,2136
COLEÇÃO - VERÃO - 2020\JOSE ANTONIO\BOLSA TIRACOLO\2136-CB34.jpg,2136-CB34.jpg,128709,2136
COLEÇÃO - VERÃO - 2020\JOSE ANTONIO\BOLSA TIRACOLO\2136-CB40.jpg,2136-CB40.jpg,172069,2136
COLEÇÃO - VERÃO - 2020\JOSE ANTONIO\BOLSA TIRACOLO\2136-CB41.jpg,2136-CB41.jpg,127171,2136
COLEÇÃO - VERÃO - 2020\JOSE ANTONIO\BOLSA TIRACOLO\2136-CB42.jpg,2136-CB42.jpg,90423,2136
COLEÇÃO - VERÃO - 2020\JOSE ANTONIO\BOLSA TIRACOLO\2136-CB43.jpg,2136-CB43.jpg,111558,2136
COLEÇÃO - VERÃO - 2020\JOSE ANTONIO\BOLSA TIRACOLO\2136-CB44.jpg,2136-CB44.jpg,116362,2136
COLEÇÃO - VERÃO - 2020\JOSE ANTONIO\BOLSA TIRACOLO\2136-CB45.jpg,2136-CB45.jpg,127189,2136
COLEÇÃO - VERÃO - 2020\JOSE ANTONIO\BOLSA TIRACOLO\2136-CB46.jpg,2136-CB46.jpg,129802,2136
COLEÇÃO - VERÃO - 2020\JOSE ANTONIO\BOLSA TIRACOLO\2150-CB20.jpg,2150-CB20.jpg,107822,2150
COLEÇÃO - VERÃO - 2020\JOSE ANTONIO\BOLSA TIRACOLO\2150-CB26.jpg,2150-CB26.jpg,116527,2150
COLEÇÃO - VERÃO - 2020\JOSE ANTONIO\BOLSA TIRACOLO\2150-CB28.jpg,2150-CB28.jpg,88824,2150
COLEÇÃO - VERÃO - 2020\JOSE ANTONIO\BOLSA TIRACOLO\2150-CB30.jpg,2150-CB30.jpg,122987,2150
COLEÇÃO - VERÃO - 2020\JOSE ANTONIO\BOLSA TIRACOLO\2150-CB32.jpg,2150-CB32.jpg,175973,2150
COLEÇÃO - VERÃO - 2020\JOSE ANTONIO\BOLSA TIRACOLO\2150-CB33.jpg,2150-CB33.jpg,155870,2150
COLEÇÃO - VERÃO - 2020\JOSE ANTONIO\BOLSA TIRACOLO\2150-CB34.jpg,2150-CB34.jpg,149566,2150
COLEÇÃO - VERÃO - 2020\JOSE ANTONIO\BOLSA TIRACOLO\2150-CB35.jpg,2150-CB35.jpg,113670,2150
COLEÇÃO - VERÃO - 2020\JOSE ANTONIO\BOLSA TIRACOLO\2150-CB36.jpg,2150-CB36.jpg,133080,2150
COLEÇÃO - VERÃO - 2020\JOSE ANTONIO\BOLSA TIRACOLO\2150-CB37.jpg,2150-CB37.jpg,134033,2150
COLEÇÃO - VERÃO - 2020\JOSE ANTONIO\BOLSA TIRACOLO\2150-CB38.jpg,2150-CB38.jpg,145758,2150
COLEÇÃO - VERÃO - 2020\JOSE ANTONIO\BOLSA TIRACOLO\2150-CB39.jpg,2150-CB39.jpg,146829,2150
COLEÇÃO - VERÃO - 2020\JOSE ANTONIO\CARTEIRA MASCULINA\040-0-CB11.jpg,040-0-CB11.jpg,130270,0400
COLEÇÃO - VERÃO - 2020\JOSE ANTONIO\CARTEIRA MASCULINA\040-0-CB13.jpg,040-0-CB13.jpg,90738,0400
COLEÇÃO - VERÃO - 2020\JOSE ANTONIO\CARTEIRA MASCULINA\040-0-CB15.jpg,040-0-CB15.jpg,83134,0400
COLEÇÃO - VERÃO - 2020\JOSE ANTONIO\CARTEIRA MASCULINA\040-0-CB19.jpg,040-0-CB19.jpg,110803,0400
COLEÇÃO - VERÃO - 2020\JOSE ANTONIO\CARTEIRA MASCULINA\040-0-CB26.jpg,040-0-CB26.jpg,117357,0400
COLEÇÃO - VERÃO - 2020\JOSE ANTONIO\CARTEIRA MASCULINA\040-0-CB29.jpg,040-0-CB29.jpg,140705,0400
COLEÇÃO - VERÃO - 2020\JOSE ANTONIO\CARTEIRA MASCULINA\040-0-CB30.jpg,040-0-CB30.jpg,116536,0400
COLEÇÃO - VERÃO - 2020\JOSE ANTONIO\CARTEIRA MASCULINA\040-0-CB31.JPG,040-0-CB31.JPG,117191,0400
COLEÇÃO - VERÃO - 2020\JOSE ANTONIO\CARTEIRA MASCULINA\040-0-CB32.jpg,040-0-CB32.jpg,124395,0400
COLEÇÃO - VERÃO - 2020\JOSE ANTONIO\CARTEIRA MASCULINA\040-0-CB33.jpg,040-0-CB33.jpg,106602,0400
COLEÇÃO - VERÃO - 2020\JOSE ANTONIO\CARTEIRA MASCULINA\040-0-CB35.JPG,040-0-CB35.JPG,92863,0400
COLEÇÃO - VERÃO - 2020\JOSE ANTONIO\CARTEIRA MASCULINA\040-0-CB36.JPG,040-0-CB36.JPG,71064,0400
COLEÇÃO - VERÃO - 2020\JOSE ANTONIO\CARTEIRA MASCULINA\091-0-CB08.JPG,091-0-CB08.JPG,79102,0910
COLEÇÃO - VERÃO - 2020\JOSE ANTONIO\CARTEIRA MASCULINA\091-0-CB11.JPG,091-0-CB11.JPG,92323,0910
COLEÇÃO - VERÃO - 2020\JOSE ANTONIO\CARTEIRA MASCULINA\091-0-CB13.JPG,091-0-CB13.JPG,90479,0910
COLEÇÃO - VERÃO - 2020\JOSE ANTONIO\CARTEIRA MASCULINA\091-0-CB15.JPG,091-0-CB15.JPG,124488,0910
COLEÇÃO - VERÃO - 2020\JOSE ANTONIO\CARTEIRA MASCULINA\091-0-CB17.jpg,091-0-CB17.jpg,153921,0910
COLEÇÃO - VERÃO - 2020\JOSE ANTONIO\CARTEIRA MASCULINA\091-0-CB19.jpg,091-0-CB19.jpg,118550,0910
COLEÇÃO - VERÃO - 2020\JOSE ANTONIO\CARTEIRA MASCULINA\092-0-CB11.jpg,092-0-CB11.jpg,93449,0920
COLEÇÃO - VERÃO - 2020\JOSE ANTONIO\CARTEIRA MASCULINA\092-0-CB13.jpg,092-0-CB13.jpg,118686,0920
COLEÇÃO - VERÃO - 2020\JOSE ANTONIO\CARTEIRA MASCULINA\092-0-CB15.jpg,092-0-CB15.jpg,112705,0920
COLEÇÃO - VERÃO - 2020\JOSE ANTONIO\CARTEIRA MASCULINA\092-0-CB19.jpg,092-0-CB19.jpg,129697,0920
COLEÇÃO - VERÃO - 2020\JOSE ANTONIO\CARTEIRA MASCULINA\092-0-CB21.jpg,092-0-CB21.jpg,128207,0920
COLEÇÃO - VERÃO - 2020\JOSE ANTONIO\CARTEIRA MASCULINA\092-0-CB22.jpg,092-0-CB22.jpg,123569,0920
COLEÇÃO - VERÃO - 2020\JOSE ANTONIO\CARTEIRA MASCULINA\092-0-CB25.jpg,092-0-CB25.jpg,120430,0920
COLEÇÃO - VERÃO - 2020\JOSE ANTONIO\CARTEIRA MASCULINA\092-0-CB27.jpg,092-0-CB27.jpg,119720,0920
COLEÇÃO - VERÃO - 2020\JOSE ANTONIO\CARTEIRA MASCULINA\092-0-CB28.jpg,092-0-CB28.jpg,131521,0920
COLEÇÃO - VERÃO - 2020\JOSE ANTONIO\CARTEIRA MASCULINA\092-0-CB29.jpg,092-0-CB29.jpg,129438,0920
COLEÇÃO - VERÃO - 2020\JOSE ANTONIO\CARTEIRA MASCULINA\092-0-CB34.jpg,092-0-CB34.jpg,147077,0920
COLEÇÃO - VERÃO - 2020\JOSE ANTONIO\CARTEIRA MASCULINA\092-0-CB35.jpg,092-0-CB35.jpg,160608,0920
COLEÇÃO - VERÃO - 2020\JOSE ANTONIO\CARTEIRA MASCULINA\092-0-CB36.jpg,092-0-CB36.jpg,160608,0920
COLEÇÃO - VERÃO - 2020\JOSE ANTONIO\CARTEIRA MASCULINA\160-1-CB11.JPG,160-1-CB11.JPG,66081,1601
COLEÇÃO - VERÃO - 2020\JOSE ANTONIO\CARTEIRA MASCULINA\160-1-CB12.jpg,160-1-CB12.jpg,99371,1601
COLEÇÃO - VERÃO - 2020\JOSE ANTONIO\CARTEIRA MASCULINA\160-1-CB13.jpg,160-1-CB13.jpg,120036,1601
COLEÇÃO - VERÃO - 2020\JOSE ANTONIO\CARTEIRA MASCULINA\160-1-CB16.jpg,160-1-CB16.jpg,123171,1601
COLEÇÃO - VERÃO - 2020\JOSE ANTONIO\CARTEIRA MASCULINA\160-1-CB19.JPG,160-1-CB19.JPG,116860,1601
COLEÇÃO - VERÃO - 2020\JOSE ANTONIO\CARTEIRA MASCULINA\434-CB10.jpg,434-CB10.jpg,142659,434
COLEÇÃO - VERÃO - 2020\JOSE ANTONIO\CARTEIRA MASCULINA\434-CB12.jpg,434-CB12.jpg,72632,434
COLEÇÃO - VERÃO - 2020\JOSE ANTONIO\CARTEIRA MASCULINA\434-CB13.jpg,434-CB13.jpg,69950,434
COLEÇÃO - VERÃO - 2020\JOSE ANTONIO\CARTEIRA MASCULINA\434-CB15.jpg,434-CB15.jpg,70236,434
COLEÇÃO - VERÃO - 2020\JOSE ANTONIO\CARTEIRA MASCULINA\434-CB16.jpg,434-CB16.jpg,86531,434
COLEÇÃO - VERÃO - 2020\JOSE ANTONIO\CARTEIRA MASCULINA\434-CB18.JPG,434-CB18.JPG,110319,434
COLEÇÃO - VERÃO - 2020\JOSE ANTONIO\CARTEIRA MASCULINA\451-1-CB10.jpg,451-1-CB10.jpg,133785,4511
COLEÇÃO - VERÃO - 2020\JOSE ANTONIO\CARTEIRA MASCULINA\451-1-CB12.jpg,451-1-CB12.jpg,127350,4511
COLEÇÃO - VERÃO - 2020\JOSE ANTONIO\CARTEIRA MASCULINA\451-1-CB13.jpg,451-1-CB13.jpg,116376,4511
COLEÇÃO - VERÃO - 2020\JOSE ANTONIO\CARTEIRA MASCULINA\451-1-CB15.jpg,451-1-CB15.jpg,112780,4511
COLEÇÃO - VERÃO - 2020\JOSE ANTONIO\CARTEIRA MASCULINA\451-1-CB16.jpg,451-1-CB16.jpg,126908,4511
COLEÇÃO - VERÃO - 2020\JOSE ANTONIO\CARTEIRA MASCULINA\451-1-CB18.JPG,451-1-CB18.JPG,110001,4511
COLEÇÃO - VERÃO - 2020\JOSE ANTONIO\CARTEIRA MASCULINA\M126-CB01.jpg,M126-CB01.jpg,76226,M126
COLEÇÃO - VERÃO - 2020\JOSE ANTONIO\CARTEIRA MASCULINA\M126-CB03.jpg,M126-CB03.jpg,54551,M126
COLEÇÃO - VERÃO - 2020\JOSE ANTONIO\CARTEIRA MASCULINA\M126-CB04.jpg,M126-CB04.jpg,100272,M126
COLEÇÃO - VERÃO - 2020\JOSE ANTONIO\CARTEIRA MASCULINA\M126-CB05.jpg,M126-CB05.jpg,98874,M126
COLEÇÃO - VERÃO - 2020\JOSE ANTONIO\CARTEIRA MASCULINA\M126-CB06.jpg,M126-CB06.jpg,116676,M126
COLEÇÃO - VERÃO - 2020\JOSE ANTONIO\CARTEIRA MASCULINA\M126-CB07.jpg,M126-CB07.jpg,126622,M126
COLEÇÃO - VERÃO - 2020\JOSE ANTONIO\CARTEIRA MASCULINA\M126-CB08.jpg,M126-CB08.jpg,153097,M126
COLEÇÃO - VERÃO - 2020\JOSE ANTONIO\CINTOS FEMININOS\CF134-CB22.jpg,CF134-CB22.jpg,80775,CF134
COLEÇÃO - VERÃO - 2020\JOSE ANTONIO\CINTOS FEMININOS\CF134-CB28.jpg,CF134-CB28.jpg,158155,CF134
COLEÇÃO - VERÃO - 2020\JOSE ANTONIO\CINTOS FEMININOS\CF134-CB30.jpg,CF134-CB30.jpg,84359,CF134
COLEÇÃO - VERÃO - 2020\JOSE ANTONIO\CINTOS FEMININOS\CF134-CB32.jpg,CF134-CB32.jpg,83599,CF134
COLEÇÃO - VERÃO - 2020\JOSE ANTONIO\CINTOS FEMININOS\CF134-CB33.JPG,CF134-CB33.JPG,135116,CF134
COLEÇÃO - VERÃO - 2020\JOSE ANTONIO\CINTOS FEMININOS\CF165-CB01.jpg,CF165-CB01.jpg,49362,CF165
COLEÇÃO - VERÃO - 2020\JOSE ANTONIO\CINTOS FEMININOS\CF165-CB04.jpg,CF165-CB04.jpg,54866,CF165
COLEÇÃO - VERÃO - 2020\JOSE ANTONIO\CINTOS FEMININOS\CF165-CB05.jpg,CF165-CB05.jpg,65140,CF165
COLEÇÃO - VERÃO - 2020\JOSE ANTONIO\CINTOS FEMININOS\CF165-CB07.jpg,CF165-CB07.jpg,50845,CF165
COLEÇÃO - VERÃO - 2020\JOSE ANTONIO\CINTOS FEMININOS\CF165-CB09.jpg,CF165-CB09.jpg,53480,CF165
COLEÇÃO - VERÃO - 2020\JOSE ANTONIO\CINTOS FEMININOS\CF165-CB10.jpg,CF165-CB10.jpg,110239,CF165
COLEÇÃO - VERÃO - 2020\JOSE ANTONIO\CINTOS FEMININOS\CF166-CB01.jpg,CF166-CB01.jpg,130471,CF166
COLEÇÃO - VERÃO - 2020\JOSE ANTONIO\CINTOS FEMININOS\CF166-CB04.jpg,CF166-CB04.jpg,65073,CF166
COLEÇÃO - VERÃO - 2020\JOSE ANTONIO\CINTOS FEMININOS\CF166-CB07.jpg,CF166-CB07.jpg,49791,CF166
COLEÇÃO - VERÃO - 2020\JOSE ANTONIO\CINTOS FEMININOS\CF166-CB09.jpg,CF166-CB09.jpg,60889,CF166
COLEÇÃO - VERÃO - 2020\JOSE ANTONIO\CINTOS FEMININOS\CF166-CB10.jpg,CF166-CB10.jpg,61951,CF166
COLEÇÃO - VERÃO - 2020\JOSE ANTONIO\CINTOS FEMININOS\CF166-CB11.JPG,CF166-CB11.JPG,149749,CF166
COLEÇÃO - VERÃO - 2020\JOSE ANTONIO\CINTOS FEMININOS\CF176-CB01.jpg,CF176-CB01.jpg,71256,CF176
COLEÇÃO - VERÃO - 2020\JOSE ANTONIO\CINTOS FEMININOS\CF176-CB02.jpg,CF176-CB02.jpg,87486,CF176
COLEÇÃO - VERÃO - 2020\JOSE ANTONIO\CINTOS FEMININOS\CF176-CB03.jpg,CF176-CB03.jpg,78293,CF176
COLEÇÃO - VERÃO - 2020\JOSE ANTONIO\CINTOS FEMININOS\CF176-CB04.jpg,CF176-CB04.jpg,83486,CF176
COLEÇÃO - VERÃO - 2020\JOSE ANTONIO\CINTOS FEMININOS\CF176-CB05.jpg,CF176-CB05.jpg,93613,CF176
COLEÇÃO - VERÃO - 2020\JOSE ANTONIO\CINTOS FEMININOS\CF176-CB06.jpg,CF176-CB06.jpg,108324,CF176
COLEÇÃO - VERÃO - 2020\JOSE ANTONIO\CINTOS MASCULINOS\CM11-CB30.jpg,CM11-CB30.jpg,104551,CM11
COLEÇÃO - VERÃO - 2020\JOSE ANTONIO\CINTOS MASCULINOS\CM11-CB31.jpg,CM11-CB31.jpg,119418,CM11
COLEÇÃO - VERÃO - 2020\JOSE ANTONIO\CINTOS MASCULINOS\CM11-CB32.jpg,CM11-CB32.jpg,38392,CM11
COLEÇÃO - VERÃO - 2020\JOSE ANTONIO\CINTOS MASCULINOS\CM11-CB36.jpg,CM11-CB36.jpg,98092,CM11
COLEÇÃO - VERÃO - 2020\JOSE ANTONIO\CINTOS MASCULINOS\CM11-CB37.jpg,CM11-CB37.jpg,67816,CM11
COLEÇÃO - VERÃO - 2020\JOSE ANTONIO\CINTOS MASCULINOS\CM40-CB05.jpg,CM40-CB05.jpg,54124,CM40
COLEÇÃO - VERÃO - 2020\JOSE ANTONIO\CINTOS MASCULINOS\CM40-CB10.jpg,CM40-CB10.jpg,95971,CM40
COLEÇÃO - VERÃO - 2020\JOSE ANTONIO\CINTOS MASCULINOS\CM83-CB01.jpg,CM83-CB01.jpg,154060,CM83
COLEÇÃO - VERÃO - 2020\JOSE ANTONIO\CINTOS MASCULINOS\CM83-CB03.jpg,CM83-CB03.jpg,127274,CM83
COLEÇÃO - VERÃO - 2020\JOSE ANTONIO\CINTOS MASCULINOS\CM83-CB04.jpg,CM83-CB04.jpg,131253,CM83
COLEÇÃO - VERÃO - 2026\2136-12C1A.jpg,2136-12C1A.jpg,1171356,2136
COLEÇÃO - VERÃO - 2026\2136-13M1K.jpg,2136-13M1K.jpg,242268,2136
COLEÇÃO - VERÃO - 2026\2136-13M1K_B.jpg,2136-13M1K_B.jpg,222708,2136
COLEÇÃO - VERÃO - 2026\2136-13M1K_C.jpg,2136-13M1K_C.jpg,273263,2136
COLEÇÃO - VERÃO - 2026\2136-13M1K_D.jpg,2136-13M1K_D.jpg,205469,2136
COLEÇÃO - VERÃO - 2026\2136-13M1K_E.jpg,2136-13M1K_E.jpg,271850,2136
COLEÇÃO - VERÃO - 2026\2136-13N1I.jpg,2136-13N1I.jpg,233736,2136
COLEÇÃO - VERÃO - 2026\2136-13O2G.jpg,2136-13O2G.jpg,287088,2136
COLEÇÃO - VERÃO - 2026\2136-8W1K.jpg,2136-8W1K.jpg,1276468,2136
COLEÇÃO - VERÃO - 2026\2150-13M1K.jpg,2150-13M1K.jpg,260220,2150
COLEÇÃO - VERÃO - 2026\2150-13M1K_B.jpg,2150-13M1K_B.jpg,228176,2150
COLEÇÃO - VERÃO - 2026\2150-13M1K_C.jpg,2150-13M1K_C.jpg,250805,2150
COLEÇÃO - VERÃO - 2026\2150-13M1K_D.jpg,2150-13M1K_D.jpg,248497,2150
COLEÇÃO - VERÃO - 2026\2150-13M1K_E.jpg,2150-13M1K_E.jpg,239611,2150
COLEÇÃO - VERÃO - 2026\2150-13N1I.jpg,2150-13N1I.jpg,241059,2150
COLEÇÃO - VERÃO - 2026\2150-13O2G.jpg,2150-13O2G.jpg,253259,2150
COLEÇÃO - VERÃO - 2026\26332-11W.jpg,26332-11W.jpg,262249,26332
COLEÇÃO - VERÃO - 2026\3151-11W.jpg,3151-11W.jpg,280111,3151
COLEÇÃO - VERÃO - 2026\3151-13B.jpg,3151-13B.jpg,472295,3151
COLEÇÃO - VERÃO - 2026\3262-11W.jpg,3262-11W.jpg,798839,3262
COLEÇÃO - VERÃO - 2026\3262-9M12B.jpg,3262-9M12B.jpg,283560,3262
COLEÇÃO - VERÃO - 2026\3475-11W.jpg,3475-11W.jpg,231431,3475
COLEÇÃO - VERÃO - 2026\3475-12C1A.jpg,3475-12C1A.jpg,246770,3475
COLEÇÃO - VERÃO - 2026\3475-1I.jpg,3475-1I.jpg,251367,3475
COLEÇÃO - VERÃO - 2026\3475-1K.jpg,3475-1K.jpg,253942,3475
COLEÇÃO - VERÃO - 2026\3475-1K_B.jpg,3475-1K_B.jpg,232814,3475
COLEÇÃO - VERÃO - 2026\3475-1K_C.jpg,3475-1K_C.jpg,242384,3475
COLEÇÃO - VERÃO - 2026\3475-1K_D.jpg,3475-1K_D.jpg,235288,3475
COLEÇÃO - VERÃO - 2026\3475-1K_E.jpg,3475-1K_E.jpg,254332,3475
COLEÇÃO - VERÃO - 2026\3475-1K_F.jpg,3475-1K_F.jpg,272342,3475
COLEÇÃO - VERÃO - 2026\3475-2D.jpg,3475-2D.jpg,258440,3475
COLEÇÃO - VERÃO - 2026\3475-2G.jpg,3475-2G.jpg,215540,3475
COLEÇÃO - VERÃO - 2026\3475-8W1K.jpg,3475-8W1K.jpg,253115,3475
COLEÇÃO - VERÃO - 2026\3475-9M12B.jpg,3475-9M12B.jpg,246591,3475
COLEÇÃO - VERÃO - 2026\3476-10B1K.jpg,3476-10B1K.jpg,237146,3476
COLEÇÃO - VERÃO - 2026\3476-10C12B.jpg,3476-10C12B.jpg,261523,3476
COLEÇÃO - VERÃO - 2026\3476-11W.jpg,3476-11W.jpg,234623,3476
COLEÇÃO - VERÃO - 2026\3476-11W_B.jpg,3476-11W_B.jpg,250625,3476
COLEÇÃO - VERÃO - 2026\3476-11W_C.jpg,3476-11W_C.jpg,263313,3476
COLEÇÃO - VERÃO - 2026\3476-11W_D.jpg,3476-11W_D.jpg,249547,3476
COLEÇÃO - VERÃO - 2026\3476-11W_E.jpg,3476-11W_E.jpg,249760,3476
COLEÇÃO - VERÃO - 2026\3476-12E1A.jpg,3476-12E1A.jpg,256940,3476
COLEÇÃO - VERÃO - 2026\3476-1I.jpg,3476-1I.jpg,255907,3476
COLEÇÃO - VERÃO - 2026\3476-1K.jpg,3476-1K.jpg,224458,3476
COLEÇÃO - VERÃO - 2026\3476-2D.jpg,3476-2D.jpg,225078,3476
COLEÇÃO - VERÃO - 2026\3476-2G.jpg,3476-2G.jpg,234438,3476
COLEÇÃO - VERÃO - 2026\3498-13D.jpg,3498-13D.jpg,237878,3498
COLEÇÃO - VERÃO - 2026\3498-13E.jpg,3498-13E.jpg,233347,3498
COLEÇÃO - VERÃO - 2026\3498-13F.jpg,3498-13F.jpg,229492,3498
COLEÇÃO - VERÃO - 2026\3498-13H.jpg,3498-13H.jpg,242704,3498
COLEÇÃO - VERÃO - 2026\3498-13S.jpg,3498-13S.jpg,275971,3498
COLEÇÃO - VERÃO - 2026\3498-13S_A.jpg,3498-13S_A.jpg,231817,3498
COLEÇÃO - VERÃO - 2026\3498-13S_B.jpg,3498-13S_B.jpg,270254,3498
COLEÇÃO - VERÃO - 2026\3498-13S_C.jpg,3498-13S_C.jpg,244945,3498
COLEÇÃO - VERÃO - 2026\3498-13S_D.jpg,3498-13S_D.jpg,255652,3498
COLEÇÃO - VERÃO - 2026\3498-13S_E.jpg,3498-13S_E.jpg,224932,3498
COLEÇÃO - VERÃO - 2026\3498-FLOATER PRETO.jpg,3498-FLOATER PRETO.jpg,424118,3498
COLEÇÃO - VERÃO - 2026\3498-FLOATER TAN.jpg,3498-FLOATER TAN.jpg,533008,3498
COLEÇÃO - VERÃO - 2026\3501-11W.jpg,3501-11W.jpg,258200,3501
COLEÇÃO - VERÃO - 2026\3501-11W_A.jpg,3501-11W_A.jpg,1226442,3501
COLEÇÃO - VERÃO - 2026\3501-11W_B.jpg,3501-11W_B.jpg,290090,3501
COLEÇÃO - VERÃO - 2026\3501-11W_C.jpg,3501-11W_C.jpg,271014,3501
COLEÇÃO - VERÃO - 2026\3501-11W_D.jpg,3501-11W_D.jpg,230207,3501
COLEÇÃO - VERÃO - 2026\3501-11W_E.jpg,3501-11W_E.jpg,280056,3501
COLEÇÃO - VERÃO - 2026\3501-1A.jpg,3501-1A.jpg,255861,3501
COLEÇÃO - VERÃO - 2026\3501-1I.jpg,3501-1I.jpg,245137,3501
COLEÇÃO - VERÃO - 2026\3501-1K.jpg,3501-1K.jpg,279822,3501
COLEÇÃO - VERÃO - 2026\3501-2G.jpg,3501-2G.jpg,215978,3501
COLEÇÃO - VERÃO - 2026\CF165-9O.jpg,CF165-9O.jpg,209594,CF165
COLEÇÃO - VERÃO - 2026\CM122-2A.jpg,CM122-2A.jpg,236722,CM1222A
COLEÇÃO - VERÃO - 2026\CM122-2W.jpg,CM122-2W.jpg,269147,CM1222W
COLEÇÃO - VERÃO - 2026\CM130-13P.jpg,CM130-13P.jpg,199255,CM13013P
COLEÇÃO - VERÃO - 2026\CM130-13Q.jpg,CM130-13Q.jpg,207926,CM13013Q
COLEÇÃO - VERÃO - 2026\CM130-13Q_A.jpg,CM130-13Q_A.jpg,564696,CM13013Q
COLEÇÃO - VERÃO - 2026\CM130-13R.jpg,CM130-13R.jpg,267174,CM130
COLEÇÃO - VERÃO - 2026\CM91-8F7H.jpg,CM91-8F7H.jpg,235707,CM91
COLEÇÃO - VERÃO - 24\091-0-2A_A.jpg,091-0-2A_A.jpg,93240,09102A
COLEÇÃO - VERÃO - 24\091-0-2A_B.jpg,091-0-2A_B.jpg,91646,09102A
COLEÇÃO - VERÃO - 24\091-0-2A_C.jpg,091-0-2A_C.jpg,135165,09102A
COLEÇÃO - VERÃO - 24\091-0-2A_D.jpg,091-0-2A_D.jpg,85189,09102A
COLEÇÃO - VERÃO - 24\091-0-3B.jpg,091-0-3B.jpg,120909,0910
COLEÇÃO - VERÃO - 24\091-0-3B_A.jpg,091-0-3B_A.jpg,110181,0910
COLEÇÃO - VERÃO - 24\091-0-3B_B.jpg,091-0-3B_B.jpg,127118,0910
COLEÇÃO - VERÃO - 24\091-0-3B_C.jpg,091-0-3B_C.jpg,162775,0910
COLEÇÃO - VERÃO - 24\091-0-3B_D.jpg,091-0-3B_D.jpg,110785,0910
COLEÇÃO - VERÃO - 24\0910-2A _A.jpg,0910-2A _A.jpg,93240,09102A
COLEÇÃO - VERÃO - 24\0910-2A.jpg,0910-2A.jpg,119755,09102A
COLEÇÃO - VERÃO - 24\0910-2A_B.jpg,0910-2A_B.jpg,91646,09102A
COLEÇÃO - VERÃO - 24\0910-2A_C.jpg,0910-2A_C.jpg,135165,09102A
COLEÇÃO - VERÃO - 24\0910-2A_D.jpg,0910-2A_D.jpg,85189,09102A
COLEÇÃO - VERÃO - 24\2136-1T.jpg,2136-1T.jpg,152309,2136
COLEÇÃO - VERÃO - 24\2136-2D.jpg,2136-2D.jpg,144452,2136
COLEÇÃO - VERÃO - 24\2136-2D_A.jpg,2136-2D_A.jpg,94337,2136
COLEÇÃO - VERÃO - 24\2150-1I1Z_A.jpg,2150-1I1Z_A.jpg,109505,2150
COLEÇÃO - VERÃO - 24\28462-8K.jpg,28462-8K.jpg,151191,28462
COLEÇÃO - VERÃO - 24\2870-1I.jpg,2870-1I.jpg,141448,2870
COLEÇÃO - VERÃO - 24\2870-1I_A.jpg,2870-1I_A.jpg,114451,2870
COLEÇÃO - VERÃO - 24\2870-1I_B.jpg,2870-1I_B.jpg,133532,2870
COLEÇÃO - VERÃO - 24\2870-1I_C.jpg,2870-1I_C.jpg,147149,2870
COLEÇÃO - VERÃO - 24\2870-1I_D.jpg,2870-1I_D.jpg,143192,2870
COLEÇÃO - VERÃO - 24\2870-1I_E.jpg,2870-1I_E.jpg,187989,2870
COLEÇÃO - VERÃO - 24\2870-1M.jpg,2870-1M.jpg,145867,2870
COLEÇÃO - VERÃO - 24\2870-1M_A.jpg,2870-1M_A.jpg,433235,2870
COLEÇÃO - VERÃO - 24\2870-1M_B.jpg,2870-1M_B.jpg,154069,2870
COLEÇÃO - VERÃO - 24\2870-1M_C.jpg,2870-1M_C.jpg,165513,2870
COLEÇÃO - VERÃO - 24\2870-1M_D.jpg,2870-1M_D.jpg,141891,2870
COLEÇÃO - VERÃO - 24\2870-1M_E.jpg,2870-1M_E.jpg,109487,2870
COLEÇÃO - VERÃO - 24\31512-1A2F.jpg,31512-1A2F.jpg,123394,3151
COLEÇÃO - VERÃO - 24\31512-1K1Y.jpg,31512-1K1Y.jpg,135404,3151
COLEÇÃO - VERÃO - 24\31512-1K1Y_B.jpg,31512-1K1Y_B.jpg,53458,3151
COLEÇÃO - VERÃO - 24\31512-1K1Y_C.jpg,31512-1K1Y_C.jpg,44595,3151
COLEÇÃO - VERÃO - 24\31512-1K1Y_E.jpg,31512-1K1Y_E.jpg,86210,3151
COLEÇÃO - VERÃO - 24\31512-1T2R.jpg,31512-1T2R.jpg,137318,3151
COLEÇÃO - VERÃO - 24\31512-1T2R.png,31512-1T2R.png,305853,3151
COLEÇÃO - VERÃO - 24\31512-1Y_A.jpg,31512-1Y_A.jpg,99002,3151
COLEÇÃO - VERÃO - 24\31512-1Y_D.jpg,31512-1Y_D.jpg,53656,3151
COLEÇÃO - VERÃO - 24\31512-2D5J.jpg,31512-2D5J.jpg,121983,3151
COLEÇÃO - VERÃO - 24\31512-5I.jpg,31512-5I.jpg,153000,3151
COLEÇÃO - VERÃO 2022\17512-CB01.jpg,17512-CB01.jpg,94854,17512
COLEÇÃO - VERÃO 2022\17512-CB04.jpg,17512-CB04.jpg,90542,17512
COLEÇÃO - VERÃO 2022\17512-CB07.jpg,17512-CB07.jpg,75521,17512
COLEÇÃO - VERÃO 2022\17512-CB08.jpg,17512-CB08.jpg,80539,17512
COLEÇÃO - VERÃO 2022\17512-CB08_A.jpg,17512-CB08_A.jpg,93702,17512
COLEÇÃO - VERÃO 2022\17512-CB08_B.jpg,17512-CB08_B.jpg,107993,17512
COLEÇÃO - VERÃO 2022\17512-CB08_C.jpg,17512-CB08_C.jpg,110174,17512
COLEÇÃO - VERÃO 2022\17512-CB08_D.jpg,17512-CB08_D.jpg,118078,17512
COLEÇÃO - VERÃO 2022\17512-CB08_E.jpg,17512-CB08_E.jpg,58055,17512
COLEÇÃO - VERÃO 2022\17512-CB09.jpg,17512-CB09.jpg,83901,17512
COLEÇÃO - VERÃO 2022\17512-CB10.jpg,17512-CB10.jpg,75886,17512
COLEÇÃO - VERÃO 2022\2136-CB65.jpg,2136-CB65.jpg,49846,2136
COLEÇÃO - VERÃO 2022\2136-CB66.jpg,2136-CB66.jpg,53732,2136
COLEÇÃO - VERÃO 2022\2136-CB67.jpg,2136-CB67.jpg,54819,2136
COLEÇÃO - VERÃO 2022\2136-CB68.jpg,2136-CB68.jpg,46110,2136
COLEÇÃO - VERÃO 2022\2136-CB69.jpg,2136-CB69.jpg,53856,2136
COLEÇÃO - VERÃO 2022\2150-CB55.jpg,2150-CB55.jpg,57927,2150
COLEÇÃO - VERÃO 2022\2150-CB56.jpg,2150-CB56.jpg,74957,2150
COLEÇÃO - VERÃO 2022\2633-2-CB03_E.jpg,2633-2-CB03_E.jpg,78759,26332
COLEÇÃO - VERÃO 2022\26332-CB01.jpg,26332-CB01.jpg,64464,26332
COLEÇÃO - VERÃO 2022\26332-CB02.jpg,26332-CB02.jpg,61236,26332
COLEÇÃO - VERÃO 2022\26332-CB03.jpg,26332-CB03.jpg,55826,26332
COLEÇÃO - VERÃO 2022\26332-CB03_B.jpg,26332-CB03_B.jpg,102834,26332
COLEÇÃO - VERÃO 2022\26332-CB03_C.jpg,26332-CB03_C.jpg,90562,26332
COLEÇÃO - VERÃO 2022\26332-CB03_D.jpg,26332-CB03_D.jpg,70191,26332
COLEÇÃO - VERÃO 2022\26332-CB03_E.jpg,26332-CB03_E.jpg,59840,26332
COLEÇÃO - VERÃO 2022\28462-CB01.jpg,28462-CB01.jpg,77567,28462
COLEÇÃO - VERÃO 2022\28462-CB02.jpg,28462-CB02.jpg,71268,28462
COLEÇÃO - VERÃO 2022\28462-CB02_A.jpg,28462-CB02_A.jpg,88750,28462
COLEÇÃO - VERÃO 2022\28462-CB02_B.jpg,28462-CB02_B.jpg,131516,28462
COLEÇÃO - VERÃO 2022\28462-CB02_C.jpg,28462-CB02_C.jpg,119798,28462
COLEÇÃO - VERÃO 2022\28462-CB02_D.jpg,28462-CB02_D.jpg,109084,28462
COLEÇÃO - VERÃO 2022\28462-CB02_E.jpg,28462-CB02_E.jpg,68032,28462
COLEÇÃO - VERÃO 2022\28462-CB03.jpg,28462-CB03.jpg,78936,28462
COLEÇÃO - VERÃO 2022\28462-CB04.jpg,28462-CB04.jpg,77257,28462
COLEÇÃO - VERÃO 2022\28462-CB05.jpg,28462-CB05.jpg,80643,28462
COLEÇÃO - VERÃO 2022\28462-CB06.jpg,28462-CB06.jpg,72348,28462
COLEÇÃO - VERÃO 2022\CF134-CB33.jpg,CF134-CB33.jpg,85491,CF134
COLEÇÃO - VERÃO 2022\CF134-CB41.jpg,CF134-CB41.jpg,68979,CF134
COLEÇÃO - VERÃO 2022\CF134-CB42.jpg,CF134-CB42.jpg,59655,CF134
COLEÇÃO - VERÃO 2022\CF134-CB43.jpg,CF134-CB43.jpg,62799,CF134
COLEÇÃO - VERÃO 2022\CF165-CB10.jpg,CF165-CB10.jpg,74234,CF165
COLEÇÃO - VERÃO 2022\CF165-CB21.jpg,CF165-CB21.jpg,67252,CF165
COLEÇÃO - VERÃO 2022\CF165-CB22.jpg,CF165-CB22.jpg,71477,CF165
COLEÇÃO - VERÃO 2022\CF165-CB23.jpg,CF165-CB23.jpg,66283,CF165
COLEÇÃO - VERÃO 2022\CF165-CB24.jpg,CF165-CB24.jpg,64050,CF165
COLEÇÃO - VERÃO 2022\CF165-CB25.jpg,CF165-CB25.jpg,68645,CF165
COLEÇÃO - VERÃO 2022\CF166-CB11.jpg,CF166-CB11.jpg,67065,CF166
COLEÇÃO - VERÃO 2022\CF166-CB20.jpg,CF166-CB20.jpg,65658,CF166
COLEÇÃO - VERÃO 2022\CF166-CB21.jpg,CF166-CB21.jpg,70801,CF166
COLEÇÃO - VERÃO 2022\CF166-CB22.jpg,CF166-CB22.jpg,69049,CF166
COLEÇÃO - VERÃO 2022\CF166-CB23.jpg,CF166-CB23.jpg,68736,CF166
COLEÇÃO - VERÃO 2022\CF166-CB24.jpg,CF166-CB24.jpg,65797,CF166
COLEÇÃO - VERÃO 2022\CF176-CB06.jpg,CF176-CB06.jpg,70179,CF176
COLEÇÃO - VERÃO 2022\CF176-CB16.jpg,CF176-CB16.jpg,78313,CF176
COLEÇÃO - VERÃO 2022\CF176-CB17.jpg,CF176-CB17.jpg,71047,CF176
COLEÇÃO - VERÃO 2022\CF176-CB18.jpg,CF176-CB18.jpg,65233,CF176
COLEÇÃO - VERÃO 2022\CF176-CB19.jpg,CF176-CB19.jpg,60762,CF176
COLEÇÃO - VERÃO 2022\CF176-CB20.jpg,CF176-CB20.jpg,76261,CF176
COLEÇÃO - VERÃO 2022\M217-CB02_D.jpg,M217-CB02_D.jpg,55024,M217
COLEÇÃO - VERÃO 2023\CTF94-1T_D.jpg,CTF94-1T_D.jpg,318558,CTF94
COLEÇÃO - VERÃO 2023\CONTINUAVEIS\CAPAS\2136-5I.jpg,2136-5I.jpg,689079,2136
COLEÇÃO - VERÃO 2023\CONTINUAVEIS\CAPAS\26332-1A.jpg,26332-1A.jpg,476745,26332
COLEÇÃO - VERÃO 2023\CONTINUAVEIS\CAPAS\28462-1A.jpg,28462-1A.jpg,467668,28462
COLEÇÃO - VERÃO 2023\CONTINUAVEIS\CAPAS\28462-6Q.jpg,28462-6Q.jpg,100775,28462
COLEÇÃO - VERÃO 2023\CONTINUAVEIS\CAPAS\2870-1A.jpg,2870-1A.jpg,362606,2870
COLEÇÃO - VERÃO 2023\CONTINUAVEIS\CAPAS\2870-6N.jpg,2870-6N.jpg,523647,2870
COLEÇÃO - VERÃO 2023\CONTINUAVEIS\CAPAS\2870-6Q.jpg,2870-6Q.jpg,353544,2870
COLEÇÃO - VERÃO 2023\CONTINUAVEIS\CAPAS\2870-6X.jpg,2870-6X.jpg,319935,2870
COLEÇÃO - VERÃO 2023\NOVAS\CAPAS\CTF94-1A.jpg,CTF94-1A.jpg,421393,CTF94
COLEÇÃO - VERÃO 2023\NOVAS\CAPAS\CTF94-1K.jpg,CTF94-1K.jpg,486178,CTF94
COLEÇÃO - VERÃO 2023\NOVAS\CAPAS\CTF94-1R.jpg,CTF94-1R.jpg,397163,CTF94
COLEÇÃO - VERÃO 2023\NOVAS\CAPAS\CTF94-1T.jpg,CTF94-1T.jpg,393795,CTF94
COLEÇÃO - VERÃO 2023\NOVAS\CAPAS\CTF94-1U.jpg,CTF94-1U.jpg,318381,CTF94
COLEÇÃO - VERÃO 2023\NOVAS\CAPAS\CTF94-1Z.jpg,CTF94-1Z.jpg,405824,CTF94
COLEÇÃO - VERÃO 2023\NOVAS\CAPAS\CTF94-3I.jpg,CTF94-3I.jpg,255006,CTF94
COLEÇÃO - VERÃO 2023\NOVAS\CAPAS\CTF94-5I.jpg,CTF94-5I.jpg,662774,CTF94
COLEÇÃO - VERÃO 2023\NOVAS\CAPAS\CTF94-6Q.jpg,CTF94-6Q.jpg,304095,CTF94
COLEÇÃO - VERÃO 2023\NOVAS\CAPAS\CTF94-6R.jpg,CTF94-6R.jpg,306905,CTF94
COLEÇÃO - VERÃO 2023\NOVAS\CAPAS\CTF94-6T.jpg,CTF94-6T.jpg,411358,CTF94
COLEÇÃO - VERÃO 2023\NOVAS\CAPAS\CTF94-6V.jpg,CTF94-6V.jpg,432688,CTF94
COLEÇÃO - VERÃO 2023\NOVAS\CAPAS\CTF94-6X.jpg,CTF94-6X.jpg,272236,CTF94
COLEÇÃO - VERÃO 2023\NOVAS\DETALHES\CTF94-1T_A.jpg,CTF94-1T_A.jpg,274365,CTF94
COLEÇÃO - VERÃO 2023\NOVAS\DETALHES\CTF94-1T_B.jpg,CTF94-1T_B.jpg,506387,CTF94
COLEÇÃO - VERÃO 2023\NOVAS\DETALHES\CTF94-1T_C.jpg,CTF94-1T_C.jpg,526531,CTF94
COLEÇÃO - VERÃO 2023\NOVAS\DETALHES\CTF94-1T_D.jpg,CTF94-1T_D.jpg,265418,CTF94
COLEÇÃO - VERÃO 25\2150-10D.jpg,2150-10D.jpg,360302,2150
COLEÇÃO - VERÃO 25\2150-10H.jpg,2150-10H.jpg,383725,2150
COLEÇÃO - VERÃO 25\2150-10H_B.jpg,2150-10H_B.jpg,271475,2150
COLEÇÃO - VERÃO 25\2150-10H_C.jpg,2150-10H_C.jpg,231280,2150
COLEÇÃO - VERÃO 25\2150-10H_E.jpg,2150-10H_E.jpg,340537,2150
COLEÇÃO - VERÃO 25\3332-10B1K.jpg,3332-10B1K.jpg,185366,3332
COLEÇÃO - VERÃO 25\3332-10B1K_B.jpg,3332-10B1K_B.jpg,171595,3332
COLEÇÃO - VERÃO 25\3332-10B1K_C.jpg,3332-10B1K_C.jpg,287990,3332
COLEÇÃO - VERÃO 25\3332-10B1K_D.jpg,3332-10B1K_D.jpg,179152,3332
COLEÇÃO - VERÃO 25\3332-10B1K_E.jpg,3332-10B1K_E.jpg,397654,3332
COLEÇÃO - VERÃO 25\CF195-1A.jpg,CF195-1A.jpg,89661,CF195
COLEÇÃO - VERÃO 25\CF195-1I.jpg,CF195-1I.jpg,108171,CF195
COLEÇÃO - VERÃO 25\CF195-1K.jpg,CF195-1K.jpg,99717,CF195
COLEÇÃO - VERÃO 25\CF195-1K_C.jpg,CF195-1K_C.jpg,148956,CF195
COLEÇÃO - VERÃO 25\CF195-1K_D.jpg,CF195-1K_D.jpg,149693,CF195
COLEÇÃO - VERÃO 25\CF195-3I.jpg,CF195-3I.jpg,128425,CF195
COLEÇÃO - VERÃO 25\CF195-5I.jpg,CF195-5I.jpg,160329,CF195
COLEÇÃO - VERÃO 25\CF195-6N.jpg,CF195-6N.jpg,158375,CF195
Fotos gilvando\040-0-11V - Copia.jpg,040-0-11V - Copia.jpg,330507,0400
Fotos gilvando\040-0-11V.jpg,040-0-11V.jpg,331660,0400
Fotos gilvando\040-0-2A - Copia.jpg,040-0-2A - Copia.jpg,130932,04002A
Fotos gilvando\040-0-2A.jpg,040-0-2A.jpg,130932,04002A
Fotos gilvando\040-0-2N - Copia.jpg,040-0-2N - Copia.jpg,160548,04002N
Fotos gilvando\040-0-2N.jpg,040-0-2N.jpg,160548,04002N
Fotos gilvando\040-0-2N_A - Copia.jpg,040-0-2N_A - Copia.jpg,86647,04002N
Fotos gilvando\040-0-2N_A.jpg,040-0-2N_A.jpg,86647,04002N
Fotos gilvando\040-0-2N_B - Copia.jpg,040-0-2N_B - Copia.jpg,167528,04002N
Fotos gilvando\040-0-2N_B.jpg,040-0-2N_B.jpg,167528,04002N
Fotos gilvando\040-0-2N_C - Copia.jpg,040-0-2N_C - Copia.jpg,144710,04002N
Fotos gilvando\040-0-2N_C.jpg,040-0-2N_C.jpg,144710,04002N
Fotos gilvando\040-0-2N_D - Copia.jpg,040-0-2N_D - Copia.jpg,109093,04002N
Fotos gilvando\040-0-2N_D.jpg,040-0-2N_D.jpg,109093,04002N
Fotos gilvando\040-0-2W - Copia.jpg,040-0-2W - Copia.jpg,159379,04002W
Fotos gilvando\040-0-2W.jpg,040-0-2W.jpg,137538,04002W
Fotos gilvando\040-0-3A - Copia.jpg,040-0-3A - Copia.jpg,166924,0400
Fotos gilvando\040-0-3A.jpg,040-0-3A.jpg,146194,0400
Fotos gilvando\040-0-3E - Copia.jpg,040-0-3E - Copia.jpg,346441,0400
Fotos gilvando\040-0-3E.jpg,040-0-3E.jpg,293417,0400
Fotos gilvando\040-0-3F - Copia.jpg,040-0-3F - Copia.jpg,141378,0400
Fotos gilvando\040-0-3F.jpg,040-0-3F.jpg,141378,0400
Fotos gilvando\040-0-8E - Copia.jpg,040-0-8E - Copia.jpg,140794,0400
Fotos gilvando\040-0-8E.jpg,040-0-8E.jpg,140794,0400
Fotos gilvando\040-0-8F - Copia.jpg,040-0-8F - Copia.jpg,140794,0400
Fotos gilvando\040-0-8F.jpg,040-0-8F.jpg,140794,0400
Fotos gilvando\091-0-1I - Copia.jpg,091-0-1I - Copia.jpg,134575,09101I
Fotos gilvando\091-0-1I.jpg,091-0-1I.jpg,134575,09101I
Fotos gilvando\091-0-2A - Copia.jpg,091-0-2A - Copia.jpg,119755,09102A
Fotos gilvando\091-0-2A.jpg,091-0-2A.jpg,119755,09102A
Fotos gilvando\091-0-2A_A - Copia.jpg,091-0-2A_A - Copia.jpg,93240,09102A
Fotos gilvando\091-0-2A_A.jpg,091-0-2A_A.jpg,93240,09102A
Fotos gilvando\091-0-2A_B - Copia.jpg,091-0-2A_B - Copia.jpg,91646,09102A
Fotos gilvando\091-0-2A_B.jpg,091-0-2A_B.jpg,91646,09102A
Fotos gilvando\091-0-2A_C - Copia.jpg,091-0-2A_C - Copia.jpg,135165,09102A
Fotos gilvando\091-0-2A_C.jpg,091-0-2A_C.jpg,135165,09102A
Fotos gilvando\091-0-2A_D - Copia.jpg,091-0-2A_D - Copia.jpg,232205,09102A
Fotos gilvando\091-0-2A_D.jpg,091-0-2A_D.jpg,198271,09102A
Fotos gilvando\091-0-2W - Copia.jpg,091-0-2W - Copia.jpg,328425,09102W
Fotos gilvando\091-0-2W.jpg,091-0-2W.jpg,328425,09102W
Fotos gilvando\092-0-2A - Copia.jpg,092-0-2A - Copia.jpg,159480,09202A
Fotos gilvando\092-0-2A.jpg,092-0-2A.jpg,135497,09202A
Fotos gilvando\092-0-2N - Copia.jpg,092-0-2N - Copia.jpg,181506,09202N
Fotos gilvando\092-0-2N.jpg,092-0-2N.jpg,157764,09202N
Fotos gilvando\092-0-2W - Copia.jpg,092-0-2W - Copia.jpg,166664,09202W
Fotos gilvando\092-0-2W.jpg,092-0-2W.jpg,145952,09202W
Fotos gilvando\092-0-3D - Copia.jpg,092-0-3D - Copia.jpg,188491,0920
Fotos gilvando\092-0-3D.jpg,092-0-3D.jpg,188491,0920
Fotos gilvando\092-0-3D_A - Copia.jpg,092-0-3D_A - Copia.jpg,88593,0920
Fotos gilvando\092-0-3D_A.jpg,092-0-3D_A.jpg,88593,0920
Fotos gilvando\092-0-3D_B - Copia.jpg,092-0-3D_B - Copia.jpg,111976,0920
Fotos gilvando\092-0-3D_B.jpg,092-0-3D_B.jpg,111976,0920
Fotos gilvando\092-0-3D_C - Copia.jpg,092-0-3D_C - Copia.jpg,118041,0920
Fotos gilvando\092-0-3D_C.jpg,092-0-3D_C.jpg,118041,0920
Fotos gilvando\092-0-3D_D - Copia.jpg,092-0-3D_D - Copia.jpg,119524,0920
Fotos gilvando\092-0-3D_D.jpg,092-0-3D_D.jpg,119524,0920
Fotos gilvando\092-0-3F - Copia.jpg,092-0-3F - Copia.jpg,155787,0920
Fotos gilvando\092-0-3F.jpg,092-0-3F.jpg,132031,0920
Fotos gilvando\160-1-1I - Copia.jpg,160-1-1I - Copia.jpg,366924,1601
Fotos gilvando\160-1-1I.jpg,160-1-1I.jpg,319208,1601
Fotos gilvando\160-1-2A - Copia.jpg,160-1-2A - Copia.jpg,91495,16012A
Fotos gilvando\160-1-2A.jpg,160-1-2A.jpg,91495,16012A
Fotos gilvando\160-1-2A_A - Copia.jpg,160-1-2A_A - Copia.jpg,73844,16012A
Fotos gilvando\160-1-2A_A.jpg,160-1-2A_A.jpg,73844,16012A
Fotos gilvando\160-1-2A_B - Copia.jpg,160-1-2A_B - Copia.jpg,90025,16012A
Fotos gilvando\160-1-2A_B.jpg,160-1-2A_B.jpg,90025,16012A
Fotos gilvando\160-1-2A_C - Copia.jpg,160-1-2A_C - Copia.jpg,96537,16012A
Fotos gilvando\160-1-2A_C.jpg,160-1-2A_C.jpg,96537,16012A
Fotos gilvando\160-1-2A_D - Copia.jpg,160-1-2A_D - Copia.jpg,115648,16012A
Fotos gilvando\160-1-2A_D.jpg,160-1-2A_D.jpg,115648,16012A
Fotos gilvando\160-1-2W - Copia.jpg,160-1-2W - Copia.jpg,159655,16012W
Fotos gilvando\160-1-2W.jpg,160-1-2W.jpg,138042,16012W
Fotos gilvando\160-1-3B - Copia.jpg,160-1-3B - Copia.jpg,341622,1601
Fotos gilvando\160-1-3B.jpg,160-1-3B.jpg,300829,1601
Fotos gilvando\17512-1A - Copia.jpg,17512-1A - Copia.jpg,311727,17512
Fotos gilvando\17512-1A.jpg,17512-1A.jpg,259944,17512
Fotos gilvando\17512-1I - Copia.jpg,17512-1I - Copia.jpg,141177,17512
Fotos gilvando\17512-1I.jpg,17512-1I.jpg,141177,17512
Fotos gilvando\17512-1K - Copia.jpg,17512-1K - Copia.jpg,138307,17512
Fotos gilvando\17512-1K.jpg,17512-1K.jpg,138307,17512
Fotos gilvando\17512-1M - Copia.jpg,17512-1M - Copia.jpg,147366,17512
Fotos gilvando\17512-1M.jpg,17512-1M.jpg,147366,17512
Fotos gilvando\17512-1M_A - Copia.jpg,17512-1M_A - Copia.jpg,71558,17512
Fotos gilvando\17512-1M_A.jpg,17512-1M_A.jpg,71558,17512
Fotos gilvando\17512-1M_B - Copia.jpg,17512-1M_B - Copia.jpg,159912,17512
Fotos gilvando\17512-1M_B.jpg,17512-1M_B.jpg,130660,17512
Fotos gilvando\17512-1M_C - Copia.jpg,17512-1M_C - Copia.jpg,167047,17512
Fotos gilvando\17512-1M_C.jpg,17512-1M_C.jpg,139040,17512
Fotos gilvando\17512-1M_D - Copia.jpg,17512-1M_D - Copia.jpg,195614,17512
Fotos gilvando\17512-1M_D.jpg,17512-1M_D.jpg,163966,17512
Fotos gilvando\17512-1M_E - Copia.jpg,17512-1M_E - Copia.jpg,348622,17512
Fotos gilvando\17512-1M_E.jpg,17512-1M_E.jpg,263550,17512
Fotos gilvando\17512-8K - Copia.jpg,17512-8K - Copia.jpg,117981,17512
Fotos gilvando\17512-8K.jpg,17512-8K.jpg,117981,17512
Fotos gilvando\2136 2G - Copia.jpg,2136 2G - Copia.jpg,291059,2136
Fotos gilvando\2136 2G.jpg,2136 2G.jpg,291059,2136
Fotos gilvando\2136-10D - Copia.jpg,2136-10D - Copia.jpg,345967,2136
Fotos gilvando\2136-10D.jpg,2136-10D.jpg,345967,2136
Fotos gilvando\2136-10F - Copia.jpg,2136-10F - Copia.jpg,332338,2136
Fotos gilvando\2136-10F.jpg,2136-10F.jpg,332338,2136
Fotos gilvando\2136-10H - Copia.jpg,2136-10H - Copia.jpg,353136,2136
Fotos gilvando\2136-10H.jpg,2136-10H.jpg,353136,2136
Fotos gilvando\2136-11W - Copia.jpg,2136-11W - Copia.jpg,296085,2136
Fotos gilvando\2136-11W.jpg,2136-11W.jpg,272662,2136
Fotos gilvando\2136-12B - Copia.jpg,2136-12B - Copia.jpg,225518,2136
Fotos gilvando\2136-12B.jpg,2136-12B.jpg,208303,2136
Fotos gilvando\2136-1B - Copia.jpg,2136-1B - Copia.jpg,332656,2136
Fotos gilvando\2136-1B.jpg,2136-1B.jpg,281592,2136
Fotos gilvando\2136-1I - Copia.jpg,2136-1I - Copia.jpg,335945,2136
Fotos gilvando\2136-1I.jpg,2136-1I.jpg,283994,2136
Fotos gilvando\2136-1J - Copia.jpg,2136-1J - Copia.jpg,162481,2136
Fotos gilvando\2136-1J.jpg,2136-1J.jpg,130125,2136
Fotos gilvando\2136-1K - Copia.jpg,2136-1K - Copia.jpg,360800,2136
Fotos gilvando\2136-1K.jpg,2136-1K.jpg,360800,2136
Fotos gilvando\2136-1L - Copia.jpg,2136-1L - Copia.jpg,161624,2136
Fotos gilvando\2136-1L.jpg,2136-1L.jpg,145119,2136
Fotos gilvando\2136-1M - Copia.jpg,2136-1M - Copia.jpg,157402,2136
Fotos gilvando\2136-1M.jpg,2136-1M.jpg,131309,2136
Fotos gilvando\2136-2G - Copia.jpg,2136-2G - Copia.jpg,291059,2136
Fotos gilvando\2136-2G.jpg,2136-2G.jpg,291059,2136
Fotos gilvando\2136-2T - Copia.jpg,2136-2T - Copia.jpg,116212,2136
Fotos gilvando\2136-2T.jpg,2136-2T.jpg,116212,2136
Fotos gilvando\2136-2T_A - Copia.jpg,2136-2T_A - Copia.jpg,293634,2136
Fotos gilvando\2136-2T_A.jpg,2136-2T_A.jpg,232637,2136
Fotos gilvando\2136-2T_B - Copia.jpg,2136-2T_B - Copia.jpg,137336,2136
Fotos gilvando\2136-2T_B.jpg,2136-2T_B.jpg,137336,2136
Fotos gilvando\2136-2T_C - Copia.jpg,2136-2T_C - Copia.jpg,129381,2136
Fotos gilvando\2136-2T_C.jpg,2136-2T_C.jpg,129381,2136
Fotos gilvando\2136-2T_D - Copia.jpg,2136-2T_D - Copia.jpg,284232,2136
Fotos gilvando\2136-2T_D.jpg,2136-2T_D.jpg,244707,2136
Fotos gilvando\2136-2T_E - Copia.jpg,2136-2T_E - Copia.jpg,330849,2136
Fotos gilvando\2136-2T_E.jpg,2136-2T_E.jpg,248209,2136
Fotos gilvando\2136-5I - Copia.jpg,2136-5I - Copia.jpg,689079,2136
Fotos gilvando\2136-5I.jpg,2136-5I.jpg,602364,2136
Fotos gilvando\2136-8R - Copia.jpg,2136-8R - Copia.jpg,147562,2136
Fotos gilvando\2136-8R.jpg,2136-8R.jpg,147562,2136
Fotos gilvando\2136-9L - Copia.jpg,2136-9L - Copia.jpg,161968,2136
Fotos gilvando\2136-9L.jpg,2136-9L.jpg,130174,2136
Fotos gilvando\2136-9O - Copia.jpg,2136-9O - Copia.jpg,324302,2136
Fotos gilvando\2136-9O.jpg,2136-9O.jpg,298585,2136
Fotos gilvando\21362-8W1K - Copia.jpg,21362-8W1K - Copia.jpg,220815,2136
Fotos gilvando\21362-8W1K.jpg,21362-8W1K.jpg,188196,2136
Fotos gilvando\21362-8W1K_A - Copia.jpg,21362-8W1K_A - Copia.jpg,241209,2136
Fotos gilvando\21362-8W1K_A.jpg,21362-8W1K_A.jpg,174574,2136
Fotos gilvando\21362-8W1K_B - Copia.jpg,21362-8W1K_B - Copia.jpg,164753,2136
Fotos gilvando\21362-8W1K_B.jpg,21362-8W1K_B.jpg,137001,2136
Fotos gilvando\21362-8W1K_C - Copia.jpg,21362-8W1K_C - Copia.jpg,158072,2136
Fotos gilvando\21362-8W1K_C.jpg,21362-8W1K_C.jpg,131194,2136
Fotos gilvando\21362-8W1K_D - Copia.jpg,21362-8W1K_D - Copia.jpg,174803,2136
Fotos gilvando\21362-8W1K_D.jpg,21362-8W1K_D.jpg,111391,2136
Fotos gilvando\21362-8W1K_E - Copia.jpg,21362-8W1K_E - Copia.jpg,169849,2136
Fotos gilvando\21362-8W1K_E.jpg,21362-8W1K_E.jpg,120392,2136
Fotos gilvando\21362-8Z1K - Copia.jpg,21362-8Z1K - Copia.jpg,371119,2136
Fotos gilvando\21362-8Z1K.jpg,21362-8Z1K.jpg,371119,2136
Fotos gilvando\21362-9M1Y - Copia.jpg,21362-9M1Y - Copia.jpg,303204,2136
Fotos gilvando\21362-9M1Y.jpg,21362-9M1Y.jpg,303204,2136
Fotos gilvando\2150-10D - Copia.jpg,2150-10D - Copia.jpg,382739,2150
Fotos gilvando\2150-10D.jpg,2150-10D.jpg,382739,2150
Fotos gilvando\2150-10H - Copia.jpg,2150-10H - Copia.jpg,409131,2150
Fotos gilvando\2150-10H.jpg,2150-10H.jpg,409131,2150
Fotos gilvando\2150-10H_B - Copia.jpg,2150-10H_B - Copia.jpg,289338,2150
Fotos gilvando\2150-10H_B.jpg,2150-10H_B.jpg,289338,2150
Fotos gilvando\2150-10H_C - Copia.jpg,2150-10H_C - Copia.jpg,249088,2150
Fotos gilvando\2150-10H_C.jpg,2150-10H_C.jpg,249088,2150
Fotos gilvando\2150-10H_E - Copia.jpg,2150-10H_E - Copia.jpg,363954,2150
Fotos gilvando\2150-10H_E.jpg,2150-10H_E.jpg,363954,2150
Fotos gilvando\2150-11W - Copia.jpg,2150-11W - Copia.jpg,257690,2150
Fotos gilvando\2150-11W.jpg,2150-11W.jpg,237017,2150
Fotos gilvando\2150-1A - Copia.jpg,2150-1A - Copia.jpg,268678,2150
Fotos gilvando\2150-1A.jpg,2150-1A.jpg,229355,2150
Fotos gilvando\2150-1B - Copia.jpg,2150-1B - Copia.jpg,322406,2150
Fotos gilvando\2150-1B.jpg,2150-1B.jpg,269975,2150
Fotos gilvando\2150-1I - Copia.jpg,2150-1I - Copia.jpg,98713,2150
Fotos gilvando\2150-1I.jpg,2150-1I.jpg,98713,2150
Fotos gilvando\2150-1J - Copia.jpg,2150-1J - Copia.jpg,334420,2150
Fotos gilvando\2150-1J.jpg,2150-1J.jpg,273098,2150
Fotos gilvando\2150-1K - Copia.jpg,2150-1K - Copia.jpg,136414,2150
Fotos gilvando\2150-1K.jpg,2150-1K.jpg,136414,2150
Fotos gilvando\2150-1K7V - Copia.jpg,2150-1K7V - Copia.jpg,165000,2150
Fotos gilvando\2150-1K7V.jpg,2150-1K7V.jpg,145126,2150
Fotos gilvando\2150-1L - Copia.jpg,2150-1L - Copia.jpg,163515,2150
Fotos gilvando\2150-1L.jpg,2150-1L.jpg,132004,2150
Fotos gilvando\2150-1L_A - Copia.jpg,2150-1L_A - Copia.jpg,250076,2150
Fotos gilvando\2150-1L_A.jpg,2150-1L_A.jpg,190746,2150
Fotos gilvando\2150-1L_B - Copia.jpg,2150-1L_B - Copia.jpg,321115,2150
Fotos gilvando\2150-1L_B.jpg,2150-1L_B.jpg,253087,2150
Fotos gilvando\2150-1L_C - Copia.jpg,2150-1L_C - Copia.jpg,319084,2150
Fotos gilvando\2150-1L_C.jpg,2150-1L_C.jpg,250548,2150
Fotos gilvando\2150-1L_D - Copia.jpg,2150-1L_D - Copia.jpg,215695,2150
Fotos gilvando\2150-1L_D.jpg,2150-1L_D.jpg,183704,2150
Fotos gilvando\2150-1L_E - Copia.jpg,2150-1L_E - Copia.jpg,146442,2150
Fotos gilvando\2150-1L_E.jpg,2150-1L_E.jpg,146442,2150
Fotos gilvando\2150-1M - Copia.jpg,2150-1M - Copia.jpg,159206,2150
Fotos gilvando\2150-1M.jpg,2150-1M.jpg,126346,2150
Fotos gilvando\2150-1U - Copia.jpg,2150-1U - Copia.jpg,116529,2150
Fotos gilvando\2150-1U.jpg,2150-1U.jpg,116529,2150
Fotos gilvando\2150-2G - Copia.jpg,2150-2G - Copia.jpg,304477,2150
Fotos gilvando\2150-2G.jpg,2150-2G.jpg,259144,2150
Fotos gilvando\2150-2T - Copia.jpg,2150-2T - Copia.jpg,269585,2150
Fotos gilvando\2150-2T.jpg,2150-2T.jpg,218840,2150
Fotos gilvando\2150-6S - Copia.jpg,2150-6S - Copia.jpg,134432,2150
Fotos gilvando\2150-6S.jpg,2150-6S.jpg,134432,2150
Fotos gilvando\2150-7O7R - Copia.jpg,2150-7O7R - Copia.jpg,144857,2150
Fotos gilvando\2150-7O7R.jpg,2150-7O7R.jpg,144857,2150
Fotos gilvando\2150-9L - Copia.jpg,2150-9L - Copia.jpg,316904,2150
Fotos gilvando\2150-9L.jpg,2150-9L.jpg,257785,2150
Fotos gilvando\26332-10D - Copia.jpg,26332-10D - Copia.jpg,199551,26332
Fotos gilvando\26332-10D.jpg,26332-10D.jpg,190081,26332
Fotos gilvando\26332-1A - Copia.jpg,26332-1A - Copia.jpg,157019,26332
Fotos gilvando\26332-1A.jpg,26332-1A.jpg,129096,26332
Fotos gilvando\26332-1B - Copia.jpg,26332-1B - Copia.jpg,163826,26332
Fotos gilvando\26332-1B.jpg,26332-1B.jpg,136958,26332
Fotos gilvando\26332-1I - Copia.jpg,26332-1I - Copia.jpg,139014,26332
Fotos gilvando\26332-1I.jpg,26332-1I.jpg,139014,26332
Fotos gilvando\26332-1J - Copia.jpg,26332-1J - Copia.jpg,346045,26332
Fotos gilvando\26332-1J.jpg,26332-1J.jpg,293614,26332
Fotos gilvando\26332-1K - Copia.jpg,26332-1K - Copia.jpg,297358,26332
Fotos gilvando\26332-1K.jpg,26332-1K.jpg,297358,26332
Fotos gilvando\26332-1K_B - Copia.jpg,26332-1K_B - Copia.jpg,237087,26332
Fotos gilvando\26332-1K_B.jpg,26332-1K_B.jpg,237087,26332
Fotos gilvando\26332-1K_C - Copia.jpg,26332-1K_C - Copia.jpg,237675,26332
Fotos gilvando\26332-1K_C.jpg,26332-1K_C.jpg,237675,26332
Fotos gilvando\26332-1K_D - Copia.jpg,26332-1K_D - Copia.jpg,313261,26332
Fotos gilvando\26332-1K_D.jpg,26332-1K_D.jpg,313261,26332
Fotos gilvando\26332-1K_E - Copia.jpg,26332-1K_E - Copia.jpg,347651,26332
Fotos gilvando\26332-1K_E.jpg,26332-1K_E.jpg,347651,26332
Fotos gilvando\26332-1L - Copia.jpg,26332-1L - Copia.jpg,347509,26332
Fotos gilvando\26332-1L.jpg,26332-1L.jpg,299747,26332
Fotos gilvando\26332-1M - Copia.jpg,26332-1M - Copia.jpg,116600,26332
Fotos gilvando\26332-1M.jpg,26332-1M.jpg,116600,26332
Fotos gilvando\26332-1T - Copia.jpg,26332-1T - Copia.jpg,154153,26332
Fotos gilvando\26332-1T.jpg,26332-1T.jpg,141141,26332
Fotos gilvando\26332-2T - Copia.jpg,26332-2T - Copia.jpg,335915,26332
Fotos gilvando\26332-2T.jpg,26332-2T.jpg,286176,26332
Fotos gilvando\26332-6T - Copia.jpg,26332-6T - Copia.jpg,173711,26332
Fotos gilvando\26332-6T.jpg,26332-6T.jpg,158075,26332
Fotos gilvando\26332-8K - Copia.jpg,26332-8K - Copia.jpg,128924,26332
Fotos gilvando\26332-8K.jpg,26332-8K.jpg,128924,26332
Fotos gilvando\26332-8K_A - Copia.jpg,26332-8K_A - Copia.jpg,279581,26332
Fotos gilvando\26332-8K_A.jpg,26332-8K_A.jpg,263551,26332
Fotos gilvando\26332-8K_B - Copia.jpg,26332-8K_B - Copia.jpg,140533,26332
Fotos gilvando\26332-8K_B.jpg,26332-8K_B.jpg,140533,26332
Fotos gilvando\26332-8K_C - Copia.jpg,26332-8K_C - Copia.jpg,145152,26332
Fotos gilvando\26332-8K_C.jpg,26332-8K_C.jpg,145152,26332
Fotos gilvando\26332-8K_D - Copia.jpg,26332-8K_D - Copia.jpg,180124,26332
Fotos gilvando\26332-8K_D.jpg,26332-8K_D.jpg,162230,26332
Fotos gilvando\26332-8K_E - Copia.jpg,26332-8K_E - Copia.jpg,93985,26332
Fotos gilvando\26332-8K_E.jpg,26332-8K_E.jpg,93985,26332
Fotos gilvando\26332-9L - Copia.jpg,26332-9L - Copia.jpg,131405,26332
Fotos gilvando\26332-9L.jpg,26332-9L.jpg,131405,26332
Fotos gilvando\2846-2G1V - Copia.jpg,2846-2G1V - Copia.jpg,297791,28462
Fotos gilvando\2846-2G1V.jpg,2846-2G1V.jpg,251760,28462
Fotos gilvando\28462-1A - Copia.jpg,28462-1A - Copia.jpg,164112,28462
Fotos gilvando\28462-1A.jpg,28462-1A.jpg,145016,28462
Fotos gilvando\28462-1A_A - Copia.jpg,28462-1A_A - Copia.jpg,97784,28462
Fotos gilvando\28462-1A_A.jpg,28462-1A_A.jpg,97784,28462
Fotos gilvando\28462-1A_B - Copia.jpg,28462-1A_B - Copia.jpg,180728,28462
Fotos gilvando\28462-1A_B.jpg,28462-1A_B.jpg,149134,28462
Fotos gilvando\28462-1A_C - Copia.jpg,28462-1A_C - Copia.jpg,193412,28462
Fotos gilvando\28462-1A_C.jpg,28462-1A_C.jpg,161773,28462
Fotos gilvando\28462-1A_D - Copia.jpg,28462-1A_D - Copia.jpg,200628,28462
Fotos gilvando\28462-1A_D.jpg,28462-1A_D.jpg,171892,28462
Fotos gilvando\28462-1A_E - Copia.jpg,28462-1A_E - Copia.jpg,308483,28462
Fotos gilvando\28462-1A_E.jpg,28462-1A_E.jpg,229844,28462
Fotos gilvando\28462-1I - Copia.jpg,28462-1I - Copia.jpg,159617,28462
Fotos gilvando\28462-1I.jpg,28462-1I.jpg,138016,28462
Fotos gilvando\28462-1K - Copia.jpg,28462-1K - Copia.jpg,173919,28462
Fotos gilvando\28462-1K.jpg,28462-1K.jpg,153682,28462
Fotos gilvando\28462-1K8W - Copia.jpg,28462-1K8W - Copia.jpg,260948,28462
Fotos gilvando\28462-1K8W.jpg,28462-1K8W.jpg,260948,28462
Fotos gilvando\28462-1T - Copia.jpg,28462-1T - Copia.jpg,53033,28462
Fotos gilvando\28462-1T.jpg,28462-1T.jpg,53033,28462
Fotos gilvando\28462-2G - Copia.jpg,28462-2G - Copia.jpg,146560,28462
Fotos gilvando\28462-2G.jpg,28462-2G.jpg,146560,28462
Fotos gilvando\28462-2M1K - Copia.jpg,28462-2M1K - Copia.jpg,195652,28462
Fotos gilvando\28462-2M1K.jpg,28462-2M1K.jpg,164710,28462
Fotos gilvando\28462-7O - Copia.jpg,28462-7O - Copia.jpg,256949,28462
Fotos gilvando\28462-7O.jpg,28462-7O.jpg,233281,28462
Fotos gilvando\28462-8K - Copia.jpg,28462-8K - Copia.jpg,169677,28462
Fotos gilvando\28462-8K.jpg,28462-8K.jpg,169677,28462
Fotos gilvando\28462-8L - Copia.jpg,28462-8L - Copia.jpg,53595,28462
Fotos gilvando\28462-8L.jpg,28462-8L.jpg,53595,28462
Fotos gilvando\28462-9D - Copia.jpg,28462-9D - Copia.jpg,124869,28462
Fotos gilvando\28462-9D.jpg,28462-9D.jpg,124869,28462
Fotos gilvando\2870-10D - Copia.jpg,2870-10D - Copia.jpg,291551,2870
Fotos gilvando\2870-10D.jpg,2870-10D.jpg,268623,2870
Fotos gilvando\2870-12B - Copia.jpg,2870-12B - Copia.jpg,217077,2870
Fotos gilvando\2870-12B.jpg,2870-12B.jpg,200668,2870
Fotos gilvando\2870-1I - Copia.jpg,2870-1I - Copia.jpg,141448,2870
Fotos gilvando\2870-1I.jpg,2870-1I.jpg,141448,2870
Fotos gilvando\2870-1I_A - Copia.jpg,2870-1I_A - Copia.jpg,114451,2870
Fotos gilvando\2870-1I_A.jpg,2870-1I_A.jpg,114451,2870
Fotos gilvando\2870-1I_B - Copia.jpg,2870-1I_B - Copia.jpg,153732,2870
Fotos gilvando\2870-1I_B.jpg,2870-1I_B.jpg,153732,2870
Fotos gilvando\2870-1I_C - Copia.jpg,2870-1I_C - Copia.jpg,168883,2870
Fotos gilvando\2870-1I_C.jpg,2870-1I_C.jpg,168883,2870
Fotos gilvando\2870-1I_D - Copia.jpg,2870-1I_D - Copia.jpg,143192,2870
Fotos gilvando\2870-1I_D.jpg,2870-1I_D.jpg,143192,2870
Fotos gilvando\2870-1I_E - Copia.jpg,2870-1I_E - Copia.jpg,204369,2870
Fotos gilvando\2870-1I_E.jpg,2870-1I_E.jpg,204369,2870
Fotos gilvando\2870-1K - Copia.jpg,2870-1K - Copia.jpg,228749,2870
Fotos gilvando\2870-1K.jpg,2870-1K.jpg,216125,2870
Fotos gilvando\2870-1M - Copia.jpg,2870-1M - Copia.jpg,145867,2870
Fotos gilvando\2870-1M.jpg,2870-1M.jpg,145867,2870
Fotos gilvando\2870-2G - Copia.jpg,2870-2G - Copia.jpg,140559,2870
Fotos gilvando\2870-2G.jpg,2870-2G.jpg,140559,2870
Fotos gilvando\2870-9D - Copia.jpg,2870-9D - Copia.jpg,185908,2870
Fotos gilvando\2870-9D.jpg,2870-9D.jpg,162227,2870
Fotos gilvando\30362-1A - Copia.jpg,30362-1A - Copia.jpg,240735,30362
Fotos gilvando\30362-1A.jpg,30362-1A.jpg,240735,30362
Fotos gilvando\30362-1I - Copia.jpg,30362-1I - Copia.jpg,296609,30362
Fotos gilvando\30362-1I.jpg,30362-1I.jpg,296609,30362
Fotos gilvando\30362-1I_A - Copia.jpg,30362-1I_A - Copia.jpg,78532,30362
Fotos gilvando\30362-1I_A.jpg,30362-1I_A.jpg,78532,30362
Fotos gilvando\30362-1I_B - Copia.jpg,30362-1I_B - Copia.jpg,125551,30362
Fotos gilvando\30362-1I_B.jpg,30362-1I_B.jpg,125551,30362
Fotos gilvando\30362-1I_C - Copia.jpg,30362-1I_C - Copia.jpg,346164,30362
Fotos gilvando\30362-1I_C.jpg,30362-1I_C.jpg,321261,30362
Fotos gilvando\30362-1I_D - Copia.jpg,30362-1I_D - Copia.jpg,210159,30362
Fotos gilvando\30362-1I_D.jpg,30362-1I_D.jpg,172307,30362
Fotos gilvando\30362-1I_E - Copia.jpg,30362-1I_E - Copia.jpg,251644,30362
Fotos gilvando\30362-1I_E.jpg,30362-1I_E.jpg,179705,30362
Fotos gilvando\30362-1K - Copia.jpg,30362-1K - Copia.jpg,301129,30362
Fotos gilvando\30362-1K.jpg,30362-1K.jpg,301129,30362
Fotos gilvando\30362-1U - Copia.jpg,30362-1U - Copia.jpg,252318,30362
Fotos gilvando\30362-1U.jpg,30362-1U.jpg,252318,30362
Fotos gilvando\30362-1Z - Copia.jpg,30362-1Z - Copia.jpg,346614,30362
Fotos gilvando\30362-1Z.jpg,30362-1Z.jpg,346614,30362
Fotos gilvando\30362-9F - Copia.jpg,30362-9F - Copia.jpg,340173,30362
Fotos gilvando\30362-9F.jpg,30362-9F.jpg,275989,30362
Fotos gilvando\30362-9H - Copia.jpg,30362-9H - Copia.jpg,314542,30362
Fotos gilvando\30362-9H.jpg,30362-9H.jpg,254333,30362
Fotos gilvando\30362-9I - Copia.jpg,30362-9I - Copia.jpg,299428,30362
Fotos gilvando\30362-9I.jpg,30362-9I.jpg,241351,30362
Fotos gilvando\30362-9J - Copia.jpg,30362-9J - Copia.jpg,251756,30362
Fotos gilvando\30362-9J.jpg,30362-9J.jpg,194543,30362
Fotos gilvando\3151-10D - Copia.jpg,3151-10D - Copia.jpg,254422,3151
Fotos gilvando\3151-10D.jpg,3151-10D.jpg,234696,3151
Fotos gilvando\3151-10H - Copia.jpg,3151-10H - Copia.jpg,209159,3151
Fotos gilvando\3151-10H.jpg,3151-10H.jpg,209159,3151
Fotos gilvando\3151-1I - Copia.jpg,3151-1I - Copia.jpg,121519,3151
Fotos gilvando\3151-1I.jpg,3151-1I.jpg,121519,3151
Fotos gilvando\3151-1K - Copia.jpg,3151-1K - Copia.jpg,95442,3151
Fotos gilvando\3151-1K.jpg,3151-1K.jpg,95442,3151
Fotos gilvando\3151-1K_A - Copia.jpg,3151-1K_A - Copia.jpg,208866,3151
Fotos gilvando\3151-1K_A.jpg,3151-1K_A.jpg,193753,3151
Fotos gilvando\3151-1K_B - Copia.jpg,3151-1K_B - Copia.jpg,322882,3151
Fotos gilvando\3151-1K_B.jpg,3151-1K_B.jpg,304914,3151
Fotos gilvando\3151-1K_C - Copia.jpg,3151-1K_C - Copia.jpg,288158,3151
Fotos gilvando\3151-1K_C.jpg,3151-1K_C.jpg,271648,3151
Fotos gilvando\3151-1K_D - Copia.jpg,3151-1K_D - Copia.jpg,158589,3151
Fotos gilvando\3151-1K_D.jpg,3151-1K_D.jpg,140476,3151
Fotos gilvando\3151-1K_E - Copia.jpg,3151-1K_E - Copia.jpg,255501,3151
Fotos gilvando\3151-1K_E.jpg,3151-1K_E.jpg,223227,3151
Fotos gilvando\3151-1T - Copia.jpg,3151-1T - Copia.jpg,97288,3151
Fotos gilvando\3151-1T.jpg,3151-1T.jpg,97288,3151
Fotos gilvando\3151-2G - Copia.jpg,3151-2G - Copia.jpg,76633,3151
Fotos gilvando\3151-2G.jpg,3151-2G.jpg,76633,3151
Fotos gilvando\3151-2Q - Copia.jpg,3151-2Q - Copia.jpg,125454,3151
Fotos gilvando\3151-2Q.jpg,3151-2Q.jpg,125454,3151
Fotos gilvando\3151-8F - Copia.jpg,3151-8F - Copia.jpg,334906,3151
Fotos gilvando\3151-8F.jpg,3151-8F.jpg,277923,3151
Fotos gilvando\3151-8Q - Copia.jpg,3151-8Q - Copia.jpg,105474,3151
Fotos gilvando\3151-8Q.jpg,3151-8Q.jpg,105474,3151
Fotos gilvando\3151-9F - Copia.jpg,3151-9F - Copia.jpg,334906,3151
Fotos gilvando\3151-9F.jpg,3151-9F.jpg,334906,3151
Fotos gilvando\3151-9F9G - Copia.jpg,3151-9F9G - Copia.jpg,123535,3151
Fotos gilvando\3151-9F9G.jpg,3151-9F9G.jpg,123535,3151
Fotos gilvando\3151-9H1M - Copia.jpg,3151-9H1M - Copia.jpg,118342,3151
Fotos gilvando\3151-9H1M.jpg,3151-9H1M.jpg,118342,3151
Fotos gilvando\3151-9I2D - Copia.jpg,3151-9I2D - Copia.jpg,277547,3151
Fotos gilvando\3151-9I2D.jpg,3151-9I2D.jpg,225554,3151
Fotos gilvando\3151-9J1I - Copia.jpg,3151-9J1I - Copia.jpg,291618,3151
Fotos gilvando\3151-9J1I.jpg,3151-9J1I.jpg,236801,3151
Fotos gilvando\3151-9K2G - Copia.jpg,3151-9K2G - Copia.jpg,213560,3151
Fotos gilvando\3151-9K2G.jpg,3151-9K2G.jpg,165786,3151
Fotos gilvando\31512-10D10E - Copia.jpg,31512-10D10E - Copia.jpg,443653,3151
Fotos gilvando\31512-10D10E.jpg,31512-10D10E.jpg,443653,3151
Fotos gilvando\31512-1A2F - Copia.jpg,31512-1A2F - Copia.jpg,123394,3151
Fotos gilvando\31512-1A2F.jpg,31512-1A2F.jpg,123394,3151
Fotos gilvando\31512-1I2B - Copia.jpg,31512-1I2B - Copia.jpg,134179,3151
Fotos gilvando\31512-1I2B.jpg,31512-1I2B.jpg,134179,3151
Fotos gilvando\31512-1K1Y - Copia.jpg,31512-1K1Y - Copia.jpg,135404,3151
Fotos gilvando\31512-1K1Y.jpg,31512-1K1Y.jpg,135404,3151
Fotos gilvando\31512-1K1Y_A - Copia.jpg,31512-1K1Y_A - Copia.jpg,99002,3151
Fotos gilvando\31512-1K1Y_A.jpg,31512-1K1Y_A.jpg,99002,3151
Fotos gilvando\31512-1K1Y_B - Copia.jpg,31512-1K1Y_B - Copia.jpg,53458,3151
Fotos gilvando\31512-1K1Y_B.jpg,31512-1K1Y_B.jpg,53458,3151
Fotos gilvando\31512-1K1Y_C - Copia.jpg,31512-1K1Y_C - Copia.jpg,44595,3151
Fotos gilvando\31512-1K1Y_C.jpg,31512-1K1Y_C.jpg,44595,3151
Fotos gilvando\31512-1K1Y_D - Copia.jpg,31512-1K1Y_D - Copia.jpg,53656,3151
Fotos gilvando\31512-1K1Y_D.jpg,31512-1K1Y_D.jpg,53656,3151
Fotos gilvando\31512-1K1Y_E - Copia.jpg,31512-1K1Y_E - Copia.jpg,86210,3151
Fotos gilvando\31512-1K1Y_E.jpg,31512-1K1Y_E.jpg,86210,3151
Fotos gilvando\31512-1T2R - Copia.jpg,31512-1T2R - Copia.jpg,137318,3151
Fotos gilvando\31512-1T2R.jpg,31512-1T2R.jpg,137318,3151
Fotos gilvando\31512-2D5J - Copia.jpg,31512-2D5J - Copia.jpg,121983,3151
Fotos gilvando\31512-2D5J.jpg,31512-2D5J.jpg,121983,3151
Fotos gilvando\31512-2G1V - Copia.jpg,31512-2G1V - Copia.jpg,215496,3151
Fotos gilvando\31512-2G1V.jpg,31512-2G1V.jpg,165869,3151
Fotos gilvando\31512-8J8O - Copia.jpg,31512-8J8O - Copia.jpg,118429,3151
Fotos gilvando\31512-8J8O.jpg,31512-8J8O.jpg,118429,3151
Fotos gilvando\31512-8K8P - Copia.jpg,31512-8K8P - Copia.jpg,123963,3151
Fotos gilvando\31512-8K8P.jpg,31512-8K8P.jpg,123963,3151
Fotos gilvando\31512-9G9E - Copia.jpg,31512-9G9E - Copia.jpg,272150,3151
Fotos gilvando\31512-9G9E.jpg,31512-9G9E.jpg,221216,3151
Fotos gilvando\3262-10D - Copia.jpg,3262-10D - Copia.jpg,303608,3262
Fotos gilvando\3262-10D.jpg,3262-10D.jpg,303608,3262
Fotos gilvando\3262-10F - Copia.jpg,3262-10F - Copia.jpg,278684,3262
Fotos gilvando\3262-10F.jpg,3262-10F.jpg,278684,3262
Fotos gilvando\3262-11P - Copia.jpg,3262-11P - Copia.jpg,275253,3262
Fotos gilvando\3262-11P.jpg,3262-11P.jpg,253733,3262
Fotos gilvando\3262-12B - Copia.jpg,3262-12B - Copia.jpg,219248,3262
Fotos gilvando\3262-12B.jpg,3262-12B.jpg,200365,3262
Fotos gilvando\3262-1A - Copia.jpg,3262-1A - Copia.jpg,293009,3262
Fotos gilvando\3262-1A.jpg,3262-1A.jpg,293009,3262
Fotos gilvando\3262-1I - Copia.jpg,3262-1I - Copia.jpg,319308,3262
Fotos gilvando\3262-1I.jpg,3262-1I.jpg,319308,3262
Fotos gilvando\3262-1K - Copia.jpg,3262-1K - Copia.jpg,295671,3262
Fotos gilvando\3262-1K.jpg,3262-1K.jpg,295671,3262
Fotos gilvando\3262-1K_A - Copia.jpg,3262-1K_A - Copia.jpg,69886,3262
Fotos gilvando\3262-1K_A.jpg,3262-1K_A.jpg,69886,3262
Fotos gilvando\3262-5I - Copia.jpg,3262-5I - Copia.jpg,431789,3262
Fotos gilvando\3262-5I.jpg,3262-5I.jpg,431789,3262
Fotos gilvando\3262-6N - Copia.jpg,3262-6N - Copia.jpg,360287,3262
Fotos gilvando\3262-6N.jpg,3262-6N.jpg,360287,3262
Fotos gilvando\3262-8W1K - Copia.jpg,3262-8W1K - Copia.jpg,470263,3262
Fotos gilvando\3262-8W1K.jpg,3262-8W1K.jpg,470263,3262
Fotos gilvando\3262-8W1K_A - Copia.jpg,3262-8W1K_A - Copia.jpg,70846,3262
Fotos gilvando\3262-8W1K_A.jpg,3262-8W1K_A.jpg,70846,3262
Fotos gilvando\3262-8W1K_B - Copia.jpg,3262-8W1K_B - Copia.jpg,408885,3262
Fotos gilvando\3262-8W1K_B.jpg,3262-8W1K_B.jpg,408885,3262
Fotos gilvando\3262-8W1K_C - Copia.jpg,3262-8W1K_C - Copia.jpg,483940,3262
Fotos gilvando\3262-8W1K_C.jpg,3262-8W1K_C.jpg,483940,3262
Fotos gilvando\3262-8W1K_D - Copia.jpg,3262-8W1K_D - Copia.jpg,76604,3262
Fotos gilvando\3262-8W1K_D.jpg,3262-8W1K_D.jpg,76604,3262
Fotos gilvando\3262-8W1K_E - Copia.jpg,3262-8W1K_E - Copia.jpg,371563,3262
Fotos gilvando\3262-8W1K_E.jpg,3262-8W1K_E.jpg,371563,3262
Fotos gilvando\3262-9M1K - Copia.jpg,3262-9M1K - Copia.jpg,328450,3262
Fotos gilvando\3262-9M1K.jpg,3262-9M1K.jpg,328450,3262
Fotos gilvando\3262-9M2G - Copia.jpg,3262-9M2G - Copia.jpg,281451,3262
Fotos gilvando\3262-9M2G.jpg,3262-9M2G.jpg,281451,3262
Fotos gilvando\3262-9O - Copia.jpg,3262-9O - Copia.jpg,298955,3262
Fotos gilvando\3262-9O.jpg,3262-9O.jpg,300546,3262
Fotos gilvando\3332-10B1K - Copia.jpg,3332-10B1K - Copia.jpg,204260,3332
Fotos gilvando\3332-10B1K.jpg,3332-10B1K.jpg,185641,3332
Fotos gilvando\3332-10B1K_B - Copia.jpg,3332-10B1K_B - Copia.jpg,190435,3332
Fotos gilvando\3332-10B1K_B.jpg,3332-10B1K_B.jpg,190435,3332
Fotos gilvando\3332-10B1K_C - Copia.jpg,3332-10B1K_C - Copia.jpg,310412,3332
Fotos gilvando\3332-10B1K_C.jpg,3332-10B1K_C.jpg,310412,3332
Fotos gilvando\3332-10B1K_D - Copia.jpg,3332-10B1K_D - Copia.jpg,196629,3332
Fotos gilvando\3332-10B1K_D.jpg,3332-10B1K_D.jpg,196629,3332
Fotos gilvando\3332-10B1K_E - Copia.jpg,3332-10B1K_E - Copia.jpg,304293,3332
Fotos gilvando\3332-10B1K_E.jpg,3332-10B1K_E.jpg,282147,3332
Fotos gilvando\3421-11L.jpg,3421-11L.jpg,131392,3421
Fotos gilvando\3421-11M.jpg,3421-11M.jpg,129350,3421
Fotos gilvando\3421-11M_B.jpg,3421-11M_B.jpg,142520,3421
Fotos gilvando\3421-11M_C.jpg,3421-11M_C.jpg,288309,3421
Fotos gilvando\3421-11M_D.jpg,3421-11M_D.jpg,89067,3421
Fotos gilvando\3421-11M_E.jpg,3421-11M_E.jpg,175429,3421
Fotos gilvando\3421-11N.jpg,3421-11N.jpg,131864,3421
Fotos gilvando\434.-1I - Copia.jpg,434.-1I - Copia.jpg,105701,434
Fotos gilvando\434.-1I.jpg,434.-1I.jpg,105701,434
Fotos gilvando\434.-2A - Copia.jpg,434.-2A - Copia.jpg,143869,434
Fotos gilvando\434.-2A.jpg,434.-2A.jpg,143869,434
Fotos gilvando\434.-2W - Copia.jpg,434.-2W - Copia.jpg,134985,434
Fotos gilvando\434.-2W.jpg,434.-2W.jpg,134985,434
Fotos gilvando\434.-2W_A - Copia.jpg,434.-2W_A - Copia.jpg,237440,434
Fotos gilvando\434.-2W_A.jpg,434.-2W_A.jpg,181344,434
Fotos gilvando\434.-2W_B - Copia.jpg,434.-2W_B - Copia.jpg,349331,434
Fotos gilvando\434.-2W_B.jpg,434.-2W_B.jpg,291079,434
Fotos gilvando\434.-2W_C - Copia.jpg,434.-2W_C - Copia.jpg,149892,434
Fotos gilvando\434.-2W_C.jpg,434.-2W_C.jpg,149892,434
Fotos gilvando\434.-2W_D - Copia.jpg,434.-2W_D - Copia.jpg,141084,434
Fotos gilvando\434.-2W_D.jpg,434.-2W_D.jpg,141084,434
Fotos gilvando\451-1-2A - Copia.jpg,451-1-2A - Copia.jpg,149317,45112A
Fotos gilvando\451-1-2A.jpg,451-1-2A.jpg,149317,45112A
Fotos gilvando\451-1-2W - Copia.jpg,451-1-2W - Copia.jpg,118244,45112W
Fotos gilvando\451-1-2W.jpg,451-1-2W.jpg,118244,45112W
Fotos gilvando\451-1-2W_A - Copia.jpg,451-1-2W_A - Copia.jpg,90480,45112W
Fotos gilvando\451-1-2W_A.jpg,451-1-2W_A.jpg,90480,45112W
Fotos gilvando\451-1-2W_B - Copia.jpg,451-1-2W_B - Copia.jpg,94028,45112W
Fotos gilvando\451-1-2W_B.jpg,451-1-2W_B.jpg,94028,45112W
Fotos gilvando\451-1-2W_C - Copia.jpg,451-1-2W_C - Copia.jpg,146435,45112W
Fotos gilvando\451-1-2W_C.jpg,451-1-2W_C.jpg,146435,45112W
Fotos gilvando\451-1-2W_D - Copia.jpg,451-1-2W_D - Copia.jpg,115422,45112W
Fotos gilvando\451-1-2W_D.jpg,451-1-2W_D.jpg,115422,45112W
Fotos gilvando\CF134-11Z.jpg,CF134-11Z.jpg,207876,CF134
Fotos gilvando\CF134-12B.jpg,CF134-12B.jpg,187588,CF134
Fotos gilvando\CF134-1A - Copia.jpg,CF134-1A - Copia.jpg,307747,CF134
Fotos gilvando\CF134-1A.jpg,CF134-1A.jpg,307747,CF134
Fotos gilvando\CF134-1I - Copia.jpg,CF134-1I - Copia.jpg,288126,CF134
Fotos gilvando\CF134-1I.jpg,CF134-1I.jpg,288126,CF134
Fotos gilvando\CF134-1K - Copia.jpg,CF134-1K - Copia.jpg,253816,CF134
Fotos gilvando\CF134-1K.jpg,CF134-1K.jpg,253816,CF134
Fotos gilvando\CF134-1T - Copia.jpg,CF134-1T - Copia.jpg,87119,CF134
Fotos gilvando\CF134-1T.jpg,CF134-1T.jpg,87119,CF134
Fotos gilvando\CF134-2G - Copia.jpg,CF134-2G - Copia.jpg,255349,CF134
Fotos gilvando\CF134-2G.jpg,CF134-2G.jpg,255349,CF134
Fotos gilvando\CF134-6N.jpg,CF134-6N.jpg,112712,CF134
Fotos gilvando\CF134-8I - Copia.jpg,CF134-8I - Copia.jpg,232485,CF134
Fotos gilvando\CF134-8I.jpg,CF134-8I.jpg,218515,CF134
Fotos gilvando\CF134-9F - Copia.jpg,CF134-9F - Copia.jpg,255416,CF134
Fotos gilvando\CF134-9F.jpg,CF134-9F.jpg,191350,CF134
Fotos gilvando\CF134-9H - Copia.jpg,CF134-9H - Copia.jpg,293073,CF134
Fotos gilvando\CF134-9H.jpg,CF134-9H.jpg,230475,CF134
Fotos gilvando\CF134-9I - Copia.jpg,CF134-9I - Copia.jpg,276647,CF134
Fotos gilvando\CF134-9I.jpg,CF134-9I.jpg,212503,CF134
Fotos gilvando\CF134-9O.jpg,CF134-9O.jpg,254152,CF134
Fotos gilvando\CF165-11Z.jpg,CF165-11Z.jpg,6232,CF165
Fotos gilvando\CF165-12B.jpg,CF165-12B.jpg,6638,CF165
Fotos gilvando\CF165-1A - Copia.jpg,CF165-1A - Copia.jpg,218119,CF165
Fotos gilvando\CF165-1A.jpg,CF165-1A.jpg,218119,CF165
Fotos gilvando\CF165-1I - Copia.jpg,CF165-1I - Copia.jpg,214177,CF165
Fotos gilvando\CF165-1I.jpg,CF165-1I.jpg,214177,CF165
Fotos gilvando\CF165-1K - Copia.jpg,CF165-1K - Copia.jpg,215598,CF165
Fotos gilvando\CF165-1K.jpg,CF165-1K.jpg,215598,CF165
Fotos gilvando\CF165-1R - Copia.jpg,CF165-1R - Copia.jpg,67252,CF165
Fotos gilvando\CF165-1R.jpg,CF165-1R.jpg,67252,CF165
Fotos gilvando\CF165-2D - Copia.jpg,CF165-2D - Copia.jpg,196255,CF165
Fotos gilvando\CF165-2D.jpg,CF165-2D.jpg,129957,CF165
Fotos gilvando\CF165-2G - Copia.jpg,CF165-2G - Copia.jpg,182805,CF165
Fotos gilvando\CF165-2G.jpg,CF165-2G.jpg,182805,CF165
Fotos gilvando\CF165-5I.jpg,CF165-5I.jpg,7025,CF165
Fotos gilvando\CF165-6N.jpg,CF165-6N.jpg,7087,CF165
Fotos gilvando\CF165-8J - Copia.jpg,CF165-8J - Copia.jpg,64292,CF165
Fotos gilvando\CF165-8J.jpg,CF165-8J.jpg,64292,CF165
Fotos gilvando\CF165-8K - Copia.jpg,CF165-8K - Copia.jpg,56325,CF165
Fotos gilvando\CF165-8K.jpg,CF165-8K.jpg,56325,CF165
Fotos gilvando\CF165-9D - Copia.jpg,CF165-9D - Copia.jpg,197399,CF165
Fotos gilvando\CF165-9D.jpg,CF165-9D.jpg,132881,CF165
Fotos gilvando\CF166-10D - Copia.jpg,CF166-10D - Copia.jpg,114139,CF166
Fotos gilvando\CF166-10D.jpg,CF166-10D.jpg,114139,CF166
Fotos gilvando\CF166-10H - Copia.jpg,CF166-10H - Copia.jpg,107620,CF166
Fotos gilvando\CF166-10H.jpg,CF166-10H.jpg,107620,CF166
Fotos gilvando\CF166-11Z.jpg,CF166-11Z.jpg,6792,CF166
Fotos gilvando\CF166-12B.jpg,CF166-12B.jpg,6588,CF166
Fotos gilvando\CF166-1A - Copia.jpg,CF166-1A - Copia.jpg,239048,CF166
Fotos gilvando\CF166-1A.jpg,CF166-1A.jpg,239048,CF166
Fotos gilvando\CF166-1I - Copia.jpg,CF166-1I - Copia.jpg,238822,CF166
Fotos gilvando\CF166-1I.jpg,CF166-1I.jpg,238822,CF166
Fotos gilvando\CF166-1K - Copia.jpg,CF166-1K - Copia.jpg,240680,CF166
Fotos gilvando\CF166-1K.jpg,CF166-1K.jpg,240680,CF166
Fotos gilvando\CF166-1T - Copia.jpg,CF166-1T - Copia.jpg,71088,CF166
Fotos gilvando\CF166-1T.jpg,CF166-1T.jpg,71088,CF166
Fotos gilvando\CF166-2D - Copia.jpg,CF166-2D - Copia.jpg,69247,CF166
Fotos gilvando\CF166-2D.jpg,CF166-2D.jpg,69247,CF166
Fotos gilvando\CF166-2G - Copia.jpg,CF166-2G - Copia.jpg,219843,CF166
Fotos gilvando\CF166-2G.jpg,CF166-2G.jpg,219843,CF166
Fotos gilvando\CF166-5I - Copia.jpg,CF166-5I - Copia.jpg,233353,CF166
Fotos gilvando\CF166-5I.jpg,CF166-5I.jpg,168410,CF166
Fotos gilvando\CF166-7R - Copia.jpg,CF166-7R - Copia.jpg,281963,CF166
Fotos gilvando\CF166-7R.jpg,CF166-7R.jpg,281963,CF166
Fotos gilvando\CF166-8I - Copia.jpg,CF166-8I - Copia.jpg,159454,CF166
Fotos gilvando\CF166-8I.jpg,CF166-8I.jpg,146686,CF166
Fotos gilvando\CF166-9O.jpg,CF166-9O.jpg,7046,CF166
Fotos gilvando\CF176-10D - Copia.jpg,CF176-10D - Copia.jpg,118220,CF176
Fotos gilvando\CF176-10D.jpg,CF176-10D.jpg,118220,CF176
Fotos gilvando\CF176-10H - Copia.jpg,CF176-10H - Copia.jpg,113725,CF176
Fotos gilvando\CF176-10H.jpg,CF176-10H.jpg,113725,CF176
Fotos gilvando\CF176-11Z.jpg,CF176-11Z.jpg,201698,CF176
Fotos gilvando\CF176-12B.jpg,CF176-12B.jpg,174212,CF176
Fotos gilvando\CF176-1A - Copia.jpg,CF176-1A - Copia.jpg,201390,CF176
Fotos gilvando\CF176-1A.jpg,CF176-1A.jpg,201390,CF176
Fotos gilvando\CF176-1I - Copia.jpg,CF176-1I - Copia.jpg,223977,CF176
Fotos gilvando\CF176-1I.jpg,CF176-1I.jpg,223977,CF176
Fotos gilvando\CF176-1K - Copia.jpg,CF176-1K - Copia.jpg,209233,CF176
Fotos gilvando\CF176-1K.jpg,CF176-1K.jpg,209233,CF176
Fotos gilvando\CF176-1T - Copia.jpg,CF176-1T - Copia.jpg,73530,CF176
Fotos gilvando\CF176-1T.jpg,CF176-1T.jpg,73530,CF176
Fotos gilvando\CF176-2D - Copia.jpg,CF176-2D - Copia.jpg,240525,CF176
Fotos gilvando\CF176-2D.jpg,CF176-2D.jpg,240525,CF176
Fotos gilvando\CF176-2G - Copia.jpg,CF176-2G - Copia.jpg,186164,CF176
Fotos gilvando\CF176-2G.jpg,CF176-2G.jpg,186164,CF176
Fotos gilvando\CF176-5I.jpg,CF176-5I.jpg,266967,CF176
Fotos gilvando\CF176-6N.jpg,CF176-6N.jpg,239738,CF176
Fotos gilvando\CF176-9F - Copia.jpg,CF176-9F - Copia.jpg,248872,CF176
Fotos gilvando\CF176-9F.jpg,CF176-9F.jpg,185139,CF176
Fotos gilvando\CF176-9H - Copia.jpg,CF176-9H - Copia.jpg,247067,CF176
Fotos gilvando\CF176-9H.jpg,CF176-9H.jpg,182867,CF176
Fotos gilvando\CF176-9I - Copia.jpg,CF176-9I - Copia.jpg,254202,CF176
Fotos gilvando\CF176-9I.jpg,CF176-9I.jpg,191749,CF176
Fotos gilvando\CF176-9O.jpg,CF176-9O.jpg,223202,CF176
Fotos gilvando\CF186-10D - Copia.jpg,CF186-10D - Copia.jpg,118443,CF186
Fotos gilvando\CF186-10D.jpg,CF186-10D.jpg,118443,CF186
Fotos gilvando\CF186-10H - Copia.jpg,CF186-10H - Copia.jpg,110124,CF186
Fotos gilvando\CF186-10H.jpg,CF186-10H.jpg,110124,CF186
Fotos gilvando\CF186-11Z.jpg,CF186-11Z.jpg,204782,CF186
Fotos gilvando\CF186-12B.jpg,CF186-12B.jpg,198558,CF186
Fotos gilvando\CF186-1A - Copia.jpg,CF186-1A - Copia.jpg,76752,CF186
Fotos gilvando\CF186-1A.jpg,CF186-1A.jpg,76752,CF186
Fotos gilvando\CF186-1I - Copia.jpg,CF186-1I - Copia.jpg,80578,CF186
Fotos gilvando\CF186-1I.jpg,CF186-1I.jpg,80578,CF186
Fotos gilvando\CF186-1K - Copia.jpg,CF186-1K - Copia.jpg,75555,CF186
Fotos gilvando\CF186-1K.jpg,CF186-1K.jpg,75555,CF186
Fotos gilvando\CF186-2D - Copia.jpg,CF186-2D - Copia.jpg,77479,CF186
Fotos gilvando\CF186-2D.jpg,CF186-2D.jpg,77479,CF186
Fotos gilvando\CF186-2G - Copia.jpg,CF186-2G - Copia.jpg,66848,CF186
Fotos gilvando\CF186-2G.jpg,CF186-2G.jpg,66848,CF186
Fotos gilvando\CF186-5I - Copia.jpg,CF186-5I - Copia.jpg,322407,CF186
Fotos gilvando\CF186-5I.jpg,CF186-5I.jpg,256859,CF186
Fotos gilvando\CF186-6N.jpg,CF186-6N.jpg,291730,CF186
Fotos gilvando\CF186-8K - Copia.jpg,CF186-8K - Copia.jpg,76514,CF186
Fotos gilvando\CF186-8K.jpg,CF186-8K.jpg,76514,CF186
Fotos gilvando\CF186-9O.jpg,CF186-9O.jpg,234224,CF186
Fotos gilvando\CF1863-10D - Copia.jpg,CF1863-10D - Copia.jpg,90750,CF186
Fotos gilvando\CF1863-10D.jpg,CF1863-10D.jpg,90750,CF186
Fotos gilvando\CF1863-10H - Copia.jpg,CF1863-10H - Copia.jpg,89634,CF186
Fotos gilvando\CF1863-10H.jpg,CF1863-10H.jpg,89634,CF186
Fotos gilvando\CF1863-1A - Copia.jpg,CF1863-1A - Copia.jpg,91203,CF186
Fotos gilvando\CF1863-1A.jpg,CF1863-1A.jpg,91203,CF186
Fotos gilvando\CF1863-1I - Copia.jpg,CF1863-1I - Copia.jpg,211609,CF186
Fotos gilvando\CF1863-1I.jpg,CF1863-1I.jpg,211609,CF186
Fotos gilvando\CF1863-1K - Copia.jpg,CF1863-1K - Copia.jpg,191671,CF186
Fotos gilvando\CF1863-1K.jpg,CF1863-1K.jpg,191671,CF186
Fotos gilvando\CF1863-2D - Copia.jpg,CF1863-2D - Copia.jpg,197530,CF186
Fotos gilvando\CF1863-2D.jpg,CF1863-2D.jpg,197530,CF186
Fotos gilvando\CF1863-2G - Copia.jpg,CF1863-2G - Copia.jpg,86679,CF186
Fotos gilvando\CF1863-2G.jpg,CF1863-2G.jpg,86679,CF186
Fotos gilvando\CF1864-10D - Copia.jpg,CF1864-10D - Copia.jpg,92640,CF186
Fotos gilvando\CF1864-10D.jpg,CF1864-10D.jpg,92640,CF186
Fotos gilvando\CF1864-1A - Copia.jpg,CF1864-1A - Copia.jpg,203169,CF186
Fotos gilvando\CF1864-1A.jpg,CF1864-1A.jpg,203169,CF186
Fotos gilvando\CF1864-1I - Copia.jpg,CF1864-1I - Copia.jpg,203643,CF186
Fotos gilvando\CF1864-1I.jpg,CF1864-1I.jpg,203643,CF186
Fotos gilvando\CF1864-1K - Copia.jpg,CF1864-1K - Copia.jpg,192463,CF186
Fotos gilvando\CF1864-1K.jpg,CF1864-1K.jpg,192463,CF186
Fotos gilvando\CF1864-2G - Copia.jpg,CF1864-2G - Copia.jpg,210076,CF186
Fotos gilvando\CF1864-2G.jpg,CF1864-2G.jpg,210076,CF186
Fotos gilvando\CF195-1A - Copia.jpg,CF195-1A - Copia.jpg,89661,CF195
Fotos gilvando\CF195-1A.jpg,CF195-1A.jpg,89661,CF195
Fotos gilvando\CF195-1I - Copia.jpg,CF195-1I - Copia.jpg,108171,CF195
Fotos gilvando\CF195-1I.jpg,CF195-1I.jpg,108171,CF195
Fotos gilvando\CF195-1K - Copia.jpg,CF195-1K - Copia.jpg,99717,CF195
Fotos gilvando\CF195-1K.jpg,CF195-1K.jpg,99717,CF195
Fotos gilvando\CF195-1K_C - Copia.jpg,CF195-1K_C - Copia.jpg,165899,CF195
Fotos gilvando\CF195-1K_C.jpg,CF195-1K_C.jpg,165899,CF195
Fotos gilvando\CF195-1K_D - Copia.jpg,CF195-1K_D - Copia.jpg,165806,CF195
Fotos gilvando\CF195-1K_D.jpg,CF195-1K_D.jpg,165806,CF195
Fotos gilvando\CF195-3I - Copia.jpg,CF195-3I - Copia.jpg,128425,CF195
Fotos gilvando\CF195-3I.jpg,CF195-3I.jpg,128425,CF195
Fotos gilvando\CF195-5I - Copia.jpg,CF195-5I - Copia.jpg,174528,CF195
Fotos gilvando\CF195-5I.jpg,CF195-5I.jpg,174528,CF195
Fotos gilvando\CF195-6N - Copia.jpg,CF195-6N - Copia.jpg,173096,CF195
Fotos gilvando\CF195-6N.jpg,CF195-6N.jpg,173096,CF195
Fotos gilvando\CF204-10D.jpg,CF204-10D.jpg,100847,CF204
Fotos gilvando\CF204-11Z.jpg,CF204-11Z.jpg,90201,CF204
Fotos gilvando\CF204-12B.jpg,CF204-12B.jpg,78139,CF204
Fotos gilvando\CF204-1A.jpg,CF204-1A.jpg,94259,CF204
Fotos gilvando\CF204-1I.jpg,CF204-1I.jpg,100463,CF204
Fotos gilvando\CF204-1K.jpg,CF204-1K.jpg,100845,CF204
Fotos gilvando\CF204-5I.jpg,CF204-5I.jpg,119286,CF204
Fotos gilvando\CF204-6N.jpg,CF204-6N.jpg,87095,CF204
Fotos gilvando\CF204-9O.jpg,CF204-9O.jpg,39989,CF204
Fotos gilvando\CM11-2A - Copia.jpg,CM11-2A - Copia.jpg,85028,CM112A
Fotos gilvando\CM11-2A.jpg,CM11-2A.jpg,85028,CM112A
Fotos gilvando\CM11-2N - Copia.jpg,CM11-2N - Copia.jpg,196680,CM11
Fotos gilvando\CM11-2N.jpg,CM11-2N.jpg,196680,CM11
Fotos gilvando\CM11-2W - Copia.jpg,CM11-2W - Copia.jpg,95923,CM112W
Fotos gilvando\CM11-2W.jpg,CM11-2W.jpg,95923,CM112W
Fotos gilvando\CM110-2N3F - Copia.jpg,CM110-2N3F - Copia.jpg,294417,CM11
Fotos gilvando\CM110-2N3F.jpg,CM110-2N3F.jpg,294417,CM11
Fotos gilvando\CM113-2N.jpg,CM113-2N.jpg,364894,CM11
Fotos gilvando\CM113-3F.jpg,CM113-3F.jpg,350369,CM11
Fotos gilvando\CM114-2N.jpg,CM114-2N.jpg,362622,CM11
Fotos gilvando\CM114-3F.jpg,CM114-3F.jpg,383825,CM11
Fotos gilvando\CM115-2N.jpg,CM115-2N.jpg,344552,CM1152N
Fotos gilvando\CM115-3F.jpg,CM115-3F.jpg,380164,CM1153F
Fotos gilvando\CM12-2A - Copia.jpg,CM12-2A - Copia.jpg,43497,CM122
Fotos gilvando\CM12-2A.jpg,CM12-2A.jpg,43497,CM122
Fotos gilvando\CM12-2W - Copia.jpg,CM12-2W - Copia.jpg,171589,CM122
Fotos gilvando\CM12-2W.jpg,CM12-2W.jpg,171589,CM122
Fotos gilvando\CM122-2A - Copia.jpg,CM122-2A - Copia.jpg,1139867,CM1222A
Fotos gilvando\CM122-2A.jpg,CM122-2A.jpg,1139867,CM1222A
Fotos gilvando\CM122-2W - Copia.jpg,CM122-2W - Copia.jpg,1262203,CM1222W
Fotos gilvando\CM122-2W.jpg,CM122-2W.jpg,1262203,CM1222W
Fotos gilvando\CM40-2A2N - Copia.jpg,CM40-2A2N - Copia.jpg,141430,CM402A2N
Fotos gilvando\CM40-2A2N.jpg,CM40-2A2N.jpg,141430,CM402A2N
Fotos gilvando\CM40-2A2W - Copia.jpg,CM40-2A2W - Copia.jpg,78741,CM40
Fotos gilvando\CM40-2A2W.jpg,CM40-2A2W.jpg,78741,CM40
Fotos gilvando\CM83-2N - Copia.jpg,CM83-2N - Copia.jpg,71567,CM832N
Fotos gilvando\CM83-2N.jpg,CM83-2N.jpg,71567,CM832N
Fotos gilvando\CM83-3B - Copia.jpg,CM83-3B - Copia.jpg,88795,CM83
Fotos gilvando\CM83-3B.jpg,CM83-3B.jpg,88795,CM83
Fotos gilvando\CM83-3G - Copia.jpg,CM83-3G - Copia.jpg,91432,CM833G
Fotos gilvando\CM83-3G.jpg,CM83-3G.jpg,91432,CM833G
Fotos gilvando\CM832-3B - Copia.jpg,CM832-3B - Copia.jpg,219064,CM83
Fotos gilvando\CM832-3B.jpg,CM832-3B.jpg,160292,CM83
Fotos gilvando\CM832-3G - Copia.jpg,CM832-3G - Copia.jpg,240673,CM83
Fotos gilvando\CM832-3G.jpg,CM832-3G.jpg,184777,CM83
Fotos gilvando\CM83RT-10Q - Copia.jpg,CM83RT-10Q - Copia.jpg,1277824,CM83
Fotos gilvando\CM83RT-10Q.jpg,CM83RT-10Q.jpg,1277824,CM83
Fotos gilvando\CM91-2N7E - Copia.jpg,CM91-2N7E - Copia.jpg,1385676,CM912N7E
Fotos gilvando\CM91-2N7E.jpg,CM91-2N7E.jpg,1385676,CM912N7E
Fotos gilvando\CM91-3D7F - Copia.jpg,CM91-3D7F - Copia.jpg,159375,CM91
Fotos gilvando\CM91-3D7F.jpg,CM91-3D7F.jpg,132874,CM91
Fotos gilvando\CM91-3F7G - Copia.jpg,CM91-3F7G - Copia.jpg,145291,CM913F7G
Fotos gilvando\CM91-3F7G.jpg,CM91-3F7G.jpg,145291,CM913F7G
Fotos gilvando\CM97- 3G3U - Copia.jpg,CM97- 3G3U - Copia.jpg,128237,CM97
Fotos gilvando\CM97- 3G3U.jpg,CM97- 3G3U.jpg,128237,CM97
Fotos gilvando\CM97-2N10V - Copia.jpg,CM97-2N10V - Copia.jpg,1484005,CM97
Fotos gilvando\CM97-2N10V.jpg,CM97-2N10V.jpg,1484005,CM97
Fotos gilvando\CM97-2N9R - Copia.jpg,CM97-2N9R - Copia.jpg,282748,CM97
Fotos gilvando\CM97-2N9R.jpg,CM97-2N9R.jpg,231448,CM97
Fotos gilvando\CM97-3D10X - Copia.jpg,CM97-3D10X - Copia.jpg,1386554,CM973D10X
Fotos gilvando\CM97-3D10X.jpg,CM97-3D10X.jpg,1386554,CM973D10X
Fotos gilvando\CM97-3F9Q - Copia.jpg,CM97-3F9Q - Copia.jpg,252825,CM973F9Q
Fotos gilvando\CM97-3F9Q.jpg,CM97-3F9Q.jpg,203506,CM973F9Q
Fotos gilvando\CM97-3G3U - Copia.jpg,CM97-3G3U - Copia.jpg,137184,CM97
Fotos gilvando\CM97-3G3U.jpg,CM97-3G3U.jpg,137184,CM97
Fotos gilvando\CM97-8U3Z - Copia.jpg,CM97-8U3Z - Copia.jpg,295976,CM97
Fotos gilvando\CM97-8U3Z.jpg,CM97-8U3Z.jpg,235091,CM97
Fotos gilvando\CM97-8U9Q - Copia.jpg,CM97-8U9Q - Copia.jpg,212487,CM97
Fotos gilvando\CM97-8U9Q.jpg,CM97-8U9Q.jpg,212487,CM97
Fotos gilvando\CM97-8V9A - Copia.jpg,CM97-8V9A - Copia.jpg,307256,CM97
Fotos gilvando\CM97-8V9A.jpg,CM97-8V9A.jpg,246957,CM97
Fotos gilvando\CM97-8V9R - Copia.jpg,CM97-8V9R - Copia.jpg,201287,CM97
Fotos gilvando\CM97-8V9R.jpg,CM97-8V9R.jpg,201287,CM97
Fotos gilvando\CM973F9Q-GG.jpg,CM973F9Q-GG.jpg,252825,CM973F9Q
Fotos gilvando\CM97BR-2N10V - Copia.jpg,CM97BR-2N10V - Copia.jpg,302980,CM97
Fotos gilvando\CM97BR-2N10V.jpg,CM97BR-2N10V.jpg,256981,CM97
Fotos gilvando\CM97JV-3D10X - Copia.jpg,CM97JV-3D10X - Copia.jpg,315369,CM97
Fotos gilvando\CM97JV-3D10X.jpg,CM97JV-3D10X.jpg,263921,CM97
Fotos gilvando\CTF94-10D - Copia.jpg,CTF94-10D - Copia.jpg,358632,CTF94
Fotos gilvando\CTF94-10D.jpg,CTF94-10D.jpg,358632,CTF94
Fotos gilvando\CTF94-10F - Copia.jpg,CTF94-10F - Copia.jpg,350477,CTF94
Fotos gilvando\CTF94-10F.jpg,CTF94-10F.jpg,350477,CTF94
Fotos gilvando\CTF94-10H - Copia.jpg,CTF94-10H - Copia.jpg,314127,CTF94
Fotos gilvando\CTF94-10H.jpg,CTF94-10H.jpg,314127,CTF94
Fotos gilvando\CTF94-10J - Copia.jpg,CTF94-10J - Copia.jpg,271088,CTF94
Fotos gilvando\CTF94-10J.jpg,CTF94-10J.jpg,271088,CTF94
Fotos gilvando\CTF94-1A - Copia.jpg,CTF94-1A - Copia.jpg,421393,CTF94
Fotos gilvando\CTF94-1A.jpg,CTF94-1A.jpg,368652,CTF94
Fotos gilvando\CTF94-1I - Copia.jpg,CTF94-1I - Copia.jpg,308781,CTF94
Fotos gilvando\CTF94-1I.jpg,CTF94-1I.jpg,264309,CTF94
Fotos gilvando\CTF94-1K - Copia.jpg,CTF94-1K - Copia.jpg,138514,CTF94
Fotos gilvando\CTF94-1K.jpg,CTF94-1K.jpg,138514,CTF94
Fotos gilvando\CTF94-1K_A - Copia.jpg,CTF94-1K_A - Copia.jpg,249745,CTF94
Fotos gilvando\CTF94-1K_A.jpg,CTF94-1K_A.jpg,249745,CTF94
Fotos gilvando\CTF94-1K_B - Copia.jpg,CTF94-1K_B - Copia.jpg,164509,CTF94
Fotos gilvando\CTF94-1K_B.jpg,CTF94-1K_B.jpg,136317,CTF94
Fotos gilvando\CTF94-1K_C - Copia.jpg,CTF94-1K_C - Copia.jpg,160576,CTF94
Fotos gilvando\CTF94-1K_C.jpg,CTF94-1K_C.jpg,132593,CTF94
Fotos gilvando\CTF94-1K_D - Copia.jpg,CTF94-1K_D - Copia.jpg,292619,CTF94
Fotos gilvando\CTF94-1K_D.jpg,CTF94-1K_D.jpg,226282,CTF94
Fotos gilvando\CTF94-2D - Copia.jpg,CTF94-2D - Copia.jpg,132678,CTF94
Fotos gilvando\CTF94-2D.jpg,CTF94-2D.jpg,132678,CTF94
Fotos gilvando\CTF94-2G - Copia.jpg,CTF94-2G - Copia.jpg,108927,CTF94
Fotos gilvando\CTF94-2G.jpg,CTF94-2G.jpg,108927,CTF94
Fotos gilvando\CTF94-2Q - Copia.jpg,CTF94-2Q - Copia.jpg,126437,CTF94
Fotos gilvando\CTF94-2Q.jpg,CTF94-2Q.jpg,126437,CTF94
Fotos gilvando\CTF94-9F9E - Copia.jpg,CTF94-9F9E - Copia.jpg,319462,CTF94
Fotos gilvando\CTF94-9F9E.jpg,CTF94-9F9E.jpg,277736,CTF94
Fotos gilvando\CTF94-9H1M - Copia.jpg,CTF94-9H1M - Copia.jpg,215051,CTF94
Fotos gilvando\CTF94-9H1M.jpg,CTF94-9H1M.jpg,184700,CTF94
Fotos gilvando\CTF94-9I5J - Copia.jpg,CTF94-9I5J - Copia.jpg,339778,CTF94
Fotos gilvando\CTF94-9I5J.jpg,CTF94-9I5J.jpg,300087,CTF94
Fotos gilvando\CTF94-9J2B - Copia.jpg,CTF94-9J2B - Copia.jpg,238759,CTF94
Fotos gilvando\CTF94-9J2B.jpg,CTF94-9J2B.jpg,196273,CTF94
Fotos gilvando\CTF94-9K1V - Copia.jpg,CTF94-9K1V - Copia.jpg,230350,CTF94
Fotos gilvando\CTF94-9K1V.jpg,CTF94-9K1V.jpg,195971,CTF94
Fotos gilvando\CTF94-9R9E - Copia.jpg,CTF94-9R9E - Copia.jpg,319462,CTF94
Fotos gilvando\CTF94-9R9E.jpg,CTF94-9R9E.jpg,319462,CTF94
Fotos gilvando\M126-2A - Copia.jpg,M126-2A - Copia.jpg,136404,M1262A
Fotos gilvando\M126-2A.jpg,M126-2A.jpg,136404,M1262A
Fotos gilvando\M126-2N - Copia.jpg,M126-2N - Copia.jpg,159446,M1262N
Fotos gilvando\M126-2N.jpg,M126-2N.jpg,148203,M1262N
Fotos gilvando\M126-2N_A - Copia.jpg,M126-2N_A - Copia.jpg,113930,M1262N
Fotos gilvando\M126-2N_A.jpg,M126-2N_A.jpg,113930,M1262N
Fotos gilvando\M126-2N_B - Copia.jpg,M126-2N_B - Copia.jpg,188261,M1262N
Fotos gilvando\M126-2N_B.jpg,M126-2N_B.jpg,176680,M1262N
Fotos gilvando\M126-2N_C - Copia.jpg,M126-2N_C - Copia.jpg,198723,M1262N
Fotos gilvando\M126-2N_C.jpg,M126-2N_C.jpg,186059,M1262N
Fotos gilvando\M126-2N_D - Copia.jpg,M126-2N_D - Copia.jpg,112055,M1262N
Fotos gilvando\M126-2N_D.jpg,M126-2N_D.jpg,112055,M1262N
Fotos gilvando\M126-2W - Copia.jpg,M126-2W - Copia.jpg,141969,M1262W
Fotos gilvando\M126-2W.jpg,M126-2W.jpg,141969,M1262W
Fotos gilvando\M217-10P - Copia.jpg,M217-10P - Copia.jpg,291951,M217
Fotos gilvando\M217-10P.jpg,M217-10P.jpg,254584,M217
Fotos gilvando\M217-3B - Copia.jpg,M217-3B - Copia.jpg,124754,M2173B
Fotos gilvando\M217-3B.jpg,M217-3B.jpg,124754,M2173B
Fotos gilvando\M217-3B_A - Copia.jpg,M217-3B_A - Copia.jpg,99526,M2173B
Fotos gilvando\M217-3B_A.jpg,M217-3B_A.jpg,99526,M2173B
Fotos gilvando\M217-3B_B - Copia.jpg,M217-3B_B - Copia.jpg,182604,M2173B
Fotos gilvando\M217-3B_B.jpg,M217-3B_B.jpg,182604,M2173B
Fotos gilvando\M217-3B_C - Copia.jpg,M217-3B_C - Copia.jpg,132915,M2173B
Fotos gilvando\M217-3B_C.jpg,M217-3B_C.jpg,132915,M2173B
Fotos gilvando\M217-3B_D - Copia.jpg,M217-3B_D - Copia.jpg,108924,M2173B
Fotos gilvando\M217-3B_D.jpg,M217-3B_D.jpg,108924,M2173B
Fotos gilvando\M217-3G - Copia.jpg,M217-3G - Copia.jpg,126089,M2173G
Fotos gilvando\M217-3G.jpg,M217-3G.jpg,126089,M2173G
Fotos gilvando\M217-8F - Copia.jpg,M217-8F - Copia.jpg,144069,M217
Fotos gilvando\M217-8F.jpg,M217-8F.jpg,144069,M217
Fotos gilvando\M217-8X - Copia.jpg,M217-8X - Copia.jpg,130890,M217
Fotos gilvando\M217-8X.jpg,M217-8X.jpg,130890,M217
Fotos gilvando\COLEÇÃO - RESORT 2026\040-0-10P.jpg,040-0-10P.jpg,278881,040010P
Fotos gilvando\COLEÇÃO - RESORT 2026\17512-11W.jpg,17512-11W.jpg,250416,17512
Fotos gilvando\COLEÇÃO - RESORT 2026\2136-12V.jpg,2136-12V.jpg,303469,2136
Fotos gilvando\COLEÇÃO - RESORT 2026\2136-12Y.jpg,2136-12Y.jpg,301113,2136
Fotos gilvando\COLEÇÃO - RESORT 2026\2136-12Z.jpg,2136-12Z.jpg,261772,2136
Fotos gilvando\COLEÇÃO - RESORT 2026\2136-5I.jpg,2136-5I.jpg,256787,2136
Fotos gilvando\COLEÇÃO - RESORT 2026\2150-12Y.jpg,2150-12Y.jpg,275958,2150
Fotos gilvando\COLEÇÃO - RESORT 2026\2150-1I.jpg,2150-1I.jpg,250984,2150
Fotos gilvando\COLEÇÃO - RESORT 2026\2150-2D.jpg,2150-2D.jpg,275477,2150
Fotos gilvando\COLEÇÃO - RESORT 2026\2870-11W.jpg,2870-11W.jpg,280882,2870
Fotos gilvando\COLEÇÃO - RESORT 2026\2870-12Y.jpg,2870-12Y.jpg,220965,2870
Fotos gilvando\COLEÇÃO - RESORT 2026\30362-11W.jpg,30362-11W.jpg,294650,30362
Fotos gilvando\COLEÇÃO - RESORT 2026\3151-11R.jpg,3151-11R.jpg,290148,3151
Fotos gilvando\COLEÇÃO - RESORT 2026\3151-12V.jpg,3151-12V.jpg,256105,3151
Fotos gilvando\COLEÇÃO - RESORT 2026\3151-12Y.jpg,3151-12Y.jpg,255919,3151
Fotos gilvando\COLEÇÃO - RESORT 2026\3151-12Z.jpg,3151-12Z.jpg,266252,3151
Fotos gilvando\COLEÇÃO - RESORT 2026\3262-12C1A.jpg,3262-12C1A.jpg,272521,3262
Fotos gilvando\COLEÇÃO - RESORT 2026\3262-12V.jpg,3262-12V.jpg,288582,3262
Fotos gilvando\COLEÇÃO - RESORT 2026\3262-12Y.jpg,3262-12Y.jpg,305376,3262
Fotos gilvando\COLEÇÃO - RESORT 2026\3262-12Z.jpg,3262-12Z.jpg,247745,3262
Fotos gilvando\COLEÇÃO - RESORT 2026\3262-2D.jpg,3262-2D.jpg,303386,3262
Fotos gilvando\COLEÇÃO - RESORT 2026\3332-12E1A.jpg,3332-12E1A.jpg,293390,3332
Fotos gilvando\COLEÇÃO - RESORT 2026\3332-12E1A_A.jpg,3332-12E1A_A.jpg,276417,3332
Fotos gilvando\COLEÇÃO - RESORT 2026\3332-12E1A_B.jpg,3332-12E1A_B.jpg,275252,3332
Fotos gilvando\COLEÇÃO - RESORT 2026\3332-12E1A_C.jpg,3332-12E1A_C.jpg,300106,3332
Fotos gilvando\COLEÇÃO - RESORT 2026\3332-12E1A_D.jpg,3332-12E1A_D.jpg,281471,3332
Fotos gilvando\COLEÇÃO - RESORT 2026\3332-12E1A_E.jpg,3332-12E1A_E.jpg,261390,3332
Fotos gilvando\COLEÇÃO - RESORT 2026\3421-11W.jpg,3421-11W.jpg,259750,3421
Fotos gilvando\COLEÇÃO - RESORT 2026\3421-12T.jpg,3421-12T.jpg,303594,3421
Fotos gilvando\COLEÇÃO - RESORT 2026\3421-12U.jpg,3421-12U.jpg,248890,3421
Fotos gilvando\COLEÇÃO - RESORT 2026\3434-11W.jpg,3434-11W.jpg,266616,3434
Fotos gilvando\COLEÇÃO - RESORT 2026\3434-12Y.jpg,3434-12Y.jpg,252853,3434
Fotos gilvando\COLEÇÃO - RESORT 2026\3434-12Z.jpg,3434-12Z.jpg,189205,3434
Fotos gilvando\COLEÇÃO - RESORT 2026\3434-13M1K.jpg,3434-13M1K.jpg,275038,3434
Fotos gilvando\COLEÇÃO - RESORT 2026\3434-13M1K_B.jpg,3434-13M1K_B.jpg,243811,3434
Fotos gilvando\COLEÇÃO - RESORT 2026\3434-13M1K_C.jpg,3434-13M1K_C.jpg,270052,3434
Fotos gilvando\COLEÇÃO - RESORT 2026\3434-13M1K_D.jpg,3434-13M1K_D.jpg,158054,3434
Fotos gilvando\COLEÇÃO - RESORT 2026\3434-13M1K_E.jpg,3434-13M1K_E.jpg,269533,3434
Fotos gilvando\COLEÇÃO - RESORT 2026\3434-13M1K_F.jpg,3434-13M1K_F.jpg,241586,3434
Fotos gilvando\COLEÇÃO - RESORT 2026\3434-13N1I.jpg,3434-13N1I.jpg,252643,3434
Fotos gilvando\COLEÇÃO - RESORT 2026\3434-13O2G.jpg,3434-13O2G.jpg,240337,3434
Fotos gilvando\COLEÇÃO - RESORT 2026\3434-1I.jpg,3434-1I.jpg,224538,3434
Fotos gilvando\COLEÇÃO - RESORT 2026\3434-2G.jpg,3434-2G.jpg,216458,3434
Fotos gilvando\COLEÇÃO - RESORT 2026\3434-2G_E.jpg,3434-2G_E.jpg,256743,3434
Fotos gilvando\COLEÇÃO - RESORT 2026\3436-11W.jpg,3436-11W.jpg,297828,3436
Fotos gilvando\COLEÇÃO - RESORT 2026\3436-12B.jpg,3436-12B.jpg,225834,3436
Fotos gilvando\COLEÇÃO - RESORT 2026\3436-12B_E.jpg,3436-12B_E.jpg,367066,3436
Fotos gilvando\COLEÇÃO - RESORT 2026\3436-12Y.jpg,3436-12Y.jpg,257535,3436
Fotos gilvando\COLEÇÃO - RESORT 2026\3436-13M1K.jpg,3436-13M1K.jpg,231813,3436
Fotos gilvando\COLEÇÃO - RESORT 2026\3436-13M1K_B.jpg,3436-13M1K_B.jpg,292064,3436
Fotos gilvando\COLEÇÃO - RESORT 2026\3436-13M1K_C.jpg,3436-13M1K_C.jpg,272688,3436
Fotos gilvando\COLEÇÃO - RESORT 2026\3436-13M1K_D.jpg,3436-13M1K_D.jpg,158529,3436
Fotos gilvando\COLEÇÃO - RESORT 2026\3436-13M1K_E.jpg,3436-13M1K_E.jpg,248016,3436
Fotos gilvando\COLEÇÃO - RESORT 2026\3436-13N1I.jpg,3436-13N1I.jpg,256045,3436
Fotos gilvando\COLEÇÃO - RESORT 2026\3436-13O2G.jpg,3436-13O2G.jpg,267135,3436
Fotos gilvando\COLEÇÃO - RESORT 2026\3436-1I.jpg,3436-1I.jpg,230714,3436
Fotos gilvando\COLEÇÃO - RESORT 2026\3466-12B.jpg,3466-12B.jpg,158719,3466
Fotos gilvando\COLEÇÃO - RESORT 2026\3466-12G.jpg,3466-12G.jpg,217170,3466
Fotos gilvando\COLEÇÃO - RESORT 2026\3466-12G_B.jpg,3466-12G_B.jpg,275499,3466
Fotos gilvando\COLEÇÃO - RESORT 2026\3466-12G_C.jpg,3466-12G_C.jpg,277896,3466
Fotos gilvando\COLEÇÃO - RESORT 2026\3466-12G_D.jpg,3466-12G_D.jpg,253062,3466
Fotos gilvando\COLEÇÃO - RESORT 2026\3466-12G_E.jpg,3466-12G_E.jpg,242952,3466
Fotos gilvando\COLEÇÃO - RESORT 2026\3466-12H.jpg,3466-12H.jpg,201035,3466
Fotos gilvando\COLEÇÃO - RESORT 2026\3466-12V.jpg,3466-12V.jpg,192889,3466
Fotos gilvando\COLEÇÃO - RESORT 2026\3466-12Y.jpg,3466-12Y.jpg,188871,3466
Fotos gilvando\COLEÇÃO - RESORT 2026\3466-12Z.jpg,3466-12Z.jpg,181437,3466
Fotos gilvando\COLEÇÃO - RESORT 2026\3466-13B.jpg,3466-13B.jpg,229754,3466
Fotos gilvando\COLEÇÃO - RESORT 2026\3466-1I.jpg,3466-1I.jpg,222391,3466
Fotos gilvando\COLEÇÃO - RESORT 2026\3466-1K.jpg,3466-1K.jpg,220925,3466
Fotos gilvando\COLEÇÃO - RESORT 2026\3466-2G.jpg,3466-2G.jpg,176953,3466
Fotos gilvando\COLEÇÃO - RESORT 2026\3466-5I.jpg,3466-5I.jpg,276244,3466
Fotos gilvando\COLEÇÃO - RESORT 2026\3466-6N.jpg,3466-6N.jpg,254634,3466
Fotos gilvando\COLEÇÃO - RESORT 2026\CF134-11W.jpg,CF134-11W.jpg,259709,CF134
Fotos gilvando\COLEÇÃO - RESORT 2026\CF186-11W.jpg,CF186-11W.jpg,256662,CF186
Fotos gilvando\COLEÇÃO - RESORT 2026\CF195-11W.jpg,CF195-11W.jpg,227284,CF195
Fotos gilvando\COLEÇÃO - RESORT 2026\CF195-12Y.jpg,CF195-12Y.jpg,228611,CF195
Fotos gilvando\COLEÇÃO - RESORT 2026\CF195-2D.jpg,CF195-2D.jpg,295182,CF195
Fotos gilvando\COLEÇÃO - RESORT 2026\CF195-2G.jpg,CF195-2G.jpg,305872,CF195
Fotos gilvando\COLEÇÃO - RESORT 2026\CF204-11W.jpg,CF204-11W.jpg,249966,CF204
Fotos gilvando\COLEÇÃO - RESORT 2026\CF204-2D.jpg,CF204-2D.jpg,214540,CF204
Fotos gilvando\COLEÇÃO - RESORT 2026\CM117-2N.jpg,CM117-2N.jpg,226566,CM11
Fotos gilvando\COLEÇÃO - RESORT 2026\CM117-2N_A.jpg,CM117-2N_A.jpg,278518,CM11
Fotos gilvando\COLEÇÃO - RESORT 2026\CM117-3D.jpg,CM117-3D.jpg,249064,CM11
Fotos gilvando\COLEÇÃO - RESORT 2026\CM117-3F.jpg,CM117-3F.jpg,287476,CM11
Fotos gilvando\COLEÇÃO - RESORT 2026\CM118-2N12X.jpg,CM118-2N12X.jpg,256406,CM11
Fotos gilvando\COLEÇÃO - RESORT 2026\CM118-2N12X_A.jpg,CM118-2N12X_A.jpg,240530,CM11
Fotos gilvando\COLEÇÃO - RESORT 2026\CM118-2N12X_B.jpg,CM118-2N12X_B.jpg,274067,CM11
Fotos gilvando\COLEÇÃO - RESORT 2026\CM118-2N12X_C.jpg,CM118-2N12X_C.jpg,289872,CM11
Fotos gilvando\COLEÇÃO - RESORT 2026\CM118-3F12W.jpg,CM118-3F12W.jpg,249521,CM11
