relative_path,name,bytes
Rede - Atalho.lnk,Rede - Atalho.lnk,355
BOLSAS PARADAS NA EMBALAGEM\CONTROLE DE BOLSAS PARADAS.xlsx,CONTROLE DE BOLSAS PARADAS.xlsx,58204
BOLSAS PARADAS NA EMBALAGEM\~$CONTROLE DE BOLSAS PARADAS.xlsx,~$CONTROLE DE BOLSAS PARADAS.xlsx,165
BOLSAS PARADAS NA EMBALAGEM - Copia\CONTROLE DE BOLSAS PARADAS.xlsx,CONTROLE DE BOLSAS PARADAS.xlsx,37752
BOLSAS PARADAS NA EMBALAGEM - Copia\~$CONTROLE DE BOLSAS PARADAS.xlsx,~$CONTROLE DE BOLSAS PARADAS.xlsx,165
COLEÇÃO  - 2021 INVERNO\Thumbs.db,Thumbs.db,3399168
COLEÇÃO - 2020\desktop.ini,desktop.ini,174
COLEÇÃO - 2020\Thumbs.db,Thumbs.db,31778816
COLEÇÃO - 2021\desktop.ini,desktop.ini,4219
COLEÇÃO - 2021\Thumbs.db,Thumbs.db,29910016
COLEÇÃO - ALTO VERÃO 2022\Thumbs.db,Thumbs.db,2309632
COLEÇÃO - BANCO DE IMAGENS\BOLSAS PARADAS NA EMBALAGEM\CONTROLE DE BOLSAS PARADAS.xlsx,CONTROLE DE BOLSAS PARADAS.xlsx,58204
COLEÇÃO - BANCO DE IMAGENS\BOLSAS PARADAS NA EMBALAGEM\~$CONTROLE DE BOLSAS PARADAS.xlsx,~$CONTROLE DE BOLSAS PARADAS.xlsx,165
COLEÇÃO - BANCO DE IMAGENS\BOLSAS PARADAS NA EMBALAGEM - Copia\CONTROLE DE BOLSAS PARADAS.xlsx,CONTROLE DE BOLSAS PARADAS.xlsx,37752
COLEÇÃO - BANCO DE IMAGENS\BOLSAS PARADAS NA EMBALAGEM - Copia\~$CONTROLE DE BOLSAS PARADAS.xlsx,~$CONTROLE DE BOLSAS PARADAS.xlsx,165
COLEÇÃO - BANCO DE IMAGENS\COLEÇÃO  - 2021 INVERNO\Thumbs.db,Thumbs.db,3288064
COLEÇÃO - BANCO DE IMAGENS\COLEÇÃO - 2020\desktop.ini,desktop.ini,174
COLEÇÃO - BANCO DE IMAGENS\COLEÇÃO - 2020\Thumbs.db,Thumbs.db,32106496
COLEÇÃO - BANCO DE IMAGENS\COLEÇÃO - 2021\Thumbs.db,Thumbs.db,444928
COLEÇÃO - COMPLEMENTAR\CAPA\Thumbs.db,Thumbs.db,490496
COLEÇÃO - COMPLEMENTAR\DETALHES\Thumbs.db,Thumbs.db,375808
COLEÇÃO - COMPLEMENTAR\MEDIDAS\Thumbs.db,Thumbs.db,127488
COLEÇÃO - COMPLEMENTAR\MODELO\Thumbs.db,Thumbs.db,178176
COLEÇÃO - COMPLEMENTO PAIS VERÃO 2025\Thumbs.db,Thumbs.db,2421760
COLEÇÃO - COMPLEMENTO PAIS VERÃO 2025\PSD\Thumbs.db,Thumbs.db,393728
COLEÇÃO - DIA DO PAIS\CONTINUAVEIS\Thumbs.db,Thumbs.db,1308672
COLEÇÃO - DIA DO PAIS\NOVAS\Thumbs.db,Thumbs.db,1089024
COLEÇÃO - INVERNO - 2023\Thumbs.db,Thumbs.db,4127232
COLEÇÃO - INVERNO - 2023\CAPAS\Thumbs.db,Thumbs.db,2475520
COLEÇÃO - INVERNO - 2023\DETALHES\Thumbs.db,Thumbs.db,2243584
COLEÇÃO - INVERNO - 2023\MEDIDAS\Thumbs.db,Thumbs.db,444416
COLEÇÃO - INVERNO - 24\Thumbs.db,Thumbs.db,12742144
COLEÇÃO - INVERNO - 24\MEDIDAS -\Thumbs.db,Thumbs.db,1129472
COLEÇÃO - INVERNO 2026\Thumbs.db,Thumbs.db,9216
COLEÇÃO - INVERNO 2026\CAPAS\Thumbs.db,Thumbs.db,4291584
COLEÇÃO - INVERNO 2026\DETALHES\Thumbs.db,Thumbs.db,3911680
COLEÇÃO - INVERNO 25\Thumbs.db,Thumbs.db,11539968
COLEÇÃO - INVERNO 25\CAPAS\Thumbs.db,Thumbs.db,5753856
COLEÇÃO - INVERNO 25\DETALHES\Thumbs.db,Thumbs.db,4051968
COLEÇÃO - INVERNO 25\modelo\Thumbs.db,Thumbs.db,947712
COLEÇÃO - INVERNO COMPLEMENTAR 2022\Fotos gilvando - Atalho.lnk,Fotos gilvando - Atalho.lnk,1968
COLEÇÃO - INVERNO COMPLEMENTAR 2022\Thumbs.db,Thumbs.db,13824
COLEÇÃO - INVERNO COMPLEMENTAR 2022\CAPA\Thumbs.db,Thumbs.db,2023936
COLEÇÃO - INVERNO COMPLEMENTAR 2022\CINTOS\Thumbs.db,Thumbs.db,705024
COLEÇÃO - INVERNO COMPLEMENTAR 2022\DETALHES\Thumbs.db,Thumbs.db,1176064
COLEÇÃO - MIMOS DE COURO - PRODUTOS 22\Thumbs.db,Thumbs.db,1768960
COLEÇÃO - MÃES E NAMORADOS 2022\Thumbs.db,Thumbs.db,1256960
COLEÇÃO - MÃES E NAMORADOS 2022\MEDIDAS\Thumbs.db,Thumbs.db,128512
COLEÇÃO - PRE FALL - 2023\Thumbs.db,Thumbs.db,19598848
COLEÇÃO - PRE FALL - 2023\MEDIDAS - OK\Thumbs.db,Thumbs.db,1415168
COLEÇÃO - PREFAIL - 2021\Thumbs.db,Thumbs.db,7977984
COLEÇÃO - PREFALL - 2022\ACESSÓRIOS\CHAVEIRO FEMININO\Thumbs.db,Thumbs.db,112640
COLEÇÃO - PREFALL - 2022\ACESSÓRIOS\CHAVEIRO MASCULINO\Thumbs.db,Thumbs.db,35328
COLEÇÃO - PREFALL - 2022\ACESSÓRIOS\NECESSAIRE FEMININA\Thumbs.db,Thumbs.db,370176
COLEÇÃO - PREFALL - 2022\ACESSÓRIOS\NECESSAIRE MASCULINA\Thumbs.db,Thumbs.db,122880
COLEÇÃO - PREFALL - 2022\ACESSÓRIOS\PORTA BATOM\Thumbs.db,Thumbs.db,89088
COLEÇÃO - PREFALL - 2022\ACESSÓRIOS\PORTA CARTÃO FEMININO\Thumbs.db,Thumbs.db,238080
COLEÇÃO - PREFALL - 2022\ACESSÓRIOS\PORTA CARTÃO MASCULINO\Thumbs.db,Thumbs.db,117248
COLEÇÃO - PREFALL - 2022\ACESSÓRIOS\PORTA CELULAR\Thumbs.db,Thumbs.db,301568
COLEÇÃO - PREFALL - 2022\ACESSÓRIOS\PORTA DOCUMENTO\Thumbs.db,Thumbs.db,36864
COLEÇÃO - PREFALL - 2022\ACESSÓRIOS\PORTA MOEDA\Thumbs.db,Thumbs.db,73216
COLEÇÃO - PREFALL - 2022\ACESSÓRIOS\PORTA VINHO\Thumbs.db,Thumbs.db,94720
COLEÇÃO - PREFALL - 2022\COUBALI CASUAL\CAMERA BAG\Thumbs.db,Thumbs.db,157184
COLEÇÃO - PREFALL - 2022\COUBALI CASUAL\CROOSBODY\Thumbs.db,Thumbs.db,469504
COLEÇÃO - PREFALL - 2022\COUBALI CASUAL\NOVO FORMATO\Thumbs.db,Thumbs.db,295936
COLEÇÃO - PREFALL - 2022\COUBALI CASUAL\SHOPPING BAG\Thumbs.db,Thumbs.db,235520
COLEÇÃO - PREFALL - 2022\COUBALI CASUAL\TIRACOLO\Thumbs.db,Thumbs.db,211456
COLEÇÃO - PREFALL - 2022\COUBALI CASUAL\TOTE\Thumbs.db,Thumbs.db,249856
COLEÇÃO - PREFALL - 2022\FEMININA\BOLSAS FEMININAS\BUCKET\Thumbs.db,Thumbs.db,243200
COLEÇÃO - PREFALL - 2022\FEMININA\BOLSAS FEMININAS\CAMERA BAG\Thumbs.db,Thumbs.db,939008
COLEÇÃO - PREFALL - 2022\FEMININA\BOLSAS FEMININAS\CROOSBODY\Thumbs.db,Thumbs.db,2130944
COLEÇÃO - PREFALL - 2022\FEMININA\BOLSAS FEMININAS\MOCHILA\Thumbs.db,Thumbs.db,326656
COLEÇÃO - PREFALL - 2022\FEMININA\BOLSAS FEMININAS\SHOPPING BAG\Thumbs.db,Thumbs.db,836608
COLEÇÃO - PREFALL - 2022\FEMININA\BOLSAS FEMININAS\TIRACOLO\Thumbs.db,Thumbs.db,204288
COLEÇÃO - PREFALL - 2022\FEMININA\BOLSAS FEMININAS\TOTE\Thumbs.db,Thumbs.db,952320
COLEÇÃO - PREFALL - 2022\FEMININA\CARTEIRAS FEMININAS\CTF COM ZIPER\Thumbs.db,Thumbs.db,412672
COLEÇÃO - PREFALL - 2022\FEMININA\CARTEIRAS FEMININAS\CTF GRANDE COM ALÇA\Thumbs.db,Thumbs.db,116736
COLEÇÃO - PREFALL - 2022\FEMININA\CARTEIRAS FEMININAS\CTF GRANDE COM BOTÃO\Thumbs.db,Thumbs.db,415744
COLEÇÃO - PREFALL - 2022\FEMININA\CARTEIRAS FEMININAS\CTF PEQUENA COM ALÇA\Thumbs.db,Thumbs.db,59392
COLEÇÃO - PREFALL - 2022\FEMININA\CARTEIRAS FEMININAS\CTF PEQUENA COM BOTÃO\Thumbs.db,Thumbs.db,454144
COLEÇÃO - PREFALL - 2022\MALA\Thumbs.db,Thumbs.db,82432
COLEÇÃO - PREFALL - 2022\MASCULINO\CARTEIRA MASCULINA\CASUAL\Thumbs.db,Thumbs.db,259584
COLEÇÃO - PREFALL - 2022\MASCULINO\CARTEIRA MASCULINA\JOGGUER\Thumbs.db,Thumbs.db,135680
COLEÇÃO - PREFALL - 2022\MASCULINO\CARTEIRA MASCULINA\POLINO\Thumbs.db,Thumbs.db,28672
COLEÇÃO - PREFALL - 2022\MASCULINO\CARTEIRA MASCULINA\SLIM\Thumbs.db,Thumbs.db,368128
COLEÇÃO - PREFALL - 2022\MASCULINO\CARTEIRA MASCULINA\SOCIAL -  COM BUTÃO\Thumbs.db,Thumbs.db,192000
COLEÇÃO - PREFALL - 2022\MASCULINO\CARTEIRA MASCULINA\SOCIAL -  COM ZIPER\Thumbs.db,Thumbs.db,51200
COLEÇÃO - PREFALL - 2022\MASCULINO\CARTEIRA MASCULINA\SOCIAL -  SEM BUTÃO\Thumbs.db,Thumbs.db,501248
COLEÇÃO - PREFALL - 2022\MASCULINO\CINTOS MASCULINOS\Thumbs.db,Thumbs.db,222720
COLEÇÃO - PREFALL - 2022\MASCULINO\MOCHILA MASCULINA\Thumbs.db,Thumbs.db,292864
COLEÇÃO - PREFALL - 2022\MASCULINO\PASTA MASCULINA\Thumbs.db,Thumbs.db,80384
COLEÇÃO - PREFALL - 2022\MASCULINO\TIRACOLO MASCULINO\Thumbs.db,Thumbs.db,289792
COLEÇÃO - PREFALL - 2022\MEDIDAS\Thumbs.db,Thumbs.db,363520
COLEÇÃO - PREFALL - 26\3529-12G.jpg~RF11652436.TMP,3529-12G.jpg~RF11652436.TMP,268100
COLEÇÃO - PREFALL - 26\Thumbs.db,Thumbs.db,8373248
COLEÇÃO - PREFALL 24\GERAL\Thumbs.db,Thumbs.db,7084032
COLEÇÃO - PREFALL 25\Thumbs.db,Thumbs.db,1137152
COLEÇÃO - PREFALL 25\GERAL\Thumbs.db,Thumbs.db,6827008
COLEÇÃO - RESORT\Thumbs.db,Thumbs.db,2136064
COLEÇÃO - RESORT  24\Thumbs.db,Thumbs.db,12772352
COLEÇÃO - RESORT 2023  ALTERAÇÕES E NOVAS\Thumbs.db,Thumbs.db,9034240
COLEÇÃO - RESORT 2025\BAIXA.zip,BAIXA.zip,52667145
COLEÇÃO - RESORT 2025\Thumbs.db,Thumbs.db,11823616
COLEÇÃO - RESORT 2025\DETALHES - FALTAS\Thumbs.db,Thumbs.db,2258944
COLEÇÃO - RESORT 2026\3208-11W.jpg~RF958bdf.TMP,3208-11W.jpg~RF958bdf.TMP,238821
COLEÇÃO - RESORT 2026\3332-12E1A_A.jpg~RF5fc2a6.TMP,3332-12E1A_A.jpg~RF5fc2a6.TMP,273137
COLEÇÃO - RESORT 2026\3444-1K12D.rar,3444-1K12D.rar,211400
COLEÇÃO - RESORT 2026\M287-13J_C.jpg~RFd7b938.TMP,M287-13J_C.jpg~RFd7b938.TMP,286692
COLEÇÃO - RESORT 2026\M287-13J_D.jpg~RFd89c93.TMP,M287-13J_D.jpg~RFd89c93.TMP,278495
COLEÇÃO - RESORT 2026\Thumbs.db,Thumbs.db,8369664
COLEÇÃO - VERÃO - 2020\GILVANDO\ACESSORIOS\Thumbs.db,Thumbs.db,2503680
COLEÇÃO - VERÃO - 2020\GILVANDO\BOLSA FEMININA\Thumbs.db,Thumbs.db,3953152
COLEÇÃO - VERÃO - 2020\GILVANDO\BOLSA TIRACOLO\Thumbs.db,Thumbs.db,5875200
COLEÇÃO - VERÃO - 2020\GILVANDO\CARTEIRA FEMININA\Thumbs.db,Thumbs.db,2285568
COLEÇÃO - VERÃO - 2020\GILVANDO\CARTEIRA MASCULINA\Thumbs.db,Thumbs.db,2256896
COLEÇÃO - VERÃO - 2020\GILVANDO\CINTO FEMININO\Thumbs.db,Thumbs.db,610816
COLEÇÃO - VERÃO - 2020\GILVANDO\CINTO MASCULINO\Thumbs.db,Thumbs.db,755712
COLEÇÃO - VERÃO - 2020\GILVANDO\KIT-MK\Thumbs.db,Thumbs.db,444416
COLEÇÃO - VERÃO - 2020\GILVANDO\PASTAS E MOCHILAS\Thumbs.db,Thumbs.db,1039872
COLEÇÃO - VERÃO - 2020\JOSE ANTONIO\ACESSORIOS\Thumbs.db,Thumbs.db,2650624
COLEÇÃO - VERÃO - 2020\JOSE ANTONIO\BOLSA FEMININA\Thumbs.db,Thumbs.db,4201472
COLEÇÃO - VERÃO - 2020\JOSE ANTONIO\BOLSA TIRACOLO\Thumbs.db,Thumbs.db,5449728
COLEÇÃO - VERÃO - 2020\JOSE ANTONIO\CARTEIRA FEMININA\Thumbs.db,Thumbs.db,1987584
COLEÇÃO - VERÃO - 2020\JOSE ANTONIO\CARTEIRA MASCULINA\Thumbs.db,Thumbs.db,2245632
COLEÇÃO - VERÃO - 2020\JOSE ANTONIO\CINTOS FEMININOS\Thumbs.db,Thumbs.db,670720
COLEÇÃO - VERÃO - 2020\JOSE ANTONIO\CINTOS MASCULINOS\Thumbs.db,Thumbs.db,338944
COLEÇÃO - VERÃO - 2020\JOSE ANTONIO\CLUTCH\Thumbs.db,Thumbs.db,64512
COLEÇÃO - VERÃO - 2020\JOSE ANTONIO\KITS-MK\Thumbs.db,Thumbs.db,300544
COLEÇÃO - VERÃO - 2020\JOSE ANTONIO\PASTAS-MOCHILAS\Thumbs.db,Thumbs.db,1079808
COLEÇÃO - VERÃO - 2026\Thumbs.db,Thumbs.db,8024064
COLEÇÃO - VERÃO - 24\Thumbs.db,Thumbs.db,7548928
COLEÇÃO - VERÃO 2022\Thumbs.db,Thumbs.db,6046720
COLEÇÃO - VERÃO 2023\Thumbs.db,Thumbs.db,261120
COLEÇÃO - VERÃO 2023\CONTINUAVEIS\CAPAS\Thumbs.db,Thumbs.db,762880
COLEÇÃO - VERÃO 2023\MEDIDAS\Thumbs.db,Thumbs.db,201216
COLEÇÃO - VERÃO 2023\NOVAS\CAPAS\Thumbs.db,Thumbs.db,2266624
COLEÇÃO - VERÃO 2023\NOVAS\DETALHES\Thumbs.db,Thumbs.db,1486848
COLEÇÃO - VERÃO 25\3306-10D_A.xmp,3306-10D_A.xmp,8296
COLEÇÃO - VERÃO 25\3346-6N_A.xmp,3346-6N_A.xmp,8296
COLEÇÃO - VERÃO 25\3347-6N_A.xmp,3347-6N_A.xmp,8253
COLEÇÃO - VERÃO 25\3349-6N_A.xmp,3349-6N_A.xmp,8253
COLEÇÃO - VERÃO 25\Thumbs.db,Thumbs.db,8356864
COUBALI - SISTEMA\Thumbs.db,Thumbs.db,2513920
Fotos gilvando\30363-1I2B_D - Copia.jpg~RF2963f8e8.TMP,30363-1I2B_D - Copia.jpg~RF2963f8e8.TMP,178779
Fotos gilvando\3083-12B.jpg~RF1040212.TMP,3083-12B.jpg~RF1040212.TMP,334014
Fotos gilvando\3262-9O - Copia.jpg~RF132fe271.TMP,3262-9O - Copia.jpg~RF132fe271.TMP,325905
Fotos gilvando\3309-1K1Y_C - Copia.jpg~RF3e8242.TMP,3309-1K1Y_C - Copia.jpg~RF3e8242.TMP,139040
Fotos gilvando\3309-1K1Y_D.jpg~RF3ecc4b.TMP,3309-1K1Y_D.jpg~RF3ecc4b.TMP,98354
Fotos gilvando\3351-1I.jpg~RFdb3fe.TMP,3351-1I.jpg~RFdb3fe.TMP,185117
Fotos gilvando\3358-2B.jpg~RF13327198.TMP,3358-2B.jpg~RF13327198.TMP,282961
Fotos gilvando\3366-1I_D.jpg~RF1a50e91b.TMP,3366-1I_D.jpg~RF1a50e91b.TMP,64314
Fotos gilvando\3369-1K.jpg~RF7f34f1.TMP,3369-1K.jpg~RF7f34f1.TMP,245280
Fotos gilvando\3375-1K_D.jpg~RF4d6122bb.TMP,3375-1K_D.jpg~RF4d6122bb.TMP,136899
Fotos gilvando\3383-11Z - Copia.jpg~RFc6340d.TMP,3383-11Z - Copia.jpg~RFc6340d.TMP,297304
Fotos gilvando\3383-11Z - Copia.jpg~RFc90983.TMP,3383-11Z - Copia.jpg~RFc90983.TMP,297304
Fotos gilvando\3408-1K.jpg~RFf135c1.TMP,3408-1K.jpg~RFf135c1.TMP,128529
Fotos gilvando\desktop.ini,desktop.ini,344
Fotos gilvando\Documentos - Atalho.lnk,Documentos - Atalho.lnk,741
Fotos gilvando\Este Computador - Atalho - Copia.lnk,Este Computador - Atalho - Copia.lnk,448
Fotos gilvando\Este Computador - Atalho.lnk,Este Computador - Atalho.lnk,448
Fotos gilvando\Fotos gilvando - Atalho (2).lnk,Fotos gilvando - Atalho (2).lnk,1968
Fotos gilvando\G - Atalho.lnk,G - Atalho.lnk,287
Fotos gilvando\NC29-2-3G - Copia.jpg~RFb779dd2.TMP,NC29-2-3G - Copia.jpg~RFb779dd2.TMP,287462
Fotos gilvando\NC94-11M.jpg~RFc45668c.TMP,NC94-11M.jpg~RFc45668c.TMP,276398
Fotos gilvando\Thumbs.db,Thumbs.db,66327040
Fotos gilvando\- Copia\CONTROLE DO CORTE.xlsx,CONTROLE DO CORTE.xlsx,17938
Fotos gilvando\- Copia\desktop.ini,desktop.ini,114
Fotos gilvando\- Copia\CRLV\Balanceamento.xlsx,Balanceamento.xlsx,12497
Fotos gilvando\- Copia\CRLV\Calculo do Quadro.xlsx,Calculo do Quadro.xlsx,13242
Fotos gilvando\- Copia\CRLV\CRLV.pdf,CRLV.pdf,81309
Fotos gilvando\- Copia\CRLV\EBOOK SIMPLIFICA EXCEL.pdf,EBOOK SIMPLIFICA EXCEL.pdf,25420785
Fotos gilvando\- Copia\CRLV\Eficiência Geral.xlsx,Eficiência Geral.xlsx,538167
Fotos gilvando\- Copia\CRLV\ESCOLA.docx,ESCOLA.docx,106608
Fotos gilvando\- Copia\CRLV\EXCEL.xlsx,EXCEL.xlsx,34081
Fotos gilvando\- Copia\CRLV\f excel.xlsx,f excel.xlsx,258406
Fotos gilvando\- Copia\CRLV\FOLHA PARA CRONOMETRAR.xlsm,FOLHA PARA CRONOMETRAR.xlsm,87252
Fotos gilvando\- Copia\CRLV\Folha para cronometrar.xlsx,Folha para cronometrar.xlsx,17601
Fotos gilvando\- Copia\CRLV\Thumbs.db,Thumbs.db,29696
Fotos gilvando\COLEÇÃO - RESORT 2026\3208-11W.jpg~RF958bdf.TMP,3208-11W.jpg~RF958bdf.TMP,238821
Fotos gilvando\COLEÇÃO - RESORT 2026\3332-12E1A_A.jpg~RF5fc2a6.TMP,3332-12E1A_A.jpg~RF5fc2a6.TMP,273137
Fotos gilvando\COLEÇÃO - RESORT 2026\3444-1K12D.rar,3444-1K12D.rar,211400
Fotos gilvando\COLEÇÃO - RESORT 2026\Thumbs.db,Thumbs.db,5469184
Fotos gilvando\ \CONTROLE DO CORTE.xlsx,CONTROLE DO CORTE.xlsx,17938
Fotos gilvando\ \desktop.ini,desktop.ini,114
Fotos gilvando\ \CRLV\Balanceamento.xlsx,Balanceamento.xlsx,12497
Fotos gilvando\ \CRLV\Calculo do Quadro.xlsx,Calculo do Quadro.xlsx,13242
Fotos gilvando\ \CRLV\CRLV.pdf,CRLV.pdf,81309
Fotos gilvando\ \CRLV\EBOOK SIMPLIFICA EXCEL.pdf,EBOOK SIMPLIFICA EXCEL.pdf,25420785
Fotos gilvando\ \CRLV\Eficiência Geral.xlsx,Eficiência Geral.xlsx,538167
Fotos gilvando\ \CRLV\ESCOLA.docx,ESCOLA.docx,106608
Fotos gilvando\ \CRLV\EXCEL.xlsx,EXCEL.xlsx,34081
Fotos gilvando\ \CRLV\f excel.xlsx,f excel.xlsx,258406
Fotos gilvando\ \CRLV\FOLHA PARA CRONOMETRAR.xlsm,FOLHA PARA CRONOMETRAR.xlsm,87252
Fotos gilvando\ \CRLV\Folha para cronometrar.xlsx,Folha para cronometrar.xlsx,17601
Fotos gilvando\ \CRLV\Thumbs.db,Thumbs.db,29696
INFRASOFT\AAC3JAPL.EXE,AAC3JAPL.EXE,237568
INFRASOFT\AACACUSM.EXE,AACACUSM.EXE,311296
INFRASOFT\AACATURA.EXE,AACATURA.EXE,323584
INFRASOFT\AACAUTOR.EXE,AACAUTOR.EXE,311296
INFRASOFT\AACBRMON.EXE,AACBRMON.EXE,233472
INFRASOFT\AACBRSAT.EXE,AACBRSAT.EXE,237568
INFRASOFT\AACBXACO.EXE,AACBXACO.EXE,221184
INFRASOFT\AACBXFIC.EXE,AACBXFIC.EXE,335872
INFRASOFT\AACBXORC.EXE,AACBXORC.EXE,315392
INFRASOFT\AACCDESP.EXE,AACCDESP.EXE,233472
INFRASOFT\AACCDOBP.EXE,AACCDOBP.EXE,339968
INFRASOFT\AACCEPCN.EXE,AACCEPCN.EXE,225280
INFRASOFT\AACCFGST.EXE,AACCFGST.EXE,217088
INFRASOFT\AACCHEQU.EXE,AACCHEQU.EXE,212992
INFRASOFT\AACCMPED.EXE,AACCMPED.EXE,327680
INFRASOFT\AACCNVIP.EXE,AACCNVIP.EXE,245760
INFRASOFT\AACCNVPE.EXE,AACCNVPE.EXE,339968
INFRASOFT\AACCODBA.EXE,AACCODBA.EXE,368640
INFRASOFT\AACCOMK.EXE,AACCOMK.EXE,241664
INFRASOFT\AACCOND.EXE,AACCOND.EXE,364544
INFRASOFT\AACCONVE.EXE,AACCONVE.EXE,339968
INFRASOFT\AACCOOR.EXE,AACCOOR.EXE,376832
INFRASOFT\AACCRRAC.EXE,AACCRRAC.EXE,212992
INFRASOFT\AACCRRCO.EXE,AACCRRCO.EXE,319488
INFRASOFT\AACCRRFE.EXE,AACCRRFE.EXE,212992
INFRASOFT\AACCUSBR.EXE,AACCUSBR.EXE,221184
INFRASOFT\AACCUSPE.EXE,AACCUSPE.EXE,274432
INFRASOFT\AACCUSPR.EXE,AACCUSPR.EXE,315392
INFRASOFT\AACCVREF.EXE,AACCVREF.EXE,339968
INFRASOFT\AACDATBA.EXE,AACDATBA.EXE,221184
INFRASOFT\AACDATCO.EXE,AACDATCO.EXE,270336
INFRASOFT\AACDATMO.EXE,AACDATMO.EXE,221184
INFRASOFT\AACDSCQT.EXE,AACDSCQT.EXE,466944
INFRASOFT\AACDTBXO.EXE,AACDTBXO.EXE,221184
INFRASOFT\AACDTMOV.EXE,AACDTMOV.EXE,217088
INFRASOFT\AACDTPDF.EXE,AACDTPDF.EXE,212992
INFRASOFT\AACELTUL.EXE,AACELTUL.EXE,233472
INFRASOFT\AACEMLPE.EXE,AACEMLPE.EXE,241664
INFRASOFT\AACENUMO.EXE,AACENUMO.EXE,217088
INFRASOFT\AACEPCLI.EXE,AACEPCLI.EXE,221184
INFRASOFT\AACERCEP.EXE,AACERCEP.EXE,217088
INFRASOFT\AACERR1P.EXE,AACERR1P.EXE,307200
INFRASOFT\AACERRCO.EXE,AACERRCO.EXE,303104
INFRASOFT\AACERRES.EXE,AACERRES.EXE,311296
INFRASOFT\AACERRJZ.EXE,AACERRJZ.EXE,233472
INFRASOFT\AACERTAR.EXE,AACERTAR.EXE,217088
INFRASOFT\AACERTOC.EXE,AACERTOC.EXE,405504
INFRASOFT\AACESAT.EXE,AACESAT.EXE,348160
INFRASOFT\AACESTCO.EXE,AACESTCO.EXE,704512
INFRASOFT\AACESTFA.EXE,AACESTFA.EXE,724992
INFRASOFT\AACESTPG.EXE,AACESTPG.EXE,212992
INFRASOFT\AACEVMOV.EXE,AACEVMOV.EXE,323584
INFRASOFT\AACFATUS.EXE,AACFATUS.EXE,217088
INFRASOFT\AACFISZE.EXE,AACFISZE.EXE,688128
INFRASOFT\AACFORFC.EXE,AACFORFC.EXE,217088
INFRASOFT\AACGERBA.EXE,AACGERBA.EXE,212992
INFRASOFT\AACGRAUX.EXE,AACGRAUX.EXE,221184
INFRASOFT\AACGRINV.EXE,AACGRINV.EXE,315392
INFRASOFT\AACGRPES.EXE,AACGRPES.EXE,327680
INFRASOFT\AACGRVVE.EXE,AACGRVVE.EXE,221184
INFRASOFT\AACIDCLI.EXE,AACIDCLI.EXE,270336
INFRASOFT\AACIMPGR.EXE,AACIMPGR.EXE,315392
INFRASOFT\AACIMPPE.EXE,AACIMPPE.EXE,311296
INFRASOFT\AACIMPPO.EXE,AACIMPPO.EXE,331776
INFRASOFT\AACIMPPR.EXE,AACIMPPR.EXE,307200
INFRASOFT\AACINVGR.EXE,AACINVGR.EXE,368640
INFRASOFT\AACIPRDT.EXE,AACIPRDT.EXE,212992
INFRASOFT\AACITERE.EXE,AACITERE.EXE,217088
INFRASOFT\AACITREQ.EXE,AACITREQ.EXE,307200
INFRASOFT\AACJAFAT.EXE,AACJAFAT.EXE,221184
INFRASOFT\AACJQTDP.EXE,AACJQTDP.EXE,229376
INFRASOFT\AACJRESE.EXE,AACJRESE.EXE,761856
INFRASOFT\AACLBPED.EXE,AACLBPED.EXE,356352
INFRASOFT\AACLIVEN.EXE,AACLIVEN.EXE,221184
INFRASOFT\AACMARGT.EXE,AACMARGT.EXE,315392
INFRASOFT\AACMATPM.EXE,AACMATPM.EXE,212992
INFRASOFT\AACMETAL.EXE,AACMETAL.EXE,212992
INFRASOFT\AACMSGFT.EXE,AACMSGFT.EXE,229376
INFRASOFT\AACNOMCH.EXE,AACNOMCH.EXE,221184
INFRASOFT\AACNOMRF.EXE,AACNOMRF.EXE,225280
INFRASOFT\AACOBSCP.EXE,AACOBSCP.EXE,217088
INFRASOFT\AACODPRE.EXE,AACODPRE.EXE,229376
INFRASOFT\AACOMACF.EXE,AACOMACF.EXE,221184
INFRASOFT\AACOMKEF.EXE,AACOMKEF.EXE,221184
INFRASOFT\AACONFNT.EXE,AACONFNT.EXE,233472
INFRASOFT\AACORDUP.EXE,AACORDUP.EXE,241664
INFRASOFT\AACPGPRE.EXE,AACPGPRE.EXE,339968
INFRASOFT\AACPOS2P.EXE,AACPOS2P.EXE,249856
INFRASOFT\AACPOS3P.EXE,AACPOS3P.EXE,249856
INFRASOFT\AACPOSP1.EXE,AACPOSP1.EXE,249856
INFRASOFT\AACPOSP2.EXE,AACPOSP2.EXE,237568
INFRASOFT\AACPOSPF.EXE,AACPOSPF.EXE,225280
INFRASOFT\AACPRCTB.EXE,AACPRCTB.EXE,221184
INFRASOFT\AACPREMO.EXE,AACPREMO.EXE,315392
INFRASOFT\AACPREPL.EXE,AACPREPL.EXE,307200
INFRASOFT\AACPRESU.EXE,AACPRESU.EXE,307200
INFRASOFT\AACPROD.EXE,AACPROD.EXE,237568
INFRASOFT\AACPRV3X.EXE,AACPRV3X.EXE,217088
INFRASOFT\AACQTDFA.EXE,AACQTDFA.EXE,225280
INFRASOFT\AACRDMOV.EXE,AACRDMOV.EXE,385024
INFRASOFT\AACREGPR.EXE,AACREGPR.EXE,327680
INFRASOFT\AACRENP.EXE,AACRENP.EXE,249856
INFRASOFT\AACRESES.EXE,AACRESES.EXE,610304
INFRASOFT\AACSALAT.EXE,AACSALAT.EXE,311296
INFRASOFT\AACSTREM.EXE,AACSTREM.EXE,217088
INFRASOFT\AACTMPSE.EXE,AACTMPSE.EXE,307200
INFRASOFT\AACTOTPL.EXE,AACTOTPL.EXE,217088
INFRASOFT\AACTROPL.EXE,AACTROPL.EXE,323584
INFRASOFT\AACUFPV.EXE,AACUFPV.EXE,221184
INFRASOFT\AACULTMP.EXE,AACULTMP.EXE,225280
INFRASOFT\AACULTNU.EXE,AACULTNU.EXE,217088
INFRASOFT\AACUSUS.EXE,AACUSUS.EXE,212992
INFRASOFT\AACVEND.EXE,AACVEND.EXE,311296
INFRASOFT\AACVMOV.EXE,AACVMOV.EXE,245760
INFRASOFT\AACVMVE.EXE,AACVMVE.EXE,217088
INFRASOFT\AACWINDC.EXE,AACWINDC.EXE,212992
INFRASOFT\AAPAGALO.EXE,AAPAGALO.EXE,217088
INFRASOFT\AAPDCNFS.EXE,AAPDCNFS.EXE,237568
INFRASOFT\AAPLVSAI.EXE,AAPLVSAI.EXE,212992
INFRASOFT\AAPREFE.EXE,AAPREFE.EXE,225280
INFRASOFT\AAPRIPFR.EXE,AAPRIPFR.EXE,221184
INFRASOFT\AAREFCLI.EXE,AAREFCLI.EXE,233472
INFRASOFT\AAREGACB.EXE,AAREGACB.EXE,225280
INFRASOFT\AATPRECU.EXE,AATPRECU.EXE,225280
INFRASOFT\AATTRAND.EXE,AATTRAND.EXE,241664
INFRASOFT\AATUAFIC.EXE,AATUAFIC.EXE,249856
INFRASOFT\AATUESTP.EXE,AATUESTP.EXE,212992
INFRASOFT\AATVREFC.EXE,AATVREFC.EXE,356352
INFRASOFT\AAWEBREN.EXE,AAWEBREN.EXE,569344
INFRASOFT\ABEMAVND.EXE,ABEMAVND.EXE,327680
INFRASOFT\ABIJUIMP.EXE,ABIJUIMP.EXE,212992
INFRASOFT\ABKPGRHI.EXE,ABKPGRHI.EXE,233472
INFRASOFT\ABKPNFE.EXE,ABKPNFE.EXE,233472
INFRASOFT\ABLGETTO.EXE,ABLGETTO.EXE,212992
INFRASOFT\ABLICRIA.EXE,ABLICRIA.EXE,241664
INFRASOFT\ABLIENVI.EXE,ABLIENVI.EXE,344064
INFRASOFT\ABLIENVM.EXE,ABLIENVM.EXE,319488
INFRASOFT\ABLIENVP.EXE,ABLIENVP.EXE,319488
INFRASOFT\ABLIGRAV.EXE,ABLIGRAV.EXE,286720
INFRASOFT\ABLOQ3.EXE,ABLOQ3.EXE,212992
INFRASOFT\ABLOQ4.EXE,ABLOQ4.EXE,217088
INFRASOFT\ABLOQ5.EXE,ABLOQ5.EXE,217088
INFRASOFT\ABLOQ6.EXE,ABLOQ6.EXE,212992
INFRASOFT\ABLOQAUE.EXE,ABLOQAUE.EXE,319488
INFRASOFT\ABLOQAUT.EXE,ABLOQAUT.EXE,323584
INFRASOFT\ABLOQGER.EXE,ABLOQGER.EXE,303104
INFRASOFT\ABLOQT.EXE,ABLOQT.EXE,217088
INFRASOFT\ABUSCACO.ICO,ABUSCACO.ICO,1398
INFRASOFT\ABXCHQAU.EXE,ABXCHQAU.EXE,290816
INFRASOFT\Acabados Negativos Fichas por Seção Data Corte.gxr,Acabados Negativos Fichas por Seção Data Corte.gxr,105875
INFRASOFT\ACANAUTO.EXE,ACANAUTO.EXE,212992
INFRASOFT\ACANORV.EXE,ACANORV.EXE,847872
INFRASOFT\ACASUNIM.EXE,ACASUNIM.EXE,212992
INFRASOFT\ACDSEPED.EXE,ACDSEPED.EXE,233472
INFRASOFT\ACFGODBC.EXE,ACFGODBC.EXE,212992
INFRASOFT\ACONFERE.EXE,ACONFERE.EXE,233472
INFRASOFT\ACONSCRE.EXE,ACONSCRE.EXE,241664
INFRASOFT\ACONV1LO.EXE,ACONV1LO.EXE,733184
INFRASOFT\ACONVACB.EXE,ACONVACB.EXE,212992
INFRASOFT\ACONVECR.EXE,ACONVECR.EXE,888832
INFRASOFT\ACOPDEPA.EXE,ACOPDEPA.EXE,327680
INFRASOFT\ACOPFPV.EXE,ACOPFPV.EXE,2334720
INFRASOFT\ACOPG2PG.EXE,ACOPG2PG.EXE,229376
INFRASOFT\ACOPPROC.EXE,ACOPPROC.EXE,249856
INFRASOFT\ACOPPROR.EXE,ACOPPROR.EXE,8519680
INFRASOFT\ACOPXITE.EXE,ACOPXITE.EXE,315392
INFRASOFT\ACRIA2BK.EXE,ACRIA2BK.EXE,303104
INFRASOFT\ACRIAABK.EXE,ACRIAABK.EXE,290816
INFRASOFT\ACRIAAEB.EXE,ACRIAAEB.EXE,237568
INFRASOFT\ACRIAPAS.EXE,ACRIAPAS.EXE,221184
INFRASOFT\ACRIASEN.EXE,ACRIASEN.EXE,225280
INFRASOFT\ACRMEXP.EXE,ACRMEXP.EXE,274432
INFRASOFT\ACRMGRDP.EXE,ACRMGRDP.EXE,245760
INFRASOFT\ACRNOTAP.EXE,ACRNOTAP.EXE,290816
INFRASOFT\ACRNOVEM.EXE,ACRNOVEM.EXE,212992
INFRASOFT\ADATAVND.EXE,ADATAVND.EXE,307200
INFRASOFT\ADELNCTB.EXE,ADELNCTB.EXE,217088
INFRASOFT\ADELNF.EXE,ADELNF.EXE,221184
INFRASOFT\ADELORV.EXE,ADELORV.EXE,364544
INFRASOFT\ADELTUDO.EXE,ADELTUDO.EXE,212992
INFRASOFT\ADLTPED.EXE,ADLTPED.EXE,249856
INFRASOFT\AECACEST.EXE,AECACEST.EXE,221184
INFRASOFT\AECATPRE.EXE,AECATPRE.EXE,217088
INFRASOFT\AECDLTDB.EXE,AECDLTDB.EXE,221184
INFRASOFT\AECEXPPR.EXE,AECEXPPR.EXE,245760
INFRASOFT\AEMAILTA.EXE,AEMAILTA.EXE,225280
INFRASOFT\AEMIMPEX.EXE,AEMIMPEX.EXE,245760
INFRASOFT\aemlctcmp.exe,aemlctcmp.exe,4608
INFRASOFT\AENVEMLP.EXE,AENVEMLP.EXE,233472
INFRASOFT\AENVESCE.EXE,AENVESCE.EXE,225280
INFRASOFT\aenvianfe.exe,aenvianfe.exe,4096
INFRASOFT\AENVIARE.EXE,AENVIARE.EXE,217088
INFRASOFT\AENVXMLN.EXE,AENVXMLN.EXE,217088
INFRASOFT\AeroAdmin.exe,AeroAdmin.exe,2248472
INFRASOFT\AEXPNFXE.EXE,AEXPNFXE.EXE,249856
INFRASOFT\aexpnfxepdf.exe,aexpnfxepdf.exe,4096
INFRASOFT\AEXPORTA.EXE,AEXPORTA.EXE,253952
INFRASOFT\AEXPPRDE.EXE,AEXPPRDE.EXE,249856
INFRASOFT\AEXPPRDT.EXE,AEXPPRDT.EXE,217088
INFRASOFT\AEXPSPC.EXE,AEXPSPC.EXE,253952
INFRASOFT\AEXPTABA.EXE,AEXPTABA.EXE,991232
INFRASOFT\AEXPUNI5.EXE,AEXPUNI5.EXE,303104
INFRASOFT\AFEARIMP.EXE,AFEARIMP.EXE,212992
INFRASOFT\AGAPNNFE.EXE,AGAPNNFE.EXE,212992
INFRASOFT\AGARLPED.EXE,AGARLPED.EXE,225280
INFRASOFT\AGAUXMOV.EXE,AGAUXMOV.EXE,270336
INFRASOFT\AGECBREF.EXE,AGECBREF.EXE,258048
INFRASOFT\AGERAXML.EXE,AGERAXML.EXE,212992
INFRASOFT\AGERBRCO.EXE,AGERBRCO.EXE,237568
INFRASOFT\AGERMANF.EXE,AGERMANF.EXE,385024
INFRASOFT\AGERNOVO.EXE,AGERNOVO.EXE,327680
INFRASOFT\AGERXMLP.EXE,AGERXMLP.EXE,233472
INFRASOFT\AGETRESE.EXE,AGETRESE.EXE,282624
INFRASOFT\AGIMPNOT.EXE,AGIMPNOT.EXE,2859008
INFRASOFT\AGMTXAUT.EXE,AGMTXAUT.EXE,376832
INFRASOFT\AGNEOAUT.EXE,AGNEOAUT.EXE,380928
INFRASOFT\AGNUMNFE.EXE,AGNUMNFE.EXE,212992
INFRASOFT\AGPESPED.EXE,AGPESPED.EXE,225280
INFRASOFT\AGRAVHIS.EXE,AGRAVHIS.EXE,217088
INFRASOFT\AGRAVPED.EXE,AGRAVPED.EXE,401408
INFRASOFT\AGRCRRPR.EXE,AGRCRRPR.EXE,221184
INFRASOFT\AGRHISTD.EXE,AGRHISTD.EXE,233472
INFRASOFT\AGRKMLGR.EXE,AGRKMLGR.EXE,282624
INFRASOFT\AGRPAINS.EXE,AGRPAINS.EXE,225280
INFRASOFT\AGRSALAC.EXE,AGRSALAC.EXE,356352
INFRASOFT\AGRSALEA.EXE,AGRSALEA.EXE,344064
INFRASOFT\AGRSALFA.EXE,AGRSALFA.EXE,344064
INFRASOFT\AGRSALXA.EXE,AGRSALXA.EXE,393216
INFRASOFT\AGRSALXE.EXE,AGRSALXE.EXE,364544
INFRASOFT\AGRSALXJ.EXE,AGRSALXJ.EXE,380928
INFRASOFT\AGRUPDUD.EXE,AGRUPDUD.EXE,221184
INFRASOFT\AGRUPEST.EXE,AGRUPEST.EXE,212992
INFRASOFT\AGRVACMO.EXE,AGRVACMO.EXE,380928
INFRASOFT\AGRVENDU.EXE,AGRVENDU.EXE,212992
INFRASOFT\AGRVMOVB.EXE,AGRVMOVB.EXE,765952
INFRASOFT\AGRVPDIM.EXE,AGRVPDIM.EXE,212992
INFRASOFT\AGRVPROR.EXE,AGRVPROR.EXE,7430144
INFRASOFT\AGRVPRXI.EXE,AGRVPRXI.EXE,225280
INFRASOFT\AICACSTA.EXE,AICACSTA.EXE,217088
INFRASOFT\AICCLIDO.EXE,AICCLIDO.EXE,319488
INFRASOFT\AICLICCO.EXE,AICLICCO.EXE,212992
INFRASOFT\AICVTCNK.EXE,AICVTCNK.EXE,212992
INFRASOFT\AICWCLIC.EXE,AICWCLIC.EXE,225280
INFRASOFT\AICWEB2C.EXE,AICWEB2C.EXE,229376
INFRASOFT\AICWEBCO.EXE,AICWEBCO.EXE,225280
INFRASOFT\AICWEBDU.EXE,AICWEBDU.EXE,221184
INFRASOFT\AIDP2SOF.EXE,AIDP2SOF.EXE,212992
INFRASOFT\AIDPSOFT.EXE,AIDPSOFT.EXE,307200
INFRASOFT\AIMACPAR.EXE,AIMACPAR.EXE,319488
INFRASOFT\AIMCLITL.EXE,AIMCLITL.EXE,237568
INFRASOFT\AIMNEWGR.EXE,AIMNEWGR.EXE,487424
INFRASOFT\AIMP5ESP.EXE,AIMP5ESP.EXE,462848
INFRASOFT\AIMPATIN.EXE,AIMPATIN.EXE,212992
INFRASOFT\AIMPBAHI.EXE,AIMPBAHI.EXE,212992
INFRASOFT\AIMPBALF.EXE,AIMPBALF.EXE,212992
INFRASOFT\AIMPBANH.EXE,AIMPBANH.EXE,221184
INFRASOFT\AIMPCLAS.EXE,AIMPCLAS.EXE,212992
INFRASOFT\AIMPCLIB.EXE,AIMPCLIB.EXE,212992
INFRASOFT\AIMPCLIF.EXE,AIMPCLIF.EXE,212992
INFRASOFT\AIMPCLIG.EXE,AIMPCLIG.EXE,212992
INFRASOFT\AIMPCLIR.EXE,AIMPCLIR.EXE,352256
INFRASOFT\AIMPCLIT.EXE,AIMPCLIT.EXE,212992
INFRASOFT\AIMPCOBE.EXE,AIMPCOBE.EXE,212992
INFRASOFT\AIMPDP1R.EXE,AIMPDP1R.EXE,339968
INFRASOFT\AIMPDTM.EXE,AIMPDTM.EXE,212992
INFRASOFT\AIMPDUPB.EXE,AIMPDUPB.EXE,212992
INFRASOFT\AIMPDUPF.EXE,AIMPDUPF.EXE,212992
INFRASOFT\AIMPDUPR.EXE,AIMPDUPR.EXE,225280
INFRASOFT\AIMPDUPT.EXE,AIMPDUPT.EXE,212992
INFRASOFT\AIMPESPU.EXE,AIMPESPU.EXE,462848
INFRASOFT\AIMPFAUN.EXE,AIMPFAUN.EXE,212992
INFRASOFT\AIMPFEF.EXE,AIMPFEF.EXE,212992
INFRASOFT\AIMPFORF.EXE,AIMPFORF.EXE,212992
INFRASOFT\AIMPFORR.EXE,AIMPFORR.EXE,319488
INFRASOFT\AIMPFORT.EXE,AIMPFORT.EXE,212992
INFRASOFT\AIMPGRPF.EXE,AIMPGRPF.EXE,212992
INFRASOFT\AIMPHISC.EXE,AIMPHISC.EXE,311296
INFRASOFT\AIMPIMPF.EXE,AIMPIMPF.EXE,212992
INFRASOFT\AIMPIMPN.EXE,AIMPIMPN.EXE,221184
INFRASOFT\AIMPINOV.EXE,AIMPINOV.EXE,360448
INFRASOFT\AIMPKROM.EXE,AIMPKROM.EXE,212992
INFRASOFT\AIMPLANT.EXE,AIMPLANT.EXE,212992
INFRASOFT\AIMPLUCA.EXE,AIMPLUCA.EXE,495616
INFRASOFT\AIMPMAGN.EXE,AIMPMAGN.EXE,348160
INFRASOFT\AIMPMARI.EXE,AIMPMARI.EXE,380928
INFRASOFT\AIMPMINA.EXE,AIMPMINA.EXE,212992
INFRASOFT\AIMPOBRP.EXE,AIMPOBRP.EXE,212992
INFRASOFT\AIMPORTA.EXE,AIMPORTA.EXE,212992
INFRASOFT\AIMPORTI.EXE,AIMPORTI.EXE,368640
INFRASOFT\AIMPPACI.EXE,AIMPPACI.EXE,356352
INFRASOFT\AIMPPOLI.EXE,AIMPPOLI.EXE,471040
INFRASOFT\AIMPPRDB.EXE,AIMPPRDB.EXE,212992
INFRASOFT\AIMPPRDO.EXE,AIMPPRDO.EXE,212992
INFRASOFT\AIMPPRES.EXE,AIMPPRES.EXE,221184
INFRASOFT\AIMPRDBR.EXE,AIMPRDBR.EXE,249856
INFRASOFT\AIMPRDFP.EXE,AIMPRDFP.EXE,212992
INFRASOFT\AIMPRDGR.EXE,AIMPRDGR.EXE,212992
INFRASOFT\AIMPRDR3.EXE,AIMPRDR3.EXE,348160
INFRASOFT\AIMPRDTL.EXE,AIMPRDTL.EXE,212992
INFRASOFT\AIMPREIC.EXE,AIMPREIC.EXE,520192
INFRASOFT\AIMPRVFP.EXE,AIMPRVFP.EXE,221184
INFRASOFT\AIMPSPC.EXE,AIMPSPC.EXE,225280
INFRASOFT\AIMPXMLP.EXE,AIMPXMLP.EXE,331776
INFRASOFT\AINATPRO.EXE,AINATPRO.EXE,311296
INFRASOFT\AINDLVEN.EXE,AINDLVEN.EXE,212992
INFRASOFT\AINICPPE.EXE,AINICPPE.EXE,233472
INFRASOFT\AINIDATI.EXE,AINIDATI.EXE,221184
INFRASOFT\AINIDIA.EXE,AINIDIA.EXE,217088
INFRASOFT\AINIDINC.EXE,AINIDINC.EXE,217088
INFRASOFT\AINILOC.EXE,AINILOC.EXE,221184
INFRASOFT\AINILOTE.EXE,AINILOTE.EXE,462848
INFRASOFT\AINIRST1.EXE,AINIRST1.EXE,299008
INFRASOFT\AINIRST2.EXE,AINIRST2.EXE,249856
INFRASOFT\AINIRST3.EXE,AINIRST3.EXE,253952
INFRASOFT\AINIRST4.EXE,AINIRST4.EXE,303104
INFRASOFT\AINIRST5.EXE,AINIRST5.EXE,303104
INFRASOFT\AINIRSTA.EXE,AINIRSTA.EXE,221184
INFRASOFT\AINIRSTB.EXE,AINIRSTB.EXE,212992
INFRASOFT\AINIRSTM.EXE,AINIRSTM.EXE,212992
INFRASOFT\AINIRSTZ.EXE,AINIRSTZ.EXE,217088
INFRASOFT\AIPDUPCA.EXE,AIPDUPCA.EXE,212992
INFRASOFT\AIPFORCC.EXE,AIPFORCC.EXE,212992
INFRASOFT\AIPHITS.EXE,AIPHITS.EXE,212992
INFRASOFT\AIPIMPAC.EXE,AIPIMPAC.EXE,221184
INFRASOFT\AIPOWERW.EXE,AIPOWERW.EXE,405504
INFRASOFT\AIPRCCOR.EXE,AIPRCCOR.EXE,212992
INFRASOFT\AIPTXTCL.EXE,AIPTXTCL.EXE,225280
INFRASOFT\AIPZPR.EXE,AIPZPR.EXE,368640
INFRASOFT\AIRROBA.EXE,AIRROBA.EXE,233472
INFRASOFT\AISOFTPO.EXE,AISOFTPO.EXE,212992
INFRASOFT\AISTREPE.EXE,AISTREPE.EXE,221184
INFRASOFT\AJWAIMP.EXE,AJWAIMP.EXE,221184
INFRASOFT\ALIMSPED.EXE,ALIMSPED.EXE,331776
INFRASOFT\ALOBSCLI.EXE,ALOBSCLI.EXE,290816
INFRASOFT\ALVENEMP.EXE,ALVENEMP.EXE,212992
INFRASOFT\AMENPOTC.EXE,AMENPOTC.EXE,245760
INFRASOFT\AMENTOTP.EXE,AMENTOTP.EXE,241664
INFRASOFT\AMENTOTV.EXE,AMENTOTV.EXE,233472
INFRASOFT\AMENU001.EXE,AMENU001.EXE,311296
INFRASOFT\AMENU002.EXE,AMENU002.EXE,270336
INFRASOFT\AMENU003.EXE,AMENU003.EXE,315392
INFRASOFT\AMENU004.EXE,AMENU004.EXE,311296
INFRASOFT\AMENU005.EXE,AMENU005.EXE,319488
INFRASOFT\AMENU006.EXE,AMENU006.EXE,307200
INFRASOFT\AMENU007.EXE,AMENU007.EXE,307200
INFRASOFT\AMENU008.EXE,AMENU008.EXE,311296
INFRASOFT\AMENU009.EXE,AMENU009.EXE,237568
INFRASOFT\AMENU010.EXE,AMENU010.EXE,319488
INFRASOFT\AMENU011.EXE,AMENU011.EXE,323584
INFRASOFT\AMENU012.EXE,AMENU012.EXE,299008
INFRASOFT\AMENU013.EXE,AMENU013.EXE,311296
INFRASOFT\AMENU014.EXE,AMENU014.EXE,237568
INFRASOFT\AMENU015.EXE,AMENU015.EXE,262144
INFRASOFT\AMESIMPO.EXE,AMESIMPO.EXE,221184
INFRASOFT\AMETALIM.EXE,AMETALIM.EXE,212992
INFRASOFT\AMIXCLIE.EXE,AMIXCLIE.EXE,212992
INFRASOFT\Ammyy.exe,Ammyy.exe,764184
INFRASOFT\Ammyy.log,Ammyy.log,4302
INFRASOFT\AMSACCPG.EXE,AMSACCPG.EXE,212992
INFRASOFT\AMSCIPRO.EXE,AMSCIPRO.EXE,225280
INFRASOFT\ANFCERTC.EXE,ANFCERTC.EXE,446464
INFRASOFT\ANFCEVND.EXE,ANFCEVND.EXE,438272
INFRASOFT\ANFEATA.EXE,ANFEATA.EXE,217088
INFRASOFT\ANFEATUA.EXE,ANFEATUA.EXE,217088
INFRASOFT\ANOTLAN.EXE,ANOTLAN.EXE,217088
INFRASOFT\AnyDesk.exe,AnyDesk.exe,3910472
INFRASOFT\AORGITEM.EXE,AORGITEM.EXE,315392
INFRASOFT\AORIPSEX.EXE,AORIPSEX.EXE,270336
INFRASOFT\Apache.Xalan2.dll,Apache.Xalan2.dll,2519040
INFRASOFT\Apache.Xerces2.dll,Apache.Xerces2.dll,1376256
INFRASOFT\Apache.Xml.Commons.dll,Apache.Xml.Commons.dll,221184
INFRASOFT\APDFBOL.EXE,APDFBOL.EXE,253952
INFRASOFT\APEDTEST.EXE,APEDTEST.EXE,217088
INFRASOFT\APEFIRME.EXE,APEFIRME.EXE,364544
INFRASOFT\APEGFPVP.EXE,APEGFPVP.EXE,245760
INFRASOFT\APEGULTE.EXE,APEGULTE.EXE,212992
INFRASOFT\APESCNOT.EXE,APESCNOT.EXE,323584
INFRASOFT\APGCLIEN.EXE,APGCLIEN.EXE,348160
INFRASOFT\APGRAVOB.EXE,APGRAVOB.EXE,241664
INFRASOFT\APLIMPIX.EXE,APLIMPIX.EXE,286720
INFRASOFT\APSEXPOR.EXE,APSEXPOR.EXE,303104
INFRASOFT\ARECCOM.EXE,ARECCOM.EXE,217088
INFRASOFT\ARECCOMP.EXE,ARECCOMP.EXE,339968
INFRASOFT\AREGRANF.EXE,AREGRANF.EXE,454656
INFRASOFT\AREMRST.EXE,AREMRST.EXE,217088
INFRASOFT\ARENORC.EXE,ARENORC.EXE,368640
INFRASOFT\ARENPED.EXE,ARENPED.EXE,253952
INFRASOFT\ARESFEXP.EXE,ARESFEXP.EXE,360448
INFRASOFT\AREST001.EXE,AREST001.EXE,282624
INFRASOFT\AREST002.EXE,AREST002.EXE,286720
INFRASOFT\AREST003.EXE,AREST003.EXE,294912
INFRASOFT\AREST004.EXE,AREST004.EXE,299008
INFRASOFT\AREST005.EXE,AREST005.EXE,303104
INFRASOFT\AREST006.EXE,AREST006.EXE,278528
INFRASOFT\AREST007.EXE,AREST007.EXE,303104
INFRASOFT\AREST008.EXE,AREST008.EXE,290816
INFRASOFT\AREST009.EXE,AREST009.EXE,253952
INFRASOFT\AREST010.EXE,AREST010.EXE,245760
INFRASOFT\AREST011.EXE,AREST011.EXE,233472
INFRASOFT\AREST012.EXE,AREST012.EXE,245760
INFRASOFT\AREST013.EXE,AREST013.EXE,253952
INFRASOFT\AREST014.EXE,AREST014.EXE,258048
INFRASOFT\ARMRESTR.EXE,ARMRESTR.EXE,217088
INFRASOFT\ARSTXMLU.EXE,ARSTXMLU.EXE,225280
INFRASOFT\ASANACIM.EXE,ASANACIM.EXE,212992
INFRASOFT\ASANIMPO.EXE,ASANIMPO.EXE,212992
INFRASOFT\ASATVND.EXE,ASATVND.EXE,380928
INFRASOFT\ASATVNDC.EXE,ASATVNDC.EXE,360448
INFRASOFT\ASEBACPR.EXE,ASEBACPR.EXE,212992
INFRASOFT\ASEBIMPO.EXE,ASEBIMPO.EXE,212992
INFRASOFT\ASOMSALL.EXE,ASOMSALL.EXE,217088
INFRASOFT\ASPACFUN.EXE,ASPACFUN.EXE,270336
INFRASOFT\ASPIMPEM.EXE,ASPIMPEM.EXE,245760
INFRASOFT\ASTRACAT.EXE,ASTRACAT.EXE,212992
INFRASOFT\ASTRACCI.EXE,ASTRACCI.EXE,212992
INFRASOFT\ASTREIMP.EXE,ASTREIMP.EXE,212992
INFRASOFT\ASTREIVA.EXE,ASTREIVA.EXE,212992
INFRASOFT\ATABIMPA.EXE,ATABIMPA.EXE,1142784
INFRASOFT\Atalho para Sistema_Grande_Programas.lnk,Atalho para Sistema_Grande_Programas.lnk,583
INFRASOFT\ATESALWE.EXE,ATESALWE.EXE,225280
INFRASOFT\ATESARV.EXE,ATESARV.EXE,225280
INFRASOFT\ATESFICC.EXE,ATESFICC.EXE,237568
INFRASOFT\ATESLIVE.EXE,ATESLIVE.EXE,212992
INFRASOFT\ATESTEEX.EXE,ATESTEEX.EXE,212992
INFRASOFT\atestenfe.exe,atestenfe.exe,4096
INFRASOFT\atesteso.exe,atesteso.exe,212992
INFRASOFT\ATESTEX.EXE,ATESTEX.EXE,217088
INFRASOFT\ATOCARSO.EXE,ATOCARSO.EXE,212992
INFRASOFT\ATRCEMPD.EXE,ATRCEMPD.EXE,274432
INFRASOFT\AUSUINCR.EXE,AUSUINCR.EXE,217088
INFRASOFT\AVERDATA.EXE,AVERDATA.EXE,221184
INFRASOFT\AVERIFPA.EXE,AVERIFPA.EXE,212992
INFRASOFT\AVERLETE.EXE,AVERLETE.EXE,217088
INFRASOFT\AVEVLTOL.EXE,AVEVLTOL.EXE,217088
INFRASOFT\AVISCOM.EXE,AVISCOM.EXE,270336
INFRASOFT\AWEBACTA.EXE,AWEBACTA.EXE,221184
INFRASOFT\AWEBACVE.EXE,AWEBACVE.EXE,217088
INFRASOFT\AWEBGRCR.EXE,AWEBGRCR.EXE,225280
INFRASOFT\AWEBRENO.EXE,AWEBRENO.EXE,1175552
INFRASOFT\AWEXISTE.EXE,AWEXISTE.EXE,233472
INFRASOFT\AWINDCAS.EXE,AWINDCAS.EXE,212992
INFRASOFT\axnf_e.exe,axnf_e.exe,4096
INFRASOFT\AZERAEST.EXE,AZERAEST.EXE,307200
INFRASOFT\AZERAFIS.EXE,AZERAFIS.EXE,307200
INFRASOFT\AZERANEG.EXE,AZERANEG.EXE,684032
INFRASOFT\AZERFISL.EXE,AZERFISL.EXE,688128
INFRASOFT\bldAssemblies.txt,bldAssemblies.txt,0
INFRASOFT\client.exe.config,client.exe.config,14650
INFRASOFT\client.exe.config.acertado.em.branco,client.exe.config.acertado.em.branco,14630
INFRASOFT\client.exe.config.bak,client.exe.config.bak,13764
INFRASOFT\client.log,client.log,0
INFRASOFT\client.log.2015-03-10,client.log.2015-03-10,0
INFRASOFT\client.log.2015-03-23,client.log.2015-03-23,0
INFRASOFT\client.log.2015-03-25,client.log.2015-03-25,0
INFRASOFT\client.log.2015-03-26,client.log.2015-03-26,0
INFRASOFT\client.log.2015-04-10,client.log.2015-04-10,0
INFRASOFT\client.log.2015-04-23,client.log.2015-04-23,0
INFRASOFT\client.log.2015-04-30,client.log.2015-04-30,0
INFRASOFT\client.log.2015-05-05,client.log.2015-05-05,0
INFRASOFT\client.log.2015-05-29,client.log.2015-05-29,0
INFRASOFT\client.log.2015-08-27,client.log.2015-08-27,0
INFRASOFT\client.log.2015-10-19,client.log.2015-10-19,0
INFRASOFT\client.log.2016-01-28,client.log.2016-01-28,0
INFRASOFT\client.log.2016-01-29,client.log.2016-01-29,0
INFRASOFT\client.log.2017-05-12,client.log.2017-05-12,0
INFRASOFT\client.log.2019-11-18,client.log.2019-11-18,0
INFRASOFT\client.log.2020-04-16,client.log.2020-04-16,0
INFRASOFT\client.log.2020-04-23,client.log.2020-04-23,0
INFRASOFT\client.log.2021-06-14,client.log.2021-06-14,0
INFRASOFT\client.log.2024-05-02,client.log.2024-05-02,0
INFRASOFT\client.log.2025-07-09,client.log.2025-07-09,0
INFRASOFT\CNAB.TXT,CNAB.TXT,82008
INFRASOFT\Cópia de client.log.2015-03-10,Cópia de client.log.2015-03-10,0
INFRASOFT\Cópia de client.log.2015-03-23,Cópia de client.log.2015-03-23,0
INFRASOFT\Cópia de client.log.2015-03-25,Cópia de client.log.2015-03-25,0
INFRASOFT\Cópia de client.log.2015-03-26,Cópia de client.log.2015-03-26,0
INFRASOFT\Etiqueta avulsas.gxr,Etiqueta avulsas.gxr,1173
INFRASOFT\Etiqueta Rabbit 33 x 21 - 3 colunas.gxr,Etiqueta Rabbit 33 x 21 - 3 colunas.gxr,6291
INFRASOFT\EXECUTA.BAT,EXECUTA.BAT,47
INFRASOFT\EXEC_Imprime_Nota.BAT,EXEC_Imprime_Nota.BAT,51
INFRASOFT\Ficha de Corte Folha Inteira Seções.gxr,Ficha de Corte Folha Inteira Seções.gxr,14809
INFRASOFT\Ficha de Corte Folha inteira.gxr,Ficha de Corte Folha inteira.gxr,14130
INFRASOFT\Fichas_Retorn_Por_Modelo.CSV,Fichas_Retorn_Por_Modelo.CSV,140
INFRASOFT\gcapi.dll,gcapi.dll,394240
INFRASOFT\GerBarras.exe,GerBarras.exe,17408
INFRASOFT\GxClasses.dll,GxClasses.dll,598016
INFRASOFT\GxClassesWin.dll,GxClassesWin.dll,24576
INFRASOFT\gxclassrDotNet.dll,gxclassrDotNet.dll,1859584
INFRASOFT\gxCommon.dll,gxCommon.dll,765952
INFRASOFT\GxConfig.exe,GxConfig.exe,32768
INFRASOFT\GXCONFIG.MDB,GXCONFIG.MDB,120832
INFRASOFT\GXCRYPT.DLL,GXCRYPT.DLL,73728
INFRASOFT\GXData.dll,GXData.dll,315392
INFRASOFT\GXDATA81.DLL,GXDATA81.DLL,253952
INFRASOFT\GXDFFUNCS.DLL,GXDFFUNCS.DLL,69632
INFRASOFT\GXDIB32.DLL,GXDIB32.DLL,143360
INFRASOFT\GxExcelI.dll,GxExcelI.dll,61440
INFRASOFT\gxjswr.dll,gxjswr.dll,45056
INFRASOFT\GxMail.dll,GxMail.dll,233472
INFRASOFT\GxOffice2.dll,GxOffice2.dll,262144
INFRASOFT\GXOFFICE2Lib.dll,GXOFFICE2Lib.dll,45056
INFRASOFT\GxOffice2Net.dll,GxOffice2Net.dll,69120
INFRASOFT\GxPdfReportsCS.dll,GxPdfReportsCS.dll,57344
INFRASOFT\GXPRN.INI,GXPRN.INI,4200
INFRASOFT\GXPRN.xxx,GXPRN.xxx,34
INFRASOFT\GXPRNxxx.INI,GXPRNxxx.INI,3816
INFRASOFT\GXREORG.FLG,GXREORG.FLG,30
INFRASOFT\GXResources.dll,GXResources.dll,36864
INFRASOFT\GxSetFrm.exe,GxSetFrm.exe,3072
INFRASOFT\GXTRC70.DLL,GXTRC70.DLL,131072
INFRASOFT\GXUTL32.DLL,GXUTL32.DLL,36864
INFRASOFT\GXVBREO.LOG,GXVBREO.LOG,566682
INFRASOFT\GXWRQT70.DLL,GXWRQT70.DLL,45056
INFRASOFT\GX_DATA.ldb,GX_DATA.ldb,320
INFRASOFT\GX_MENU.MDB,GX_MENU.MDB,65536
INFRASOFT\Interop.GXOFFICE2Lib.dll,Interop.GXOFFICE2Lib.dll,45056
INFRASOFT\Interop.MAPI.dll,Interop.MAPI.dll,135168
INFRASOFT\Interop.Outlook.dll,Interop.Outlook.dll,397312
INFRASOFT\Interop.SQLDMO.dll,Interop.SQLDMO.dll,946176
INFRASOFT\iTextAsian.dll,iTextAsian.dll,1904640
INFRASOFT\itextsharp.dll,itextsharp.dll,3260416
INFRASOFT\Jakarta.Commons.Logging.dll,Jakarta.Commons.Logging.dll,49152
INFRASOFT\Jakarta.POI.dll,Jakarta.POI.dll,946176
INFRASOFT\JSharpLib.dll,JSharpLib.dll,630784
INFRASOFT\log4net.dll,log4net.dll,196608
INFRASOFT\messages.por.dll,messages.por.dll,23040
INFRASOFT\MGXMAIN.GXM,MGXMAIN.GXM,189
INFRASOFT\MICROESOFTCLIENTE.TXT,MICROESOFTCLIENTE.TXT,0
INFRASOFT\MICROESOFTCLIENTEH.TXT,MICROESOFTCLIENTEH.TXT,18
INFRASOFT\Mono.Security.dll,Mono.Security.dll,255488
INFRASOFT\MPRO.GXM,MPRO.GXM,6314
INFRASOFT\MRPT.GXM,MRPT.GXM,2905
INFRASOFT\MTRN.GXM,MTRN.GXM,3669
INFRASOFT\MWKP.GXM,MWKP.GXM,6527
INFRASOFT\MySQLDriverCS.dll,MySQLDriverCS.dll,69632
INFRASOFT\NACABADO.EXE,NACABADO.EXE,2174976
INFRASOFT\NACABMOV.EXE,NACABMOV.EXE,2408448
INFRASOFT\NAMATERI.EXE,NAMATERI.EXE,4415488
INFRASOFT\NCFG2EMP.EXE,NCFG2EMP.EXE,544768
INFRASOFT\NCFG4EMP.EXE,NCFG4EMP.EXE,528384
INFRASOFT\NCFG5EMP.EXE,NCFG5EMP.EXE,696320
INFRASOFT\NCFG6EMP.EXE,NCFG6EMP.EXE,622592
INFRASOFT\NCFG7EMP.EXE,NCFG7EMP.EXE,663552
INFRASOFT\NCFGEMPR.EXE,NCFGEMPR.EXE,491520
INFRASOFT\NCLIECOM.EXE,NCLIECOM.EXE,921600
INFRASOFT\NCLIECRE.EXE,NCLIECRE.EXE,1175552
INFRASOFT\NCLIEPCM.EXE,NCLIEPCM.EXE,1282048
INFRASOFT\NCLIEPRO.EXE,NCLIEPRO.EXE,1560576
INFRASOFT\NCLIERCM.EXE,NCLIERCM.EXE,1236992
INFRASOFT\NCLIEREF.EXE,NCLIEREF.EXE,3108864
INFRASOFT\NCLITLM.EXE,NCLITLM.EXE,1515520
INFRASOFT\NCLITLMP.EXE,NCLITLMP.EXE,1282048
INFRASOFT\NCLITREV.EXE,NCLITREV.EXE,1859584
INFRASOFT\NCLIXEEQ.EXE,NCLIXEEQ.EXE,475136
INFRASOFT\NCLIXEPR.EXE,NCLIXEPR.EXE,753664
INFRASOFT\NCLIXPMA.EXE,NCLIXPMA.EXE,5193728
INFRASOFT\NCMIMOBI.EXE,NCMIMOBI.EXE,536576
INFRASOFT\NCONFMEN.EXE,NCONFMEN.EXE,274432
INFRASOFT\NDRVESCE.EXE,NDRVESCE.EXE,323584
INFRASOFT\NEMPFOL.EXE,NEMPFOL.EXE,581632
INFRASOFT\NEMPNUM.EXE,NEMPNUM.EXE,344064
INFRASOFT\NEMPPTO.EXE,NEMPPTO.EXE,434176
INFRASOFT\NFICPRUC.EXE,NFICPRUC.EXE,6557696
INFRASOFT\NMATERIA.EXE,NMATERIA.EXE,6582272
INFRASOFT\NMENUS.EXE,NMENUS.EXE,393216
INFRASOFT\NNFISENT.EXE,NNFISENT.EXE,8859648
INFRASOFT\NNFISENZ.EXE,NNFISENZ.EXE,8183808
INFRASOFT\NNFISESS.EXE,NNFISESS.EXE,3358720
INFRASOFT\NNFISESX.EXE,NNFISESX.EXE,1617920
INFRASOFT\NNFISETC.EXE,NNFISETC.EXE,2805760
INFRASOFT\NNFISETS.EXE,NNFISETS.EXE,3776512
INFRASOFT\NNFISOBR.EXE,NNFISOBR.EXE,344064
INFRASOFT\NNFISOCI.EXE,NNFISOCI.EXE,532480
INFRASOFT\NNFISPDI.EXE,NNFISPDI.EXE,405504
INFRASOFT\NNOTACOM.EXE,NNOTACOM.EXE,5521408
INFRASOFT\NNOTAVEN.EXE,NNOTAVEN.EXE,1114112
INFRASOFT\NNOTCOMP.EXE,NNOTCOMP.EXE,1372160
INFRASOFT\NNOTCOMS.EXE,NNOTCOMS.EXE,2002944
INFRASOFT\NNOTITEC.EXE,NNOTITEC.EXE,421888
INFRASOFT\NNXFISE2.EXE,NNXFISE2.EXE,8155136
INFRASOFT\NNXFISEN.EXE,NNXFISEN.EXE,8720384
INFRASOFT\NORCADUP.EXE,NORCADUP.EXE,462848
INFRASOFT\NORCAMCL.EXE,NORCAMCL.EXE,1998848
INFRASOFT\NORCAMEN.EXE,NORCAMEN.EXE,2215936
INFRASOFT\NORCANFA.EXE,NORCANFA.EXE,1941504
INFRASOFT\NORCAQTD.EXE,NORCAQTD.EXE,1839104
INFRASOFT\NORCARES.EXE,NORCARES.EXE,1052672
INFRASOFT\NORCATAB.EXE,NORCATAB.EXE,2007040
INFRASOFT\NORCATRA.EXE,NORCATRA.EXE,471040
INFRASOFT\NORCATRE.EXE,NORCATRE.EXE,2043904
INFRASOFT\NORCAVEN.EXE,NORCAVEN.EXE,450560
INFRASOFT\NORCAWCE.EXE,NORCAWCE.EXE,6512640
INFRASOFT\NORCAZCE.EXE,NORCAZCE.EXE,6598656
INFRASOFT\NORCCLII.EXE,NORCCLII.EXE,1986560
INFRASOFT\NORCCOBE.EXE,NORCCOBE.EXE,2142208
INFRASOFT\NORCCOMP.EXE,NORCCOMP.EXE,1945600
INFRASOFT\NORCDESC.EXE,NORCDESC.EXE,2039808
INFRASOFT\NORCFATU.EXE,NORCFATU.EXE,1208320
INFRASOFT\NORCOTB.EXE,NORCOTB.EXE,2174976
INFRASOFT\NORCRZDE.EXE,NORCRZDE.EXE,1978368
INFRASOFT\NORCXEND.EXE,NORCXEND.EXE,614400
INFRASOFT\NORCXFCT.EXE,NORCXFCT.EXE,1814528
INFRASOFT\NORCXFCV.EXE,NORCXFCV.EXE,1245184
INFRASOFT\NORCXFCX.EXE,NORCXFCX.EXE,913408
INFRASOFT\NORCXFCZ.EXE,NORCXFCZ.EXE,1511424
INFRASOFT\NORCXFIZ.EXE,NORCXFIZ.EXE,544768
INFRASOFT\NORCXIFC.EXE,NORCXIFC.EXE,1789952
INFRASOFT\NORTRAPS.EXE,NORTRAPS.EXE,1486848
INFRASOFT\NPEDEXPL.EXE,NPEDEXPL.EXE,1388544
INFRASOFT\NPEDIDOS.EXE,NPEDIDOS.EXE,581632
INFRASOFT\NPEDINT1.EXE,NPEDINT1.EXE,1380352
INFRASOFT\NPEDINT2.EXE,NPEDINT2.EXE,679936
INFRASOFT\NPEDITEE.EXE,NPEDITEE.EXE,2478080
INFRASOFT\NPEDITEQ.EXE,NPEDITEQ.EXE,1048576
INFRASOFT\NPEDITQD.EXE,NPEDITQD.EXE,827392
INFRASOFT\NPEDOBSI.EXE,NPEDOBSI.EXE,1236992
INFRASOFT\NPEDOCUM.EXE,NPEDOCUM.EXE,483328
INFRASOFT\NPEDV2AN.EXE,NPEDV2AN.EXE,4808704
INFRASOFT\NPEDVANT.EXE,NPEDVANT.EXE,2191360
INFRASOFT\NPEDVEOB.EXE,NPEDVEOB.EXE,524288
INFRASOFT\NPEDVXAN.EXE,NPEDVXAN.EXE,4268032
INFRASOFT\NPEDXDIV.EXE,NPEDXDIV.EXE,798720
INFRASOFT\Npgsql.dll,Npgsql.dll,319488
INFRASOFT\NPLANO.EXE,NPLANO.EXE,6926336
INFRASOFT\NPSCUSTO.EXE,NPSCUSTO.EXE,397312
INFRASOFT\NPSORDDE.EXE,NPSORDDE.EXE,417792
INFRASOFT\NPSORDER.EXE,NPSORDER.EXE,425984
INFRASOFT\NPSORDHI.EXE,NPSORDHI.EXE,299008
INFRASOFT\NPSORDST.EXE,NPSORDST.EXE,327680
INFRASOFT\NTELAS.EXE,NTELAS.EXE,372736
INFRASOFT\NTIPSERV.EXE,NTIPSERV.EXE,299008
INFRASOFT\NVENDPER.EXE,NVENDPER.EXE,495616
INFRASOFT\NWEBCOLE.EXE,NWEBCOLE.EXE,249856
INFRASOFT\NWEBPED.EXE,NWEBPED.EXE,901120
INFRASOFT\NWEBPEDF.EXE,NWEBPEDF.EXE,626688
INFRASOFT\NWEBPEDK.EXE,NWEBPEDK.EXE,647168
INFRASOFT\NWEBPWCO.EXE,NWEBPWCO.EXE,557056
INFRASOFT\OACBDCON.EXE,OACBDCON.EXE,221184
INFRASOFT\OACDSCOD.EXE,OACDSCOD.EXE,311296
INFRASOFT\OACERETQ.EXE,OACERETQ.EXE,282624
INFRASOFT\OACERTAE.EXE,OACERTAE.EXE,290816
INFRASOFT\OACERTOO.EXE,OACERTOO.EXE,339968
INFRASOFT\OACEXFPM.EXE,OACEXFPM.EXE,282624
INFRASOFT\OACFONFE.EXE,OACFONFE.EXE,237568
INFRASOFT\OACFORMA.EXE,OACFORMA.EXE,253952
INFRASOFT\OACINS.EXE,OACINS.EXE,225280
INFRASOFT\OACODBOL.EXE,OACODBOL.EXE,225280
INFRASOFT\OACORCRE.EXE,OACORCRE.EXE,282624
INFRASOFT\OACPROFI.EXE,OACPROFI.EXE,311296
INFRASOFT\OACRQSAT.EXE,OACRQSAT.EXE,696320
INFRASOFT\OAESCNFP.EXE,OAESCNFP.EXE,581632
INFRASOFT\OAFASE.EXE,OAFASE.EXE,319488
INFRASOFT\OALTBAIX.EXE,OALTBAIX.EXE,8511488
INFRASOFT\OALTEBAX.EXE,OALTEBAX.EXE,7368704
INFRASOFT\OALTERAO.EXE,OALTERAO.EXE,2768896
INFRASOFT\OALTVNDC.EXE,OALTVNDC.EXE,2613248
INFRASOFT\OANAFATE.EXE,OANAFATE.EXE,352256
INFRASOFT\OAORCDCO.EXE,OAORCDCO.EXE,401408
INFRASOFT\OAORCDVD.EXE,OAORCDVD.EXE,389120
INFRASOFT\OAORCDVE.EXE,OAORCDVE.EXE,389120
INFRASOFT\OAORCGED.EXE,OAORCGED.EXE,409600
INFRASOFT\OAORCGEM.EXE,OAORCGEM.EXE,409600
INFRASOFT\OAORCJMA.EXE,OAORCJMA.EXE,471040
INFRASOFT\OAORCJMT.EXE,OAORCJMT.EXE,471040
INFRASOFT\OAORCJVD.EXE,OAORCJVD.EXE,471040
INFRASOFT\OAORCJVM.EXE,OAORCJVM.EXE,471040
INFRASOFT\OAORCRGO.EXE,OAORCRGO.EXE,221184
INFRASOFT\OAORCVCO.EXE,OAORCVCO.EXE,401408
INFRASOFT\OAORCVDT.EXE,OAORCVDT.EXE,389120
INFRASOFT\OAORCVEN.EXE,OAORCVEN.EXE,389120
INFRASOFT\OAORDIDV.EXE,OAORDIDV.EXE,393216
INFRASOFT\OAORDIVE.EXE,OAORDIVE.EXE,393216
INFRASOFT\OAORGCDA.EXE,OAORGCDA.EXE,335872
INFRASOFT\OAORGCDM.EXE,OAORGCDM.EXE,335872
INFRASOFT\OAORITPV.EXE,OAORITPV.EXE,221184
INFRASOFT\OAORVDPL.EXE,OAORVDPL.EXE,528384
INFRASOFT\OARATDPS.EXE,OARATDPS.EXE,237568
INFRASOFT\OARESDTM.EXE,OARESDTM.EXE,671744
INFRASOFT\OATAACES.EXE,OATAACES.EXE,303104
INFRASOFT\OATFREIT.EXE,OATFREIT.EXE,307200
INFRASOFT\OATORCES.EXE,OATORCES.EXE,5541888
INFRASOFT\OATORCWE.EXE,OATORCWE.EXE,229376
INFRASOFT\OATUAL_O.EXE,OATUAL_O.EXE,7352320
INFRASOFT\OATUESTP.EXE,OATUESTP.EXE,253952
INFRASOFT\OATUORTR.EXE,OATUORTR.EXE,7352320
INFRASOFT\OATURCOG.EXE,OATURCOG.EXE,7294976
INFRASOFT\OAUCMATF.EXE,OAUCMATF.EXE,233472
INFRASOFT\OAVDPLAV.EXE,OAVDPLAV.EXE,360448
INFRASOFT\OAVDPLVE.EXE,OAVDPLVE.EXE,352256
INFRASOFT\OAXMLNFE.EXE,OAXMLNFE.EXE,630784
INFRASOFT\OBAIXAER.EXE,OBAIXAER.EXE,221184
INFRASOFT\OBFANFRE.EXE,OBFANFRE.EXE,217088
INFRASOFT\OBLIGRSA.EXE,OBLIGRSA.EXE,241664
INFRASOFT\OBLISALE.EXE,OBLISALE.EXE,323584
INFRASOFT\OBLISDEI.EXE,OBLISDEI.EXE,376832
INFRASOFT\OBLOGEA1.EXE,OBLOGEA1.EXE,380928
INFRASOFT\OBLOGERA.EXE,OBLOGERA.EXE,385024
INFRASOFT\OBUJAENF.EXE,OBUJAENF.EXE,217088
INFRASOFT\OBUSCACO.EXE,OBUSCACO.EXE,221184
INFRASOFT\OBUSCOGE.EXE,OBUSCOGE.EXE,217088
INFRASOFT\OBUSCORC.EXE,OBUSCORC.EXE,217088
INFRASOFT\OC2IMPOR.EXE,OC2IMPOR.EXE,3874816
INFRASOFT\OCALCPWB.EXE,OCALCPWB.EXE,262144
INFRASOFT\OCALENST.EXE,OCALENST.EXE,270336
INFRASOFT\OCALPRAE.EXE,OCALPRAE.EXE,335872
INFRASOFT\OCANCNFE.EXE,OCANCNFE.EXE,479232
INFRASOFT\OCANNOTC.EXE,OCANNOTC.EXE,892928
INFRASOFT\OCANORCA.EXE,OCANORCA.EXE,327680
INFRASOFT\OCANORVM.EXE,OCANORVM.EXE,7356416
INFRASOFT\OCANXORV.EXE,OCANXORV.EXE,368640
INFRASOFT\OCARDSHD.EXE,OCARDSHD.EXE,249856
INFRASOFT\OCARGARE.EXE,OCARGARE.EXE,270336
INFRASOFT\OCDINVEN.EXE,OCDINVEN.EXE,270336
INFRASOFT\OCHQLAN.EXE,OCHQLAN.EXE,217088
INFRASOFT\OCIMORCG.EXE,OCIMORCG.EXE,3883008
INFRASOFT\OCIMPORC.EXE,OCIMPORC.EXE,3883008
INFRASOFT\OCLILCRE.EXE,OCLILCRE.EXE,303104
INFRASOFT\OCLILMFI.EXE,OCLILMFI.EXE,307200
INFRASOFT\OCLIOBS.EXE,OCLIOBS.EXE,217088
INFRASOFT\OCLIXSVE.EXE,OCLIXSVE.EXE,237568
INFRASOFT\OCOD2BAR.EXE,OCOD2BAR.EXE,286720
INFRASOFT\OCODBARE.EXE,OCODBARE.EXE,286720
INFRASOFT\OCODBARR.EXE,OCODBARR.EXE,278528
INFRASOFT\OCOFCNFE.EXE,OCOFCNFE.EXE,303104
INFRASOFT\OCOFCOT.EXE,OCOFCOT.EXE,233472
INFRASOFT\OCONFCAD.EXE,OCONFCAD.EXE,229376
INFRASOFT\OCONSUNF.EXE,OCONSUNF.EXE,225280
INFRASOFT\OCOPNFSA.EXE,OCOPNFSA.EXE,581632
INFRASOFT\OCOPORCO.EXE,OCOPORCO.EXE,1085440
INFRASOFT\OCOPORCS.EXE,OCOPORCS.EXE,557056
INFRASOFT\OCPESNFC.EXE,OCPESNFC.EXE,217088
INFRASOFT\OCRGACON.EXE,OCRGACON.EXE,319488
INFRASOFT\OCRIAPDF.EXE,OCRIAPDF.EXE,917504
INFRASOFT\OCRVOINF.EXE,OCRVOINF.EXE,425984
INFRASOFT\OCXMLNFE.EXE,OCXMLNFE.EXE,225280
INFRASOFT\ODESCDUP.EXE,ODESCDUP.EXE,221184
INFRASOFT\ODEVNFI.EXE,ODEVNFI.EXE,1404928
INFRASOFT\ODEVNFI_ori.EXE,ODEVNFI_ori.EXE,1335296
INFRASOFT\ODEVNFSA.EXE,ODEVNFSA.EXE,565248
INFRASOFT\ODIFGAN.EXE,ODIFGAN.EXE,229376
INFRASOFT\ODOBPEDI.EXE,ODOBPEDI.EXE,233472
INFRASOFT\ODPLPED.EXE,ODPLPED.EXE,217088
INFRASOFT\ODPSBEDS.EXE,ODPSBEDS.EXE,217088
INFRASOFT\ODSHINDU.EXE,ODSHINDU.EXE,430080
INFRASOFT\ODSHINDV.EXE,ODSHINDV.EXE,364544
INFRASOFT\ODSHMSMV.EXE,ODSHMSMV.EXE,1040384
INFRASOFT\OECOPNUM.EXE,OECOPNUM.EXE,221184
INFRASOFT\OECUPFIS.EXE,OECUPFIS.EXE,339968
INFRASOFT\OEMACNFE.EXE,OEMACNFE.EXE,229376
INFRASOFT\OEN3DEML.EXE,OEN3DEML.EXE,581632
INFRASOFT\OEN3EMLV.EXE,OEN3EMLV.EXE,581632
INFRASOFT\OEN3GDEM.EXE,OEN3GDEM.EXE,577536
INFRASOFT\OEN3GEMA.EXE,OEN3GEMA.EXE,577536
INFRASOFT\OEN3INVE.EXE,OEN3INVE.EXE,303104
INFRASOFT\OEN3ORC1.EXE,OEN3ORC1.EXE,339968
INFRASOFT\OEN3PREC.EXE,OEN3PREC.EXE,356352
INFRASOFT\OEN3PRO1.EXE,OEN3PRO1.EXE,315392
INFRASOFT\OENCPYBD.EXE,OENCPYBD.EXE,229376
INFRASOFT\OENVAFEE.EXE,OENVAFEE.EXE,413696
INFRASOFT\OENVBOL.EXE,OENVBOL.EXE,348160
INFRASOFT\OENVDEML.EXE,OENVDEML.EXE,581632
INFRASOFT\OENVEMLV.EXE,OENVEMLV.EXE,581632
INFRASOFT\OENVGDEM.EXE,OENVGDEM.EXE,577536
INFRASOFT\OENVGEMA.EXE,OENVGEMA.EXE,577536
INFRASOFT\OENVINVD.EXE,OENVINVD.EXE,303104
INFRASOFT\OENVINVE.EXE,OENVINVE.EXE,303104
INFRASOFT\OENVMETA.EXE,OENVMETA.EXE,331776
INFRASOFT\OENVORC.EXE,OENVORC.EXE,339968
INFRASOFT\OENVORC1.EXE,OENVORC1.EXE,339968
INFRASOFT\OENVORC2.EXE,OENVORC2.EXE,348160
INFRASOFT\OENVPPDT.EXE,OENVPPDT.EXE,315392
INFRASOFT\OENVPRDT.EXE,OENVPRDT.EXE,303104
INFRASOFT\OENVPREC.EXE,OENVPREC.EXE,356352
INFRASOFT\OENVPREP.EXE,OENVPREP.EXE,315392
INFRASOFT\OENVPRER.EXE,OENVPRER.EXE,303104
INFRASOFT\OENVPRO.EXE,OENVPRO.EXE,319488
INFRASOFT\OENVPRO1.EXE,OENVPRO1.EXE,315392
INFRASOFT\OENVPRO2.EXE,OENVPRO2.EXE,323584
INFRASOFT\OENVSALI.EXE,OENVSALI.EXE,323584
INFRASOFT\OEOC2FLS.EXE,OEOC2FLS.EXE,299008
INFRASOFT\OEOC2FOL.EXE,OEOC2FOL.EXE,290816
INFRASOFT\OEOCI17U.EXE,OEOCI17U.EXE,299008
INFRASOFT\OEOCID1E.EXE,OEOCID1E.EXE,294912
INFRASOFT\OEOCID1L.EXE,OEOCID1L.EXE,335872
INFRASOFT\OEOCID2E.EXE,OEOCID2E.EXE,303104
INFRASOFT\OEOCIDE1.EXE,OEOCIDE1.EXE,299008
INFRASOFT\OEOCIDO1.EXE,OEOCIDO1.EXE,299008
INFRASOFT\OEOCIDOU.EXE,OEOCIDOU.EXE,299008
INFRASOFT\OEOCLESP.EXE,OEOCLESP.EXE,303104
INFRASOFT\OEOCLLAN.EXE,OEOCLLAN.EXE,303104
INFRASOFT\OEOCMGDC.EXE,OEOCMGDC.EXE,299008
INFRASOFT\OEOCMTDC.EXE,OEOCMTDC.EXE,282624
INFRASOFT\OEOCPIDO.EXE,OEOCPIDO.EXE,299008
INFRASOFT\OEOCSN2F.EXE,OEOCSN2F.EXE,290816
INFRASOFT\OEOCUSUS.EXE,OEOCUSUS.EXE,290816
INFRASOFT\OEOXID1L.EXE,OEOXID1L.EXE,339968
INFRASOFT\OERRSICR.EXE,OERRSICR.EXE,237568
INFRASOFT\OET2PGJA.EXE,OET2PGJA.EXE,249856
INFRASOFT\OEXITACP.EXE,OEXITACP.EXE,573440
INFRASOFT\OEXITCOP.EXE,OEXITCOP.EXE,831488
INFRASOFT\OEXITNOT.EXE,OEXITNOT.EXE,6574080
INFRASOFT\OEXITORC.EXE,OEXITORC.EXE,7352320
INFRASOFT\OEXITPED.EXE,OEXITPED.EXE,1024000
INFRASOFT\OEXMLNFE.EXE,OEXMLNFE.EXE,225280
INFRASOFT\OEXPNFEP.EXE,OEXPNFEP.EXE,212992
INFRASOFT\OEXPPRD2.EXE,OEXPPRD2.EXE,225280
INFRASOFT\OEXPPROD.EXE,OEXPPROD.EXE,348160
INFRASOFT\OEXXDID1.EXE,OEXXDID1.EXE,303104
INFRASOFT\OFATAUTO.EXE,OFATAUTO.EXE,6152192
INFRASOFT\OFECHAM.EXE,OFECHAM.EXE,520192
INFRASOFT\OFICCNSA.EXE,OFICCNSA.EXE,274432
INFRASOFT\OFINALNF.EXE,OFINALNF.EXE,335872
INFRASOFT\OFLACEMP.EXE,OFLACEMP.EXE,278528
INFRASOFT\OFPVCESP.EXE,OFPVCESP.EXE,290816
INFRASOFT\OFPVGERA.EXE,OFPVGERA.EXE,274432
INFRASOFT\OGATUNFC.EXE,OGATUNFC.EXE,5840896
INFRASOFT\OGER20AN.EXE,OGER20AN.EXE,1007616
INFRASOFT\OGERAPIX.EXE,OGERAPIX.EXE,430080
INFRASOFT\OGERAQRC.EXE,OGERAQRC.EXE,217088
INFRASOFT\OGERPDFE.EXE,OGERPDFE.EXE,663552
INFRASOFT\OGERPIXD.EXE,OGERPIXD.EXE,421888
INFRASOFT\OGERTABP.EXE,OGERTABP.EXE,241664
INFRASOFT\OGETPEDO.EXE,OGETPEDO.EXE,397312
INFRASOFT\OGIMNFE2.EXE,OGIMNFE2.EXE,1622016
INFRASOFT\OGIMNFE2_ori.EXE,OGIMNFE2_ori.EXE,1486848
INFRASOFT\OGNOTREM.EXE,OGNOTREM.EXE,430080
INFRASOFT\ogprevnf.exe,ogprevnf.exe,4096
INFRASOFT\OGRPACB.EXE,OGRPACB.EXE,229376
INFRASOFT\OGRSOLLI.EXE,OGRSOLLI.EXE,286720
INFRASOFT\OGRTCARG.EXE,OGRTCARG.EXE,348160
INFRASOFT\ogrv310web.exe,ogrv310web.exe,4096
INFRASOFT\OIMP2ORC.EXE,OIMP2ORC.EXE,3964928
INFRASOFT\OIMPAUTE.EXE,OIMPAUTE.EXE,516096
INFRASOFT\OIMPAUTO.EXE,OIMPAUTO.EXE,516096
INFRASOFT\OIMPNO20.EXE,OIMPNO20.EXE,765952
INFRASOFT\OIMPNOTF.EXE,OIMPNOTF.EXE,2924544
INFRASOFT\OIMPORCA.EXE,OIMPORCA.EXE,3928064
INFRASOFT\OIMPPEDC.EXE,OIMPPEDC.EXE,290816
INFRASOFT\OIMPPRDP.EXE,OIMPPRDP.EXE,278528
INFRASOFT\OIMPROTU.EXE,OIMPROTU.EXE,348160
INFRASOFT\OIMPXMLD.EXE,OIMPXMLD.EXE,372736
INFRASOFT\OIMPXMLF.EXE,OIMPXMLF.EXE,380928
INFRASOFT\OIMPXMLP.EXE,OIMPXMLP.EXE,679936
INFRASOFT\OINCIOPB.EXE,OINCIOPB.EXE,274432
INFRASOFT\OINCPEDI.EXE,OINCPEDI.EXE,241664
INFRASOFT\OINICPWB.EXE,OINICPWB.EXE,262144
INFRASOFT\OINIOVCT.EXE,OINIOVCT.EXE,245760
INFRASOFT\OINIPVCT.EXE,OINIPVCT.EXE,262144
INFRASOFT\OINPAINE.EXE,OINPAINE.EXE,253952
INFRASOFT\OINUTILI.EXE,OINUTILI.EXE,405504
INFRASOFT\OINVFPDC.EXE,OINVFPDC.EXE,221184
INFRASOFT\OJUNCAOP.EXE,OJUNCAOP.EXE,753664
INFRASOFT\OLOGFORA.EXE,OLOGFORA.EXE,217088
INFRASOFT\OLOGNFS.EXE,OLOGNFS.EXE,2711552
INFRASOFT\OLOGOREN.EXE,OLOGOREN.EXE,290816
INFRASOFT\OLOGORVA.EXE,OLOGORVA.EXE,290816
INFRASOFT\OLOGPED.EXE,OLOGPED.EXE,360448
INFRASOFT\OLSREDOR.EXE,OLSREDOR.EXE,2895872
INFRASOFT\OMANUPED.EXE,OMANUPED.EXE,3534848
INFRASOFT\OMETACLA.EXE,OMETACLA.EXE,282624
INFRASOFT\OMMATPRI.EXE,OMMATPRI.EXE,221184
INFRASOFT\OMSPEDID.EXE,OMSPEDID.EXE,217088
INFRASOFT\ONFCONTB.EXE,ONFCONTB.EXE,356352
INFRASOFT\ONFCTNEW.EXE,ONFCTNEW.EXE,356352
INFRASOFT\ONOTAPUL.EXE,ONOTAPUL.EXE,217088
INFRASOFT\ONOTDIF1.EXE,ONOTDIF1.EXE,221184
INFRASOFT\ONOTDIF2.EXE,ONOTDIF2.EXE,225280
INFRASOFT\ONOTPROO.EXE,ONOTPROO.EXE,253952
INFRASOFT\OORCAM.EXE,OORCAM.EXE,225280
INFRASOFT\OORCTABC.EXE,OORCTABC.EXE,290816
INFRASOFT\OORCTTAB.EXE,OORCTTAB.EXE,352256
INFRASOFT\OORCTXT4.EXE,OORCTXT4.EXE,253952
INFRASOFT\OORDBENE.EXE,OORDBENE.EXE,942080
INFRASOFT\OORDTESE.EXE,OORDTESE.EXE,798720
INFRASOFT\OPAINELP.EXE,OPAINELP.EXE,290816
INFRASOFT\OPAINSEP.EXE,OPAINSEP.EXE,229376
INFRASOFT\OPCLIAVI.EXE,OPCLIAVI.EXE,212992
INFRASOFT\OPCPGORC.EXE,OPCPGORC.EXE,237568
INFRASOFT\OPDIF.EXE,OPDIF.EXE,221184
INFRASOFT\OPEDDAWE.EXE,OPEDDAWE.EXE,233472
INFRASOFT\OPEDIROM.EXE,OPEDIROM.EXE,2969600
INFRASOFT\OPEDORC.EXE,OPEDORC.EXE,217088
INFRASOFT\OPEDPROD.EXE,OPEDPROD.EXE,290816
INFRASOFT\OPEG2SAL.EXE,OPEG2SAL.EXE,217088
INFRASOFT\OPEGNFEP.EXE,OPEGNFEP.EXE,217088
INFRASOFT\OPEGOCOD.EXE,OPEGOCOD.EXE,217088
INFRASOFT\OPEGPARA.EXE,OPEGPARA.EXE,225280
INFRASOFT\OPEGPREV.EXE,OPEGPREV.EXE,237568
INFRASOFT\OPEGSALV.EXE,OPEGSALV.EXE,217088
INFRASOFT\OPESQORC.EXE,OPESQORC.EXE,221184
INFRASOFT\OPESQPLA.EXE,OPESQPLA.EXE,221184
INFRASOFT\OPG3SALP.EXE,OPG3SALP.EXE,245760
INFRASOFT\OPGBTNBL.EXE,OPGBTNBL.EXE,212992
INFRASOFT\OPGREINF.EXE,OPGREINF.EXE,290816
INFRASOFT\OPGSALPR.EXE,OPGSALPR.EXE,245760
INFRASOFT\OPINFATO.EXE,OPINFATO.EXE,253952
INFRASOFT\OPORCRGO.EXE,OPORCRGO.EXE,221184
INFRASOFT\OPPEDNF.EXE,OPPEDNF.EXE,221184
INFRASOFT\OPR20NFE.EXE,OPR20NFE.EXE,536576
INFRASOFT\OPRO20NF.EXE,OPRO20NF.EXE,294912
INFRASOFT\OPROCPED.EXE,OPROCPED.EXE,233472
INFRASOFT\OPROSFOR.EXE,OPROSFOR.EXE,221184
INFRASOFT\OPRPFFTC.EXE,OPRPFFTC.EXE,311296
INFRASOFT\OPRTRNVE.EXE,OPRTRNVE.EXE,868352
INFRASOFT\OPVCTCLI.EXE,OPVCTCLI.EXE,221184
INFRASOFT\OPXMLNFE.EXE,OPXMLNFE.EXE,225280
INFRASOFT\ORACBLOQ.EXE,ORACBLOQ.EXE,294912
INFRASOFT\ORACRCO.EXE,ORACRCO.EXE,307200
INFRASOFT\ORACVMVE.EXE,ORACVMVE.EXE,221184
INFRASOFT\ORAFATUR.EXE,ORAFATUR.EXE,7380992
INFRASOFT\ORAPAGRA.EXE,ORAPAGRA.EXE,221184
INFRASOFT\ORATREFC.EXE,ORATREFC.EXE,233472
INFRASOFT\ORATUNFF.EXE,ORATUNFF.EXE,249856
INFRASOFT\ORBAIBAN.EXE,ORBAIBAN.EXE,606208
INFRASOFT\ORCANAUT.EXE,ORCANAUT.EXE,372736
INFRASOFT\ORCANCEL.EXE,ORCANCEL.EXE,258048
INFRASOFT\ORCANORV.EXE,ORCANORV.EXE,1073152
INFRASOFT\OREDUCAO.EXE,OREDUCAO.EXE,294912
INFRASOFT\OREFFFAT.EXE,OREFFFAT.EXE,6721536
INFRASOFT\ORELAMCO.EXE,ORELAMCO.EXE,225280
INFRASOFT\ORELCMP1.EXE,ORELCMP1.EXE,307200
INFRASOFT\ORELCMP4.EXE,ORELCMP4.EXE,299008
INFRASOFT\ORELCMPC.EXE,ORELCMPC.EXE,303104
INFRASOFT\ORELDOCD.EXE,ORELDOCD.EXE,241664
INFRASOFT\ORELFDOC.EXE,ORELFDOC.EXE,241664
INFRASOFT\ORELSAMC.EXE,ORELSAMC.EXE,225280
INFRASOFT\OREMANF2.EXE,OREMANF2.EXE,610304
INFRASOFT\OREMANF3.EXE,OREMANF3.EXE,618496
INFRASOFT\OREMANFE.EXE,OREMANFE.EXE,770048
INFRASOFT\OREMANFE_ori.EXE,OREMANFE_ori.EXE,733184
INFRASOFT\OREMNNFE.EXE,OREMNNFE.EXE,737280
INFRASOFT\OREMPNFE.EXE,OREMPNFE.EXE,753664
INFRASOFT\ORESPSEP.EXE,ORESPSEP.EXE,241664
INFRASOFT\ORESTCXA.EXE,ORESTCXA.EXE,409600
INFRASOFT\ORFATURA.EXE,ORFATURA.EXE,7413760
INFRASOFT\ORGBENBK.EXE,ORGBENBK.EXE,724992
INFRASOFT\ORGBENEN.EXE,ORGBENEN.EXE,839680
INFRASOFT\ORGERNFE.EXE,ORGERNFE.EXE,212992
INFRASOFT\ORGRVPRE.EXE,ORGRVPRE.EXE,217088
INFRASOFT\ORGYYNFE.EXE,ORGYYNFE.EXE,741376
INFRASOFT\ORIMNFE2.EXE,ORIMNFE2.EXE,737280
INFRASOFT\ORIPBOLP.EXE,ORIPBOLP.EXE,1855488
INFRASOFT\ORLEPWD1.EXE,ORLEPWD1.EXE,217088
INFRASOFT\ormatgrm.exe,ormatgrm.exe,4096
INFRASOFT\OROMANEI.EXE,OROMANEI.EXE,2932736
INFRASOFT\ORORVATU.EXE,ORORVATU.EXE,212992
INFRASOFT\ORORVCAN.EXE,ORORVCAN.EXE,212992
INFRASOFT\OROTULO2.EXE,OROTULO2.EXE,270336
INFRASOFT\ORPDFNFI.EXE,ORPDFNFI.EXE,634880
INFRASOFT\ORPEDVAN.EXE,ORPEDVAN.EXE,2277376
INFRASOFT\ORPLESPE.EXE,ORPLESPE.EXE,319488
INFRASOFT\ORPLMSES.EXE,ORPLMSES.EXE,323584
INFRASOFT\ORPT02.EXE,ORPT02.EXE,212992
INFRASOFT\ORRO1MAE.EXE,ORRO1MAE.EXE,344064
INFRASOFT\ORRO1MEI.EXE,ORRO1MEI.EXE,339968
INFRASOFT\ORRO2MAE.EXE,ORRO2MAE.EXE,352256
INFRASOFT\ORRO2MEI.EXE,ORRO2MEI.EXE,348160
INFRASOFT\ORROEEI.EXE,ORROEEI.EXE,335872
INFRASOFT\ORROEGR.EXE,ORROEGR.EXE,344064
INFRASOFT\ORROMEE.EXE,ORROMEE.EXE,344064
INFRASOFT\ORROMPDV.EXE,ORROMPDV.EXE,421888
INFRASOFT\ORRS1MAE.EXE,ORRS1MAE.EXE,323584
INFRASOFT\ORRS1MEI.EXE,ORRS1MEI.EXE,323584
INFRASOFT\ORRS2MAE.EXE,ORRS2MAE.EXE,339968
INFRASOFT\ORRS2MEI.EXE,ORRS2MEI.EXE,339968
INFRASOFT\ORVENPED.EXE,ORVENPED.EXE,688128
INFRASOFT\ORVERIAT.EXE,ORVERIAT.EXE,6479872
INFRASOFT\ORVERIFP.EXE,ORVERIFP.EXE,417792
INFRASOFT\ORVERINS.EXE,ORVERINS.EXE,237568
INFRASOFT\ORVPGPIX.EXE,ORVPGPIX.EXE,294912
INFRASOFT\ORVVC1EM.EXE,ORVVC1EM.EXE,466944
INFRASOFT\ORVVC1GE.EXE,ORVVC1GE.EXE,475136
INFRASOFT\ORVVC3EM.EXE,ORVVC3EM.EXE,466944
INFRASOFT\ORVVDTM.EXE,ORVVDTM.EXE,475136
INFRASOFT\OSENCPG.EXE,OSENCPG.EXE,7208960
INFRASOFT\OSIMDPLO.EXE,OSIMDPLO.EXE,372736
INFRASOFT\OSNDDSHD.EXE,OSNDDSHD.EXE,311296
INFRASOFT\OSNDHINV.EXE,OSNDHINV.EXE,282624
INFRASOFT\OTALTCLI.EXE,OTALTCLI.EXE,389120
INFRASOFT\OTAXCOBE.EXE,OTAXCOBE.EXE,1892352
INFRASOFT\OTES3FIC.EXE,OTES3FIC.EXE,249856
INFRASOFT\OTESDORC.EXE,OTESDORC.EXE,397312
INFRASOFT\OTESDORW.EXE,OTESDORW.EXE,221184
INFRASOFT\OTESDTF.EXE,OTESDTF.EXE,212992
INFRASOFT\OTESDUPN.EXE,OTESDUPN.EXE,221184
INFRASOFT\OTESIMP.EXE,OTESIMP.EXE,217088
INFRASOFT\OTESRFIL.EXE,OTESRFIL.EXE,6070272
INFRASOFT\OTESTAES.EXE,OTESTAES.EXE,512000
INFRASOFT\OTESTEEM.EXE,OTESTEEM.EXE,229376
INFRASOFT\OTESTEEX.EXE,OTESTEEX.EXE,212992
INFRASOFT\otestepwd.exe,otestepwd.exe,4096
INFRASOFT\OTESTESB.EXE,OTESTESB.EXE,512000
INFRASOFT\OTESTEST.EXE,OTESTEST.EXE,212992
INFRASOFT\OTFECHAM.EXE,OTFECHAM.EXE,540672
INFRASOFT\OTNFENTR.EXE,OTNFENTR.EXE,4608000
INFRASOFT\OTNOTACO.EXE,OTNOTACO.EXE,409600
INFRASOFT\OTNOTAFI.EXE,OTNOTAFI.EXE,3911680
INFRASOFT\OTNOTSTC.EXE,OTNOTSTC.EXE,1200128
INFRASOFT\OTNOTTEL.EXE,OTNOTTEL.EXE,1077248
INFRASOFT\OTORXFCV.EXE,OTORXFCV.EXE,884736
INFRASOFT\OTPEDVEN.EXE,OTPEDVEN.EXE,671744
INFRASOFT\OTPROFIC.EXE,OTPROFIC.EXE,225280
INFRASOFT\OTTORCOB.EXE,OTTORCOB.EXE,2293760
INFRASOFT\OVAORCES.EXE,OVAORCES.EXE,217088
INFRASOFT\OVAPRPOR.EXE,OVAPRPOR.EXE,315392
INFRASOFT\OVATUNFE.EXE,OVATUNFE.EXE,217088
INFRASOFT\OVCGCCPF.EXE,OVCGCCPF.EXE,307200
INFRASOFT\OVCLIBOR.EXE,OVCLIBOR.EXE,258048
INFRASOFT\OVCONENT.EXE,OVCONENT.EXE,245760
INFRASOFT\OVDESPIP.EXE,OVDESPIP.EXE,503808
INFRASOFT\OVDPCNFE.EXE,OVDPCNFE.EXE,245760
INFRASOFT\OVENFPUL.EXE,OVENFPUL.EXE,217088
INFRASOFT\OVERCEP.EXE,OVERCEP.EXE,266240
INFRASOFT\OVERCODB.EXE,OVERCODB.EXE,278528
INFRASOFT\OVERCOM.EXE,OVERCOM.EXE,229376
INFRASOFT\OVERDPBO.EXE,OVERDPBO.EXE,237568
INFRASOFT\OVERDPLB.EXE,OVERDPLB.EXE,237568
INFRASOFT\OVINFENT.EXE,OVINFENT.EXE,7094272
INFRASOFT\OVLCPG.EXE,OVLCPG.EXE,241664
INFRASOFT\OVNFCNFE.EXE,OVNFCNFE.EXE,245760
INFRASOFT\OVORCNFE.EXE,OVORCNFE.EXE,2007040
INFRASOFT\OVXMLNFE.EXE,OVXMLNFE.EXE,221184
INFRASOFT\OWEBEXIO.EXE,OWEBEXIO.EXE,7151616
INFRASOFT\OWEBIMPK.EXE,OWEBIMPK.EXE,8060928
INFRASOFT\OWEBIMPP.EXE,OWEBIMPP.EXE,8192000
INFRASOFT\OWEBRENR.EXE,OWEBRENR.EXE,1179648
INFRASOFT\OXAVDPLA.EXE,OXAVDPLA.EXE,1544192
INFRASOFT\OXRFATUR.EXE,OXRFATUR.EXE,7110656
INFRASOFT\pacdtpdft.dll,pacdtpdft.dll,3072
INFRASOFT\pacertarestricoes.dll,pacertarestricoes.dll,3072
INFRASOFT\PARAM.VER,PARAM.VER,66
INFRASOFT\patuafic.dll,patuafic.dll,3072
INFRASOFT\patuaficha.dll,patuaficha.dll,3072
INFRASOFT\pbemavnd.dll,pbemavnd.dll,3072
INFRASOFT\pbkpnfe.dll,pbkpnfe.dll,3072
INFRASOFT\pcriapastas.dll,pcriapastas.dll,3072
INFRASOFT\pdelorv.dll,pdelorv.dll,3072
INFRASOFT\pemailnfe.dll,pemailnfe.dll,3072
INFRASOFT\pemailtarefas.dll,pemailtarefas.dll,3072
INFRASOFT\pemlctcmp.dll,pemlctcmp.dll,86016
INFRASOFT\penvianfe.dll,penvianfe.dll,28672
INFRASOFT\pexpnfxepdf.dll,pexpnfxepdf.dll,23040
INFRASOFT\pgerbrcode.dll,pgerbrcode.dll,3072
INFRASOFT\pgermanf.dll,pgermanf.dll,3072
INFRASOFT\pgermanfe.dll,pgermanfe.dll,3072
INFRASOFT\piniloc.dll,piniloc.dll,3072
INFRASOFT\pinirstb.dll,pinirstb.dll,3072
INFRASOFT\pinirstm.dll,pinirstm.dll,3072
INFRASOFT\pinirstz.dll,pinirstz.dll,3072
INFRASOFT\pmenu001.dll,pmenu001.dll,3072
INFRASOFT\pmenu002.dll,pmenu002.dll,3072
INFRASOFT\pmenu003.dll,pmenu003.dll,3072
INFRASOFT\pmenu004.dll,pmenu004.dll,3072
INFRASOFT\pmenu005.dll,pmenu005.dll,3072
INFRASOFT\pmenu006.dll,pmenu006.dll,3072
INFRASOFT\pmenu007.dll,pmenu007.dll,3072
INFRASOFT\pmenu008.dll,pmenu008.dll,3072
INFRASOFT\pmenu009.dll,pmenu009.dll,3072
INFRASOFT\pmenu010.dll,pmenu010.dll,3072
INFRASOFT\pmenu011.dll,pmenu011.dll,3072
INFRASOFT\pmenu012.dll,pmenu012.dll,3072
INFRASOFT\pmenu013.dll,pmenu013.dll,3072
INFRASOFT\pmenu014.dll,pmenu014.dll,3072
INFRASOFT\pmenu015.dll,pmenu015.dll,3072
INFRASOFT\pnewlog.dll,pnewlog.dll,3072
INFRASOFT\pnfeefdgerateste2.dll,pnfeefdgerateste2.dll,3072
INFRASOFT\premrst.dll,premrst.dll,3072
INFRASOFT\prest001.dll,prest001.dll,3072
INFRASOFT\prest002.dll,prest002.dll,3072
INFRASOFT\prest003.dll,prest003.dll,3072
INFRASOFT\prest004.dll,prest004.dll,3072
INFRASOFT\prest005.dll,prest005.dll,3072
INFRASOFT\prest006.dll,prest006.dll,3072
INFRASOFT\prest007.dll,prest007.dll,3072
INFRASOFT\prest008.dll,prest008.dll,3072
INFRASOFT\prest009.dll,prest009.dll,3072
INFRASOFT\prest010.dll,prest010.dll,3072
INFRASOFT\prest011.dll,prest011.dll,3072
INFRASOFT\previous-version,previous-version,2822952
INFRASOFT\prmrestricao.dll,prmrestricao.dll,3072
INFRASOFT\prstxmluser.dll,prstxmluser.dll,3072
INFRASOFT\ptestenfe.dll,ptestenfe.dll,7680
INFRASOFT\ptestesoma.dll,ptestesoma.dll,3072
INFRASOFT\pxnf_e.dll,pxnf_e.dll,32768
INFRASOFT\racins.dll,racins.dll,3072
INFRASOFT\raescnfp.dll,raescnfp.dll,3072
INFRASOFT\raoritpv.dll,raoritpv.dll,3072
INFRASOFT\raorvdpl.dll,raorvdpl.dll,3072
INFRASOFT\ratuestp.dll,ratuestp.dll,3072
INFRASOFT\raxmlnfe.dll,raxmlnfe.dll,3072
INFRASOFT\RBUILDER.DLL,RBUILDER.DLL,200704
INFRASOFT\rbujaenf.dll,rbujaenf.dll,3072
INFRASOFT\rbujaenfe.dll,rbujaenfe.dll,3072
INFRASOFT\rcancnfe.dll,rcancnfe.dll,3072
INFRASOFT\rcannotc.dll,rcannotc.dll,3072
INFRASOFT\rcofcnfe.dll,rcofcnfe.dll,3072
INFRASOFT\rconsunf.dll,rconsunf.dll,3072
INFRASOFT\rcxmlnfe.dll,rcxmlnfe.dll,3072
INFRASOFT\rdanferweb.dll,rdanferweb.dll,3072
INFRASOFT\Relatório Mapa de Baixa Especial.gxr,Relatório Mapa de Baixa Especial.gxr,151250
INFRASOFT\remacnfe.dll,remacnfe.dll,3072
INFRASOFT\Reor.exe,Reor.exe,45056
INFRASOFT\reor.exe.config,reor.exe.config,347
INFRASOFT\reorg.cfg,reorg.cfg,1349
INFRASOFT\REORGPGM.GEN,REORGPGM.GEN,2
INFRASOFT\rexitorc.dll,rexitorc.dll,3072
INFRASOFT\rexmlnfe.dll,rexmlnfe.dll,3072
INFRASOFT\rgprevnf.dll,rgprevnf.dll,651264
INFRASOFT\rgrpacb.dll,rgrpacb.dll,3072
INFRASOFT\rgrv310web.dll,rgrv310web.dll,233472
INFRASOFT\rimpno20.dll,rimpno20.dll,3072
INFRASOFT\rimpnotf.dll,rimpnotf.dll,3072
INFRASOFT\rimpnotfiscal.dll,rimpnotfiscal.dll,3072
INFRASOFT\rimporca.dll,rimporca.dll,3072
INFRASOFT\rlogfora.dll,rlogfora.dll,3072
INFRASOFT\rlogorva.dll,rlogorva.dll,3072
INFRASOFT\RMENU.EXE,RMENU.EXE,188416
INFRASOFT\rnfcontb.dll,rnfcontb.dll,3072
INFRASOFT\rpegnfep.dll,rpegnfep.dll,3072
INFRASOFT\rpegnfepro.dll,rpegnfepro.dll,3072
INFRASOFT\rpxmlnfe.dll,rpxmlnfe.dll,3072
INFRASOFT\rremanfe.dll,rremanfe.dll,3072
INFRASOFT\rremnnfe.dll,rremnnfe.dll,3072
INFRASOFT\rrempnfe.dll,rrempnfe.dll,3072
INFRASOFT\rrestcxa.dll,rrestcxa.dll,3072
INFRASOFT\rrgernfe.dll,rrgernfe.dll,3072
INFRASOFT\rrmatgrm.dll,rrmatgrm.dll,65536
INFRASOFT\rrorvcan.dll,rrorvcan.dll,3072
INFRASOFT\rrpdfnfi.dll,rrpdfnfi.dll,3072
INFRASOFT\rrro1mae.dll,rrro1mae.dll,3072
INFRASOFT\rrro1mei.dll,rrro1mei.dll,3072
INFRASOFT\rrro2mae.dll,rrro2mae.dll,3072
INFRASOFT\rrro2mei.dll,rrro2mei.dll,3072
INFRASOFT\rrroeei.dll,rrroeei.dll,3072
INFRASOFT\rrroegr.dll,rrroegr.dll,3072
INFRASOFT\rrromee.dll,rrromee.dll,3072
INFRASOFT\rrrs1mae.dll,rrrs1mae.dll,3072
INFRASOFT\rrrs1mei.dll,rrrs1mei.dll,3072
INFRASOFT\rrrs2mae.dll,rrrs2mae.dll,3072
INFRASOFT\rrrs2mei.dll,rrrs2mei.dll,3072
INFRASOFT\rsimdplo.dll,rsimdplo.dll,3072
INFRASOFT\rtestepwd.dll,rtestepwd.dll,11776
INFRASOFT\rustdesk.exe,rustdesk.exe,20667280
INFRASOFT\rvorcnfe.dll,rvorcnfe.dll,3072
INFRASOFT\ShowMyPC - Cópia.exe,ShowMyPC - Cópia.exe,2292816
INFRASOFT\ShowMyPC.exe,ShowMyPC.exe,2468792
INFRASOFT\ShowMyPC3055.exe,ShowMyPC3055.exe,2146552
INFRASOFT\Suporte Microesoft.exe,Suporte Microesoft.exe,32768
INFRASOFT\Suporte_Microesoft.exe,Suporte_Microesoft.exe,32768
INFRASOFT\Suporte_Microesoft_orig.exe,Suporte_Microesoft_orig.exe,32768
INFRASOFT\tacabado.dll,tacabado.dll,3072
INFRASOFT\tacabados.dll,tacabados.dll,3072
INFRASOFT\tamateri.dll,tamateri.dll,3072
INFRASOFT\tamateriaprima.dll,tamateriaprima.dll,3072
INFRASOFT\tcfg2emp.dll,tcfg2emp.dll,3072
INFRASOFT\tcfg2empresa.dll,tcfg2empresa.dll,3072
INFRASOFT\tcfg4emp.dll,tcfg4emp.dll,3072
INFRASOFT\tcfg4empresa.dll,tcfg4empresa.dll,3072
INFRASOFT\tcfg5emp.dll,tcfg5emp.dll,3072
INFRASOFT\tcfg5empresa.dll,tcfg5empresa.dll,3072
INFRASOFT\tcfg6emp.dll,tcfg6emp.dll,3072
INFRASOFT\tcfg6empresa.dll,tcfg6empresa.dll,3072
INFRASOFT\tcfg7emp.dll,tcfg7emp.dll,3072
INFRASOFT\tcfg7empresa.dll,tcfg7empresa.dll,3072
INFRASOFT\tcfgempr.dll,tcfgempr.dll,3072
INFRASOFT\tcfgempresa.dll,tcfgempresa.dll,3072
INFRASOFT\tcliecre.dll,tcliecre.dll,3072
INFRASOFT\tcliecred.dll,tcliecred.dll,3072
INFRASOFT\tcliepro.dll,tcliepro.dll,3072
INFRASOFT\tclieref.dll,tclieref.dll,3072
INFRASOFT\TeamViewerQS.exe,TeamViewerQS.exe,12207632
INFRASOFT\tempnum.dll,tempnum.dll,3072
INFRASOFT\Thumbs.db,Thumbs.db,1411584
INFRASOFT\tmateria.dll,tmateria.dll,3072
INFRASOFT\tmateriaprima.dll,tmateriaprima.dll,3072
INFRASOFT\tnotacom.dll,tnotacom.dll,3072
INFRASOFT\tnotacomercio.dll,tnotacomercio.dll,3072
INFRASOFT\tnotaven.dll,tnotaven.dll,3072
INFRASOFT\tnotavendedor.dll,tnotavendedor.dll,3072
INFRASOFT\tnotcoms.dll,tnotcoms.dll,3072
INFRASOFT\tnotcomser.dll,tnotcomser.dll,3072
INFRASOFT\torcamcl.dll,torcamcl.dll,3072
INFRASOFT\torcamcli.dll,torcamcli.dll,3072
INFRASOFT\torcamen.dll,torcamen.dll,3072
INFRASOFT\torcamento.dll,torcamento.dll,3072
INFRASOFT\torcanfa.dll,torcanfa.dll,3072
INFRASOFT\torcazce.dll,torcazce.dll,3072
INFRASOFT\torcdesc.dll,torcdesc.dll,3072
INFRASOFT\torcdescre.dll,torcdescre.dll,3072
INFRASOFT\torcrzde.dll,torcrzde.dll,3072
INFRASOFT\torcrzdesp.dll,torcrzdesp.dll,3072
INFRASOFT\tpediteq.dll,tpediteq.dll,3072
INFRASOFT\tpeditqd.dll,tpeditqd.dll,3072
INFRASOFT\tpedvant.dll,tpedvant.dll,3072
INFRASOFT\UABERCXF.EXE,UABERCXF.EXE,872448
INFRASOFT\UACABADO.EXE,UACABADO.EXE,2207744
INFRASOFT\UACABPRV.EXE,UACABPRV.EXE,622592
INFRASOFT\UACACBFA.EXE,UACACBFA.EXE,954368
INFRASOFT\UACBABXM.EXE,UACBABXM.EXE,303104
INFRASOFT\UACBACU.EXE,UACBACU.EXE,307200
INFRASOFT\UACBQTDV.EXE,UACBQTDV.EXE,339968
INFRASOFT\UACCCOMP.EXE,UACCCOMP.EXE,397312
INFRASOFT\UACCIDAD.EXE,UACCIDAD.EXE,266240
INFRASOFT\UACCLIOR.EXE,UACCLIOR.EXE,270336
INFRASOFT\UACCOBRA.EXE,UACCOBRA.EXE,393216
INFRASOFT\UACCOEC.EXE,UACCOEC.EXE,425984
INFRASOFT\UACCOESP.EXE,UACCOESP.EXE,438272
INFRASOFT\UACCOMM.EXE,UACCOMM.EXE,421888
INFRASOFT\UACCOMO.EXE,UACCOMO.EXE,487424
INFRASOFT\UACCOMPR.EXE,UACCOMPR.EXE,1949696
INFRASOFT\UACCOORC.EXE,UACCOORC.EXE,413696
INFRASOFT\UACDLCTB.EXE,UACDLCTB.EXE,364544
INFRASOFT\UACDUPNF.EXE,UACDUPNF.EXE,413696
INFRASOFT\UACEDIFI.EXE,UACEDIFI.EXE,364544
INFRASOFT\UACERTOC.EXE,UACERTOC.EXE,847872
INFRASOFT\UACFAIXA.EXE,UACFAIXA.EXE,548864
INFRASOFT\UACFISLO.EXE,UACFISLO.EXE,737280
INFRASOFT\UACGPLA.EXE,UACGPLA.EXE,286720
INFRASOFT\UACGRSGR.EXE,UACGRSGR.EXE,266240
INFRASOFT\UACIVA.EXE,UACIVA.EXE,356352
INFRASOFT\UACLANBE.EXE,UACLANBE.EXE,356352
INFRASOFT\UACMICM.EXE,UACMICM.EXE,290816
INFRASOFT\UACMOV.EXE,UACMOV.EXE,888832
INFRASOFT\UACNTCTB.EXE,UACNTCTB.EXE,425984
INFRASOFT\UACNTDLV.EXE,UACNTDLV.EXE,278528
INFRASOFT\UACNTECT.EXE,UACNTECT.EXE,430080
INFRASOFT\UACOBCTB.EXE,UACOBCTB.EXE,360448
INFRASOFT\UACOMPLA.EXE,UACOMPLA.EXE,307200
INFRASOFT\UACPRETA.EXE,UACPRETA.EXE,368640
INFRASOFT\UACPROD.EXE,UACPROD.EXE,1044480
INFRASOFT\UACSUSEX.EXE,UACSUSEX.EXE,368640
INFRASOFT\UACTNLS.EXE,UACTNLS.EXE,282624
INFRASOFT\UACTRACL.EXE,UACTRACL.EXE,368640
INFRASOFT\UACVENCM.EXE,UACVENCM.EXE,704512
INFRASOFT\UACVENCO.EXE,UACVENCO.EXE,557056
INFRASOFT\UACVORCD.EXE,UACVORCD.EXE,335872
INFRASOFT\UADAXMAT.EXE,UADAXMAT.EXE,368640
INFRASOFT\UADPLCTB.EXE,UADPLCTB.EXE,442368
INFRASOFT\UAGECOB.EXE,UAGECOB.EXE,811008
INFRASOFT\UAGENDA.EXE,UAGENDA.EXE,811008
INFRASOFT\UAGRPLA.EXE,UAGRPLA.EXE,401408
INFRASOFT\UAGRPROV.EXE,UAGRPROV.EXE,360448
INFRASOFT\UAITENFS.EXE,UAITENFS.EXE,528384
INFRASOFT\UALTEMP.EXE,UALTEMP.EXE,3506176
INFRASOFT\UAMOSTRA.EXE,UAMOSTRA.EXE,3096576
INFRASOFT\UAORCVEN.EXE,UAORCVEN.EXE,749568
INFRASOFT\UAQTFATC.EXE,UAQTFATC.EXE,2555904
INFRASOFT\UASELPRO.EXE,UASELPRO.EXE,5419008
INFRASOFT\UATRRQSM.EXE,UATRRQSM.EXE,806912
INFRASOFT\UATSALWE.EXE,UATSALWE.EXE,344064
INFRASOFT\UATUDTSP.EXE,UATUDTSP.EXE,339968
INFRASOFT\UATUSTAT.EXE,UATUSTAT.EXE,249856
INFRASOFT\UAUDITOR.EXE,UAUDITOR.EXE,593920
INFRASOFT\UAUMMOVP.EXE,UAUMMOVP.EXE,356352
INFRASOFT\UAUMPCUS.EXE,UAUMPCUS.EXE,520192
INFRASOFT\UAUMPERR.EXE,UAUMPERR.EXE,323584
INFRASOFT\UAUTMANU.EXE,UAUTMANU.EXE,245760
INFRASOFT\UAUTMOVI.EXE,UAUTMOVI.EXE,2945024
INFRASOFT\UAUTORIZ.EXE,UAUTORIZ.EXE,266240
INFRASOFT\UAUTWMSM.EXE,UAUTWMSM.EXE,2150400
INFRASOFT\UAUXBALM.EXE,UAUXBALM.EXE,1466368
INFRASOFT\UAUXBSPE.EXE,UAUXBSPE.EXE,987136
INFRASOFT\UAXMLNFE.EXE,UAXMLNFE.EXE,815104
INFRASOFT\UBAIXFIC.EXE,UBAIXFIC.EXE,1871872
INFRASOFT\UBAL2EST.EXE,UBAL2EST.EXE,626688
INFRASOFT\UBAL3EST.EXE,UBAL3EST.EXE,335872
INFRASOFT\UBALACBP.EXE,UBALACBP.EXE,376832
INFRASOFT\UBALDEPP.EXE,UBALDEPP.EXE,380928
INFRASOFT\UBALECO.EXE,UBALECO.EXE,2785280
INFRASOFT\UBALEEST.EXE,UBALEEST.EXE,352256
INFRASOFT\UBALESFA.EXE,UBALESFA.EXE,458752
INFRASOFT\UBALEST.EXE,UBALEST.EXE,1110016
INFRASOFT\UBALESTF.EXE,UBALESTF.EXE,544768
INFRASOFT\UBALGFAT.EXE,UBALGFAT.EXE,450560
INFRASOFT\UBANFAB.EXE,UBANFAB.EXE,1273856
INFRASOFT\UBAXFICC.EXE,UBAXFICC.EXE,1753088
INFRASOFT\UBCMPGRE.EXE,UBCMPGRE.EXE,368640
INFRASOFT\UBKPMSFT.EXE,UBKPMSFT.EXE,229376
INFRASOFT\UBLING.EXE,UBLING.EXE,1069056
INFRASOFT\UBLINGV3.EXE,UBLINGV3.EXE,1077248
INFRASOFT\UBLOQUEI.EXE,UBLOQUEI.EXE,536576
INFRASOFT\UBOLETOS.EXE,UBOLETOS.EXE,356352
INFRASOFT\UBSEMAIL.EXE,UBSEMAIL.EXE,233472
INFRASOFT\UBUSPRE.EXE,UBUSPRE.EXE,241664
INFRASOFT\UC2080CL.EXE,UC2080CL.EXE,430080
INFRASOFT\UC2080ES.EXE,UC2080ES.EXE,430080
INFRASOFT\UC2080LI.EXE,UC2080LI.EXE,327680
INFRASOFT\UC2080MA.EXE,UC2080MA.EXE,577536
INFRASOFT\UC2080RE.EXE,UC2080RE.EXE,339968
INFRASOFT\UC2080VE.EXE,UC2080VE.EXE,360448
INFRASOFT\UCADPRCV.EXE,UCADPRCV.EXE,2498560
INFRASOFT\UCADWEBC.EXE,UCADWEBC.EXE,344064
INFRASOFT\UCALFECT.EXE,UCALFECT.EXE,2428928
INFRASOFT\UCALJURD.EXE,UCALJURD.EXE,270336
INFRASOFT\UCALPRAZ.EXE,UCALPRAZ.EXE,294912
INFRASOFT\UCALRECI.EXE,UCALRECI.EXE,339968
INFRASOFT\UCANENVB.EXE,UCANENVB.EXE,1359872
INFRASOFT\UCANITEP.EXE,UCANITEP.EXE,348160
INFRASOFT\UCANOBS.EXE,UCANOBS.EXE,266240
INFRASOFT\UCANPENV.EXE,UCANPENV.EXE,1363968
INFRASOFT\UCARTACO.EXE,UCARTACO.EXE,417792
INFRASOFT\UCBANA.EXE,UCBANA.EXE,262144
INFRASOFT\UCDEV3OR.EXE,UCDEV3OR.EXE,2523136
INFRASOFT\UCEPCIDA.EXE,UCEPCIDA.EXE,360448
INFRASOFT\UCFCHPRO.EXE,UCFCHPRO.EXE,2179072
INFRASOFT\UCFGFAV1.EXE,UCFGFAV1.EXE,249856
INFRASOFT\UCFGODBC.EXE,UCFGODBC.EXE,233472
INFRASOFT\UCFGRST1.EXE,UCFGRST1.EXE,299008
INFRASOFT\UCFPLASE.EXE,UCFPLASE.EXE,376832
INFRASOFT\UCHEQUES.EXE,UCHEQUES.EXE,2002944
INFRASOFT\UCHQREC.EXE,UCHQREC.EXE,3670016
INFRASOFT\UCIWEBPE.EXE,UCIWEBPE.EXE,868352
INFRASOFT\UCLASEST.EXE,UCLASEST.EXE,438272
INFRASOFT\UCLICAR.EXE,UCLICAR.EXE,294912
INFRASOFT\UCLICHQ.EXE,UCLICHQ.EXE,1646592
INFRASOFT\UCLIENTE.EXE,UCLIENTE.EXE,3993600
INFRASOFT\UCLIITE.EXE,UCLIITE.EXE,393216
INFRASOFT\UCLIPRO.EXE,UCLIPRO.EXE,266240
INFRASOFT\UCLIPROV.EXE,UCLIPROV.EXE,380928
INFRASOFT\UCLIREG.EXE,UCLIREG.EXE,237568
INFRASOFT\UCLIRHIS.EXE,UCLIRHIS.EXE,307200
INFRASOFT\UCLISCOM.EXE,UCLISCOM.EXE,299008
INFRASOFT\UCLISIMP.EXE,UCLISIMP.EXE,307200
INFRASOFT\UCLIVEND.EXE,UCLIVEND.EXE,1171456
INFRASOFT\UCMEMP.EXE,UCMEMP.EXE,1212416
INFRASOFT\UCMIMOBI.EXE,UCMIMOBI.EXE,1335296
INFRASOFT\UCMPFOR.EXE,UCMPFOR.EXE,364544
INFRASOFT\UCMPFORN.EXE,UCMPFORN.EXE,561152
INFRASOFT\UCNFFORP.EXE,UCNFFORP.EXE,405504
INFRASOFT\UCNPJ.EXE,UCNPJ.EXE,241664
INFRASOFT\UCOF2PED.EXE,UCOF2PED.EXE,2625536
INFRASOFT\UCOF3PED.EXE,UCOF3PED.EXE,2269184
INFRASOFT\UCOFEXPD.EXE,UCOFEXPD.EXE,745472
INFRASOFT\UCOFPEDE.EXE,UCOFPEDE.EXE,2449408
INFRASOFT\UCOFPEDE_antes.EXE,UCOFPEDE_antes.EXE,2318336
INFRASOFT\UCOFWEBP.EXE,UCOFWEBP.EXE,1785856
INFRASOFT\UCOLECAO.EXE,UCOLECAO.EXE,405504
INFRASOFT\UCOMBINA.EXE,UCOMBINA.EXE,1372160
INFRASOFT\UCOMPEDV - Copia.EXE,UCOMPEDV - Copia.EXE,532480
INFRASOFT\UCOMPEDV.EXE,UCOMPEDV.EXE,692224
INFRASOFT\UCOMPEDV_antes.EXE,UCOMPEDV_antes.EXE,626688
INFRASOFT\UCOMPEDV_ori.EXE,UCOMPEDV_ori.EXE,552960
INFRASOFT\UCOMPONE.EXE,UCOMPONE.EXE,1253376
INFRASOFT\UCOMPVC.EXE,UCOMPVC.EXE,364544
INFRASOFT\UCOMPVEN.EXE,UCOMPVEN.EXE,405504
INFRASOFT\UCONDICA.EXE,UCONDICA.EXE,1519616
INFRASOFT\UCONEXPL.EXE,UCONEXPL.EXE,348160
INFRASOFT\UCONFCOM.EXE,UCONFCOM.EXE,356352
INFRASOFT\UCONFEMP.EXE,UCONFEMP.EXE,5521408
INFRASOFT\UCONFENV.EXE,UCONFENV.EXE,339968
INFRASOFT\UCONFEXP.EXE,UCONFEXP.EXE,249856
INFRASOFT\UCONFFAT.EXE,UCONFFAT.EXE,4771840
INFRASOFT\UCONFFRE.EXE,UCONFFRE.EXE,376832
INFRASOFT\UCONFOCR.EXE,UCONFOCR.EXE,548864
INFRASOFT\UCONFPED.EXE,UCONFPED.EXE,274432
INFRASOFT\UCONFSAL.EXE,UCONFSAL.EXE,385024
INFRASOFT\UCONFVEN.EXE,UCONFVEN.EXE,544768
INFRASOFT\UCONFWCA.EXE,UCONFWCA.EXE,335872
INFRASOFT\UCONITEN.EXE,UCONITEN.EXE,405504
INFRASOFT\UCONITPF.EXE,UCONITPF.EXE,913408
INFRASOFT\UCONJCAI.EXE,UCONJCAI.EXE,450560
INFRASOFT\UCONMAC.EXE,UCONMAC.EXE,266240
INFRASOFT\UCONMOBS.EXE,UCONMOBS.EXE,245760
INFRASOFT\UCONNFCO.EXE,UCONNFCO.EXE,319488
INFRASOFT\UCONNFIN.EXE,UCONNFIN.EXE,2973696
INFRASOFT\UCONNTEN.EXE,UCONNTEN.EXE,3276800
INFRASOFT\UCONNTYP.EXE,UCONNTYP.EXE,360448
INFRASOFT\UCONOBSM.EXE,UCONOBSM.EXE,2379776
INFRASOFT\UCONORCA.EXE,UCONORCA.EXE,7475200
INFRASOFT\UCONORCT.EXE,UCONORCT.EXE,1126400
INFRASOFT\UCONPEDI.EXE,UCONPEDI.EXE,2174976
INFRASOFT\UCONPLA.EXE,UCONPLA.EXE,823296
INFRASOFT\UCONREFE.EXE,UCONREFE.EXE,598016
INFRASOFT\UCONRETI.EXE,UCONRETI.EXE,356352
INFRASOFT\UCONSCEP.EXE,UCONSCEP.EXE,249856
INFRASOFT\UCONSMAS.EXE,UCONSMAS.EXE,397312
INFRASOFT\UCONSTRU.EXE,UCONSTRU.EXE,2236416
INFRASOFT\UCONTIPO.EXE,UCONTIPO.EXE,237568
INFRASOFT\UCONTRAT.EXE,UCONTRAT.EXE,524288
INFRASOFT\UCONTROR.EXE,UCONTROR.EXE,7450624
INFRASOFT\UCONVARQ.EXE,UCONVARQ.EXE,503808
INFRASOFT\UCONVENP.EXE,UCONVENP.EXE,4206592
INFRASOFT\UCOP1CLI.EXE,UCOP1CLI.EXE,495616
INFRASOFT\UCOPCLIO.EXE,UCOPCLIO.EXE,385024
INFRASOFT\UCOPDVE.EXE,UCOPDVE.EXE,307200
INFRASOFT\UCOPFORO.EXE,UCOPFORO.EXE,278528
INFRASOFT\UCOPLOTP.EXE,UCOPLOTP.EXE,610304
INFRASOFT\UCOPNOTA.EXE,UCOPNOTA.EXE,2400256
INFRASOFT\UCOPORC.EXE,UCOPORC.EXE,532480
INFRASOFT\UCOPPED.EXE,UCOPPED.EXE,1171456
INFRASOFT\UCOPPRDG.EXE,UCOPPRDG.EXE,380928
INFRASOFT\UCOPPROD.EXE,UCOPPROD.EXE,430080
INFRASOFT\UCOPREF.EXE,UCOPREF.EXE,376832
INFRASOFT\UCOPTLMI.EXE,UCOPTLMI.EXE,1150976
INFRASOFT\UCORCDEP.EXE,UCORCDEP.EXE,610304
INFRASOFT\UCOREFTX.EXE,UCOREFTX.EXE,520192
INFRASOFT\UCORRIDA.EXE,UCORRIDA.EXE,679936
INFRASOFT\UCPGMUDO.EXE,UCPGMUDO.EXE,245760
INFRASOFT\UCRAGECO.EXE,UCRAGECO.EXE,356352
INFRASOFT\UCREFACB.EXE,UCREFACB.EXE,7213056
INFRASOFT\UCREFMAT.EXE,UCREFMAT.EXE,7397376
INFRASOFT\UCRIA2NO.EXE,UCRIA2NO.EXE,7491584
INFRASOFT\UCRIAREF.EXE,UCRIAREF.EXE,7135232
INFRASOFT\UCRREF.EXE,UCRREF.EXE,7819264
INFRASOFT\UCRVEGSG.EXE,UCRVEGSG.EXE,1216512
INFRASOFT\UCTEMP.EXE,UCTEMP.EXE,3096576
INFRASOFT\UCURVCLI.EXE,UCURVCLI.EXE,1224704
INFRASOFT\UCUSMATE.EXE,UCUSMATE.EXE,299008
INFRASOFT\UCUSREFC.EXE,UCUSREFC.EXE,290816
INFRASOFT\UCUSYAUT.EXE,UCUSYAUT.EXE,3584000
INFRASOFT\UDATPREV.EXE,UDATPREV.EXE,274432
INFRASOFT\UDECUSMP.EXE,UDECUSMP.EXE,307200
INFRASOFT\UDEFEITO.EXE,UDEFEITO.EXE,425984
INFRASOFT\UDEFFICP.EXE,UDEFFICP.EXE,1490944
INFRASOFT\UDEFORDP.EXE,UDEFORDP.EXE,405504
INFRASOFT\UDEPSIST.EXE,UDEPSIST.EXE,1175552
INFRASOFT\UDEV3ORC.EXE,UDEV3ORC.EXE,4042752
INFRASOFT\UDEVOLUC.EXE,UDEVOLUC.EXE,839680
INFRASOFT\UDIFNLS.EXE,UDIFNLS.EXE,278528
INFRASOFT\UDOCSCLI.EXE,UDOCSCLI.EXE,282624
INFRASOFT\UDSARQNF.EXE,UDSARQNF.EXE,352256
INFRASOFT\UDSHDADO.EXE,UDSHDADO.EXE,573440
INFRASOFT\UDTAPLA.EXE,UDTAPLA.EXE,1552384
INFRASOFT\UDTVCLI.EXE,UDTVCLI.EXE,339968
INFRASOFT\UEACBLOC.EXE,UEACBLOC.EXE,487424
INFRASOFT\UEARTH01.EXE,UEARTH01.EXE,360448
INFRASOFT\UEARTH02.EXE,UEARTH02.EXE,360448
INFRASOFT\UEARTH04.EXE,UEARTH04.EXE,356352
INFRASOFT\UECEXPGA.EXE,UECEXPGA.EXE,307200
INFRASOFT\UECEXPPR.EXE,UECEXPPR.EXE,282624
INFRASOFT\UECFAVU.EXE,UECFAVU.EXE,487424
INFRASOFT\UECFDEVE.EXE,UECFDEVE.EXE,2232320
INFRASOFT\UECFDEVS.EXE,UECFDEVS.EXE,3170304
INFRASOFT\UECFILTR.EXE,UECFILTR.EXE,303104
INFRASOFT\UECGRPDI.EXE,UECGRPDI.EXE,237568
INFRASOFT\UECMFILT.EXE,UECMFILT.EXE,282624
INFRASOFT\UECPEDQT.EXE,UECPEDQT.EXE,241664
INFRASOFT\UECPRODU.EXE,UECPRODU.EXE,1011712
INFRASOFT\UECSELFI.EXE,UECSELFI.EXE,299008
INFRASOFT\UEMAILCL.EXE,UEMAILCL.EXE,516096
INFRASOFT\uemailnfe.exe,uemailnfe.exe,4096
INFRASOFT\UEMBALAG.EXE,UEMBALAG.EXE,487424
INFRASOFT\UEMPBLOK.EXE,UEMPBLOK.EXE,1900544
INFRASOFT\UEMPLIV.EXE,UEMPLIV.EXE,5939200
INFRASOFT\UEMPMAT.EXE,UEMPMAT.EXE,479232
INFRASOFT\UEMPPTO.EXE,UEMPPTO.EXE,7905280
INFRASOFT\UEMPSPED.EXE,UEMPSPED.EXE,10752000
INFRASOFT\UENCITPD.EXE,UENCITPD.EXE,425984
INFRASOFT\UENTREGA.EXE,UENTREGA.EXE,454656
INFRASOFT\UENVDUPB.EXE,UENVDUPB.EXE,348160
INFRASOFT\UENVFICC.EXE,UENVFICC.EXE,937984
INFRASOFT\UENVFICP.EXE,UENVFICP.EXE,884736
INFRASOFT\UESCACSA.EXE,UESCACSA.EXE,311296
INFRASOFT\UESCCLIE.EXE,UESCCLIE.EXE,323584
INFRASOFT\UESCSALB.EXE,UESCSALB.EXE,606208
INFRASOFT\UESTADOC.EXE,UESTADOC.EXE,421888
INFRASOFT\UESTCLIC.EXE,UESTCLIC.EXE,323584
INFRASOFT\UESTNFE.EXE,UESTNFE.EXE,4399104
INFRASOFT\UESTPER.EXE,UESTPER.EXE,368640
INFRASOFT\UESTPRES.EXE,UESTPRES.EXE,438272
INFRASOFT\UESTVENG.EXE,UESTVENG.EXE,925696
INFRASOFT\UETACABA.EXE,UETACABA.EXE,827392
INFRASOFT\UETCLIVE.EXE,UETCLIVE.EXE,339968
INFRASOFT\UETICLI.EXE,UETICLI.EXE,626688
INFRASOFT\UETIPRO.EXE,UETIPRO.EXE,311296
INFRASOFT\UETIQCLA.EXE,UETIQCLA.EXE,421888
INFRASOFT\UETQ2AVU.EXE,UETQ2AVU.EXE,602112
INFRASOFT\UETQAVUL.EXE,UETQAVUL.EXE,450560
INFRASOFT\UETQCAVU.EXE,UETQCAVU.EXE,2752512
INFRASOFT\UETQCBRE.EXE,UETQCBRE.EXE,413696
INFRASOFT\UETQCXCA.EXE,UETQCXCA.EXE,397312
INFRASOFT\UETQDEST.EXE,UETQDEST.EXE,270336
INFRASOFT\UETQMOD.EXE,UETQMOD.EXE,536576
INFRASOFT\UETQPAVU.EXE,UETQPAVU.EXE,323584
INFRASOFT\UETQROTP.EXE,UETQROTP.EXE,323584
INFRASOFT\UEXCREFE.EXE,UEXCREFE.EXE,335872
INFRASOFT\UEXMLNFE.EXE,UEXMLNFE.EXE,7987200
INFRASOFT\UEXPCLIE.EXE,UEXPCLIE.EXE,360448
INFRASOFT\UEXPLOPE.EXE,UEXPLOPE.EXE,1306624
INFRASOFT\UEXPMATE.EXE,UEXPMATE.EXE,262144
INFRASOFT\UEXPNFTX.EXE,UEXPNFTX.EXE,303104
INFRASOFT\UEXPORCC.EXE,UEXPORCC.EXE,413696
INFRASOFT\UEXPPEDI.EXE,UEXPPEDI.EXE,401408
INFRASOFT\UEXPSPED.EXE,UEXPSPED.EXE,606208
INFRASOFT\UEXPXLSP.EXE,UEXPXLSP.EXE,319488
INFRASOFT\UEXPXMLS.EXE,UEXPXMLS.EXE,352256
INFRASOFT\UEXREFCP.EXE,UEXREFCP.EXE,8318976
INFRASOFT\UEXUNGER.EXE,UEXUNGER.EXE,434176
INFRASOFT\UFALTAPR.EXE,UFALTAPR.EXE,483328
INFRASOFT\UFATAUTO.EXE,UFATAUTO.EXE,5365760
INFRASOFT\UFATORES.EXE,UFATORES.EXE,413696
INFRASOFT\UFATOUTE.EXE,UFATOUTE.EXE,241664
INFRASOFT\UFATPRDV.EXE,UFATPRDV.EXE,483328
INFRASOFT\UFATPTIP.EXE,UFATPTIP.EXE,311296
INFRASOFT\UFATSATO.EXE,UFATSATO.EXE,237568
INFRASOFT\UFAVORIT.EXE,UFAVORIT.EXE,249856
INFRASOFT\UFCHPRGB.EXE,UFCHPRGB.EXE,835584
INFRASOFT\UFCTRETP.EXE,UFCTRETP.EXE,270336
INFRASOFT\UFCTSEMR.EXE,UFCTSEMR.EXE,266240
INFRASOFT\UFEIRA.EXE,UFEIRA.EXE,1089536
INFRASOFT\UFICAUXI.EXE,UFICAUXI.EXE,1265664
INFRASOFT\UFICCHEQ.EXE,UFICCHEQ.EXE,425984
INFRASOFT\UFICCORT.EXE,UFICCORT.EXE,4640768
INFRASOFT\UFICCTFA.EXE,UFICCTFA.EXE,3694592
INFRASOFT\UFICFAUX.EXE,UFICFAUX.EXE,2367488
INFRASOFT\UFICOBR.EXE,UFICOBR.EXE,6946816
INFRASOFT\UFICPROD.EXE,UFICPROD.EXE,9535488
INFRASOFT\UFIL2CGE.EXE,UFIL2CGE.EXE,303104
INFRASOFT\UFIL2COM.EXE,UFIL2COM.EXE,393216
INFRASOFT\UFIL2ETQ.EXE,UFIL2ETQ.EXE,253952
INFRASOFT\UFIL2MAP.EXE,UFIL2MAP.EXE,1601536
INFRASOFT\UFIL2MSM.EXE,UFIL2MSM.EXE,401408
INFRASOFT\UFIL3CGE.EXE,UFIL3CGE.EXE,299008
INFRASOFT\UFILAPRC.EXE,UFILAPRC.EXE,393216
INFRASOFT\UFILAPRM.EXE,UFILAPRM.EXE,434176
INFRASOFT\UFILAPRR.EXE,UFILAPRR.EXE,471040
INFRASOFT\UFILCABC.EXE,UFILCABC.EXE,303104
INFRASOFT\UFILCHEV.EXE,UFILCHEV.EXE,389120
INFRASOFT\UFILCMPF.EXE,UFILCMPF.EXE,344064
INFRASOFT\UFILCOMG.EXE,UFILCOMG.EXE,684032
INFRASOFT\UFILCOMV.EXE,UFILCOMV.EXE,1712128
INFRASOFT\UFILCONB.EXE,UFILCONB.EXE,307200
INFRASOFT\UFILCONF.EXE,UFILCONF.EXE,417792
INFRASOFT\UFILCONT.EXE,UFILCONT.EXE,278528
INFRASOFT\UFILCORT.EXE,UFILCORT.EXE,307200
INFRASOFT\UFILDESE.EXE,UFILDESE.EXE,307200
INFRASOFT\UFILDPLB.EXE,UFILDPLB.EXE,643072
INFRASOFT\UFILDPLE.EXE,UFILDPLE.EXE,2007040
INFRASOFT\UFILDPLQ.EXE,UFILDPLQ.EXE,294912
INFRASOFT\UFILEEXE.EXE,UFILEEXE.EXE,1458176
INFRASOFT\UFILEMAP.EXE,UFILEMAP.EXE,344064
INFRASOFT\UFILETQA.EXE,UFILETQA.EXE,397312
INFRASOFT\UFILETQC.EXE,UFILETQC.EXE,3317760
INFRASOFT\UFILETQO.EXE,UFILETQO.EXE,258048
INFRASOFT\UFILEXCE.EXE,UFILEXCE.EXE,712704
INFRASOFT\UFILEXES.EXE,UFILEXES.EXE,1298432
INFRASOFT\UFILEXPR.EXE,UFILEXPR.EXE,512000
INFRASOFT\UFILFATU.EXE,UFILFATU.EXE,6393856
INFRASOFT\UFILFICS.EXE,UFILFICS.EXE,270336
INFRASOFT\UFILHIST.EXE,UFILHIST.EXE,335872
INFRASOFT\UFILIMPB.EXE,UFILIMPB.EXE,1605632
INFRASOFT\UFILMAPB.EXE,UFILMAPB.EXE,1490944
INFRASOFT\UFILMAPE.EXE,UFILMAPE.EXE,630784
INFRASOFT\UFILMAPP.EXE,UFILMAPP.EXE,561152
INFRASOFT\UFILMENV.EXE,UFILMENV.EXE,356352
INFRASOFT\UFILMINU.EXE,UFILMINU.EXE,331776
INFRASOFT\UFILMSMA.EXE,UFILMSMA.EXE,356352
INFRASOFT\UFILOCOD.EXE,UFILOCOD.EXE,294912
INFRASOFT\UFILPAGD.EXE,UFILPAGD.EXE,786432
INFRASOFT\UFILPEDE.EXE,UFILPEDE.EXE,323584
INFRASOFT\UFILPOSB.EXE,UFILPOSB.EXE,1912832
INFRASOFT\UFILPOSG.EXE,UFILPOSG.EXE,401408
INFRASOFT\UFILPROL.EXE,UFILPROL.EXE,286720
INFRASOFT\UFILRCOL.EXE,UFILRCOL.EXE,454656
INFRASOFT\UFILRCON.EXE,UFILRCON.EXE,425984
INFRASOFT\UFILRECD.EXE,UFILRECD.EXE,454656
INFRASOFT\UFILREFC.EXE,UFILREFC.EXE,348160
INFRASOFT\UFILREFF.EXE,UFILREFF.EXE,307200
INFRASOFT\UFILRESE.EXE,UFILRESE.EXE,2068480
INFRASOFT\UFILROTF.EXE,UFILROTF.EXE,1253376
INFRASOFT\UFILROTO.EXE,UFILROTO.EXE,323584
INFRASOFT\UFILRSEP.EXE,UFILRSEP.EXE,442368
INFRASOFT\UFILSINT.EXE,UFILSINT.EXE,331776
INFRASOFT\UFILTOTP.EXE,UFILTOTP.EXE,352256
INFRASOFT\UFILTRCP.EXE,UFILTRCP.EXE,536576
INFRASOFT\UFIMSOLM.EXE,UFIMSOLM.EXE,1150976
INFRASOFT\UFINANCE.EXE,UFINANCE.EXE,10522624
INFRASOFT\UFINANTL.EXE,UFINANTL.EXE,4386816
INFRASOFT\UFINECTA.EXE,UFINECTA.EXE,5038080
INFRASOFT\UFISCAL.EXE,UFISCAL.EXE,249856
INFRASOFT\UFLEMPFO.EXE,UFLEMPFO.EXE,11010048
INFRASOFT\UFLEXIVE.EXE,UFLEXIVE.EXE,692224
INFRASOFT\UFLEXTFU.EXE,UFLEXTFU.EXE,770048
INFRASOFT\UFLFUNCI.EXE,UFLFUNCI.EXE,3100672
INFRASOFT\UFLMENRE.EXE,UFLMENRE.EXE,1167360
INFRASOFT\UFLMENUM.EXE,UFLMENUM.EXE,4292608
INFRASOFT\UFLPORAU.EXE,UFLPORAU.EXE,3682304
INFRASOFT\UFLTERRS.EXE,UFLTERRS.EXE,364544
INFRASOFT\UFLUXO.EXE,UFLUXO.EXE,1970176
INFRASOFT\UFMAPMSH.EXE,UFMAPMSH.EXE,352256
INFRASOFT\UFMAPPRO.EXE,UFMAPPRO.EXE,323584
INFRASOFT\UFOLVEND.EXE,UFOLVEND.EXE,901120
INFRASOFT\UFORCAUT.EXE,UFORCAUT.EXE,7585792
INFRASOFT\UFORMAS.EXE,UFORMAS.EXE,987136
INFRASOFT\UFORNECE.EXE,UFORNECE.EXE,6438912
INFRASOFT\UFPV.EXE,UFPV.EXE,2445312
INFRASOFT\UFRETES.EXE,UFRETES.EXE,4558848
INFRASOFT\UFRETEX.EXE,UFRETEX.EXE,4542464
INFRASOFT\UFTCAROR.EXE,UFTCAROR.EXE,6635520
INFRASOFT\UGARALTE.EXE,UGARALTE.EXE,319488
INFRASOFT\UGARDOMI.EXE,UGARDOMI.EXE,335872
INFRASOFT\UGARQGXI.EXE,UGARQGXI.EXE,2871296
INFRASOFT\UGARQMTX.EXE,UGARQMTX.EXE,2895872
INFRASOFT\UGARQNEO.EXE,UGARQNEO.EXE,2871296
INFRASOFT\UGARREDF.EXE,UGARREDF.EXE,512000
INFRASOFT\UGARREDF_BKP.EXE,UGARREDF_BKP.EXE,393216
INFRASOFT\UGASPED.EXE,UGASPED.EXE,925696
INFRASOFT\UGCBAL.EXE,UGCBAL.EXE,507904
INFRASOFT\UGCFICMP.EXE,UGCFICMP.EXE,831488
INFRASOFT\UGCFIVAP.EXE,UGCFIVAP.EXE,802816
INFRASOFT\UGCUSEXP.EXE,UGCUSEXP.EXE,401408
INFRASOFT\UGDCHREC.EXE,UGDCHREC.EXE,1937408
INFRASOFT\UGERAB24.EXE,UGERAB24.EXE,1024000
INFRASOFT\UGERABAN.EXE,UGERABAN.EXE,2445312
INFRASOFT\UGERACOR.EXE,UGERACOR.EXE,2117632
INFRASOFT\UGERBOLA.EXE,UGERBOLA.EXE,512000
INFRASOFT\UGERCOMP.EXE,UGERCOMP.EXE,5054464
INFRASOFT\UGERENTE.EXE,UGERENTE.EXE,491520
INFRASOFT\UGERPLAI.EXE,UGERPLAI.EXE,2035712
INFRASOFT\UGERRESE.EXE,UGERRESE.EXE,262144
INFRASOFT\UGERSISP.EXE,UGERSISP.EXE,626688
INFRASOFT\UGETPEDO.EXE,UGETPEDO.EXE,565248
INFRASOFT\UGNPGIMP.EXE,UGNPGIMP.EXE,237568
INFRASOFT\UGPESPRO.EXE,UGPESPRO.EXE,753664
INFRASOFT\UGRAU1.EXE,UGRAU1.EXE,1900544
INFRASOFT\UGRAU2.EXE,UGRAU2.EXE,1769472
INFRASOFT\UGRAU3.EXE,UGRAU3.EXE,1662976
INFRASOFT\UGRAU4.EXE,UGRAU4.EXE,1593344
INFRASOFT\UGRAU5.EXE,UGRAU5.EXE,1511424
INFRASOFT\UGRAU6.EXE,UGRAU6.EXE,1437696
INFRASOFT\UGRAVCOD.EXE,UGRAVCOD.EXE,405504
INFRASOFT\UGRAVFOT.EXE,UGRAVFOT.EXE,364544
INFRASOFT\UGRAVPRO.EXE,UGRAVPRO.EXE,380928
INFRASOFT\UGRAVSIS.EXE,UGRAVSIS.EXE,1433600
INFRASOFT\UGRCLAPR.EXE,UGRCLAPR.EXE,401408
INFRASOFT\UGRCOMPR.EXE,UGRCOMPR.EXE,2834432
INFRASOFT\UGRENFEN.EXE,UGRENFEN.EXE,6590464
INFRASOFT\UGRMVCLI.EXE,UGRMVCLI.EXE,466944
INFRASOFT\UGRMVSET.EXE,UGRMVSET.EXE,466944
INFRASOFT\UGRMVVEN.EXE,UGRMVVEN.EXE,471040
INFRASOFT\UGRPACB.EXE,UGRPACB.EXE,438272
INFRASOFT\UGRPCORE.EXE,UGRPCORE.EXE,389120
INFRASOFT\UGRPPREC.EXE,UGRPPREC.EXE,389120
INFRASOFT\UGRSALDF.EXE,UGRSALDF.EXE,323584
INFRASOFT\UGRUPOS.EXE,UGRUPOS.EXE,565248
INFRASOFT\UGRVABCO.EXE,UGRVABCO.EXE,495616
INFRASOFT\UGRVACCO.EXE,UGRVACCO.EXE,475136
INFRASOFT\UGRVBCON.EXE,UGRVBCON.EXE,655360
INFRASOFT\UGRVCCON.EXE,UGRVCCON.EXE,655360
INFRASOFT\UGRVCONT.EXE,UGRVCONT.EXE,651264
INFRASOFT\UGRVMOVA.EXE,UGRVMOVA.EXE,372736
INFRASOFT\UGRVPESA.EXE,UGRVPESA.EXE,389120
INFRASOFT\UGTESPAG.EXE,UGTESPAG.EXE,7352320
INFRASOFT\UGXABOUT.EXE,UGXABOUT.EXE,229376
INFRASOFT\UGXSETFR.EXE,UGXSETFR.EXE,229376
INFRASOFT\UHISTDUP.EXE,UHISTDUP.EXE,270336
INFRASOFT\UHISTRES.EXE,UHISTRES.EXE,348160
INFRASOFT\UICWEBEX.EXE,UICWEBEX.EXE,1077248
INFRASOFT\UICWEBPE.EXE,UICWEBPE.EXE,2641920
INFRASOFT\UIDPLZER.EXE,UIDPLZER.EXE,290816
INFRASOFT\UIDPSSGR.EXE,UIDPSSGR.EXE,307200
INFRASOFT\UIESPIND.EXE,UIESPIND.EXE,2850816
INFRASOFT\UIMARQNF.EXE,UIMARQNF.EXE,3186688
INFRASOFT\UIMDUPAR.EXE,UIMDUPAR.EXE,344064
INFRASOFT\UIMNFAUT.EXE,UIMNFAUT.EXE,3137536
INFRASOFT\UIMPAUTN.EXE,UIMPAUTN.EXE,1298432
INFRASOFT\UIMPAUTN_ori.EXE,UIMPAUTN_ori.EXE,1159168
INFRASOFT\UIMPAUTP.EXE,UIMPAUTP.EXE,8568832
INFRASOFT\UIMPBETP.EXE,UIMPBETP.EXE,368640
INFRASOFT\UIMPCLI.EXE,UIMPCLI.EXE,585728
INFRASOFT\UIMPDIPI.EXE,UIMPDIPI.EXE,278528
INFRASOFT\UIMPESTO.EXE,UIMPESTO.EXE,716800
INFRASOFT\UIMPEXP.EXE,UIMPEXP.EXE,282624
INFRASOFT\UIMPFAT.EXE,UIMPFAT.EXE,757760
INFRASOFT\UIMPFATT.EXE,UIMPFATT.EXE,389120
INFRASOFT\UIMPFICT.EXE,UIMPFICT.EXE,344064
INFRASOFT\UIMPFRAN.EXE,UIMPFRAN.EXE,385024
INFRASOFT\UIMPFRE.EXE,UIMPFRE.EXE,434176
INFRASOFT\UIMPFREC.EXE,UIMPFREC.EXE,425984
INFRASOFT\UIMPFREE.EXE,UIMPFREE.EXE,499712
INFRASOFT\UIMPFREF.EXE,UIMPFREF.EXE,360448
INFRASOFT\UIMPFRET.EXE,UIMPFRET.EXE,364544
INFRASOFT\UIMPFREV.EXE,UIMPFREV.EXE,438272
INFRASOFT\UIMPMEDD.EXE,UIMPMEDD.EXE,565248
INFRASOFT\UIMPMOVF.EXE,UIMPMOVF.EXE,638976
INFRASOFT\UIMPNO20.EXE,UIMPNO20.EXE,770048
INFRASOFT\UIMPNOTA.EXE,UIMPNOTA.EXE,1998848
INFRASOFT\UIMPORC.EXE,UIMPORC.EXE,950272
INFRASOFT\UIMPORCD.EXE,UIMPORCD.EXE,294912
INFRASOFT\UIMPORCT.EXE,UIMPORCT.EXE,479232
INFRASOFT\UIMPORCX.EXE,UIMPORCX.EXE,413696
INFRASOFT\UIMPPEDC.EXE,UIMPPEDC.EXE,393216
INFRASOFT\UIMPPEDX.EXE,UIMPPEDX.EXE,1028096
INFRASOFT\UIMPPHAR.EXE,UIMPPHAR.EXE,495616
INFRASOFT\UIMPPLAA.EXE,UIMPPLAA.EXE,319488
INFRASOFT\UIMPPRES.EXE,UIMPPRES.EXE,401408
INFRASOFT\UIMPPREX.EXE,UIMPPREX.EXE,290816
INFRASOFT\UIMPRGEV.EXE,UIMPRGEV.EXE,286720
INFRASOFT\UIMPRINO.EXE,UIMPRINO.EXE,4149248
INFRASOFT\uimprinota.exe,uimprinota.exe,4096
INFRASOFT\UIMPRINO_ori.EXE,UIMPRINO_ori.EXE,5730304
INFRASOFT\UIMPRPSV.EXE,UIMPRPSV.EXE,2617344
INFRASOFT\UIMPSPED.EXE,UIMPSPED.EXE,524288
INFRASOFT\UIMPSTKR.EXE,UIMPSTKR.EXE,978944
INFRASOFT\UIMPTEMP.EXE,UIMPTEMP.EXE,294912
INFRASOFT\UIMPTOTV.EXE,UIMPTOTV.EXE,430080
INFRASOFT\UIMPUNI5.EXE,UIMPUNI5.EXE,2236416
INFRASOFT\UINATCLI.EXE,UINATCLI.EXE,393216
INFRASOFT\UINCCONH.EXE,UINCCONH.EXE,323584
INFRASOFT\UINCNCOM.EXE,UINCNCOM.EXE,811008
INFRASOFT\UINDAGEN.EXE,UINDAGEN.EXE,913408
INFRASOFT\UINDAVIC.EXE,UINDAVIC.EXE,266240
INFRASOFT\UINDCONA.EXE,UINDCONA.EXE,311296
INFRASOFT\UINDCONT.EXE,UINDCONT.EXE,5066752
INFRASOFT\UINDETLM.EXE,UINDETLM.EXE,823296
INFRASOFT\UINDEVEN.EXE,UINDEVEN.EXE,4825088
INFRASOFT\UINDFILL.EXE,UINDFILL.EXE,352256
INFRASOFT\UINDFILN.EXE,UINDFILN.EXE,335872
INFRASOFT\UINDFILP.EXE,UINDFILP.EXE,319488
INFRASOFT\UINDFILS.EXE,UINDFILS.EXE,315392
INFRASOFT\UINDGERC.EXE,UINDGERC.EXE,7499776
INFRASOFT\UINDPROC.EXE,UINDPROC.EXE,1089536
INFRASOFT\UINDQUAL.EXE,UINDQUAL.EXE,585728
INFRASOFT\UINDSITU.EXE,UINDSITU.EXE,401408
INFRASOFT\UINDTLMA.EXE,UINDTLMA.EXE,1101824
INFRASOFT\UINDTLME.EXE,UINDTLME.EXE,1191936
INFRASOFT\UINDTLMR.EXE,UINDTLMR.EXE,827392
INFRASOFT\UINDVENC.EXE,UINDVENC.EXE,4759552
INFRASOFT\UINFRAEA.EXE,UINFRAEA.EXE,630784
INFRASOFT\UINLIVRO.EXE,UINLIVRO.EXE,794624
INFRASOFT\UINOOBS.EXE,UINOOBS.EXE,311296
INFRASOFT\UINTORCA.EXE,UINTORCA.EXE,286720
INFRASOFT\UINVESTI.EXE,UINVESTI.EXE,344064
INFRASOFT\UINVPCK.EXE,UINVPCK.EXE,3227648
INFRASOFT\UIREFMAT.EXE,UIREFMAT.EXE,765952
INFRASOFT\UITEMFAT.EXE,UITEMFAT.EXE,282624
INFRASOFT\UIXMLNFE.EXE,UIXMLNFE.EXE,6254592
INFRASOFT\ULANCCRE.EXE,ULANCCRE.EXE,1200128
INFRASOFT\ULANDOBB.EXE,ULANDOBB.EXE,737280
INFRASOFT\ULANEMPM.EXE,ULANEMPM.EXE,1024000
INFRASOFT\ULANMOVD.EXE,ULANMOVD.EXE,913408
INFRASOFT\ULARFATP.EXE,ULARFATP.EXE,6766592
INFRASOFT\ULCAIXA.EXE,ULCAIXA.EXE,376832
INFRASOFT\ULERXML.EXE,ULERXML.EXE,675840
INFRASOFT\ULGCWP.EXE,ULGCWP.EXE,344064
INFRASOFT\ULIMCREY.EXE,ULIMCREY.EXE,307200
INFRASOFT\ULIMPADP.EXE,ULIMPADP.EXE,262144
INFRASOFT\ULIMPEZA.EXE,ULIMPEZA.EXE,512000
INFRASOFT\ULIMPPLA.EXE,ULIMPPLA.EXE,335872
INFRASOFT\ULIQUIDE.EXE,ULIQUIDE.EXE,360448
INFRASOFT\ULISERRP.EXE,ULISERRP.EXE,270336
INFRASOFT\ULISGER.EXE,ULISGER.EXE,249856
INFRASOFT\ULISMOVM.EXE,ULISMOVM.EXE,327680
INFRASOFT\ULISORCF.EXE,ULISORCF.EXE,294912
INFRASOFT\ULISPRE.EXE,ULISPRE.EXE,475136
INFRASOFT\ULISPRET.EXE,ULISPRET.EXE,438272
INFRASOFT\ULISTEMP.EXE,ULISTEMP.EXE,2854912
INFRASOFT\ULISTEST.EXE,ULISTEST.EXE,421888
INFRASOFT\ULISTGR1.EXE,ULISTGR1.EXE,1892352
INFRASOFT\ULISTGR2.EXE,ULISTGR2.EXE,1757184
INFRASOFT\ULISTGR3.EXE,ULISTGR3.EXE,1646592
INFRASOFT\ULISTGR4.EXE,ULISTGR4.EXE,1581056
INFRASOFT\ULISTGR5.EXE,ULISTGR5.EXE,1499136
INFRASOFT\ULISTGR6.EXE,ULISTGR6.EXE,1425408
INFRASOFT\ULISTPRO.EXE,ULISTPRO.EXE,352256
INFRASOFT\ULIVRORE.EXE,ULIVRORE.EXE,806912
INFRASOFT\ULLIVENT.EXE,ULLIVENT.EXE,319488
INFRASOFT\ULLIVSAI.EXE,ULLIVSAI.EXE,577536
INFRASOFT\ULMONCAG.EXE,ULMONCAG.EXE,4341760
INFRASOFT\ULMOVSAI.EXE,ULMOVSAI.EXE,2158592
INFRASOFT\ULOCAIS.EXE,ULOCAIS.EXE,458752
INFRASOFT\ULOGRESC.EXE,ULOGRESC.EXE,393216
INFRASOFT\UltraVNC_1.0.9.6.2_Setup.exe,UltraVNC_1.0.9.6.2_Setup.exe,3846336
INFRASOFT\UltraVNC_Setup.exe,UltraVNC_Setup.exe,3007336
INFRASOFT\UltraVNC_Setup_X64.exe,UltraVNC_Setup_X64.exe,3451392
INFRASOFT\UMACABAD.EXE,UMACABAD.EXE,442368
INFRASOFT\UMACACBD.EXE,UMACACBD.EXE,401408
INFRASOFT\UMANPVEN.EXE,UMANPVEN.EXE,466944
INFRASOFT\UMANUMAQ.EXE,UMANUMAQ.EXE,3657728
INFRASOFT\UMAPCONS.EXE,UMAPCONS.EXE,483328
INFRASOFT\UMAPEQTV.EXE,UMAPEQTV.EXE,319488
INFRASOFT\UMAPFALP.EXE,UMAPFALP.EXE,327680
INFRASOFT\UMAPPLAB.EXE,UMAPPLAB.EXE,454656
INFRASOFT\UMAPPLAK.EXE,UMAPPLAK.EXE,249856
INFRASOFT\UMAPS.EXE,UMAPS.EXE,245760
INFRASOFT\UMAPTIPD.EXE,UMAPTIPD.EXE,299008
INFRASOFT\UMAPVENC.EXE,UMAPVENC.EXE,405504
INFRASOFT\UMARCAS.EXE,UMARCAS.EXE,397312
INFRASOFT\UMARCASC.EXE,UMARCASC.EXE,352256
INFRASOFT\UMARGORC.EXE,UMARGORC.EXE,262144
INFRASOFT\UMASSHAP.EXE,UMASSHAP.EXE,364544
INFRASOFT\UMASTERP.EXE,UMASTERP.EXE,282624
INFRASOFT\UMASTERS.EXE,UMASTERS.EXE,4345856
INFRASOFT\UMATABXM.EXE,UMATABXM.EXE,364544
INFRASOFT\UMATACU.EXE,UMATACU.EXE,692224
INFRASOFT\UMATAUM.EXE,UMATAUM.EXE,360448
INFRASOFT\UMATCODB.EXE,UMATCODB.EXE,307200
INFRASOFT\UMATERIA.EXE,UMATERIA.EXE,7143424
INFRASOFT\UMATERIC.EXE,UMATERIC.EXE,524288
INFRASOFT\UMATERIF.EXE,UMATERIF.EXE,2850816
INFRASOFT\UMATERIN.EXE,UMATERIN.EXE,7090176
INFRASOFT\UMATNAOM.EXE,UMATNAOM.EXE,376832
INFRASOFT\UMATPOSG.EXE,UMATPOSG.EXE,409600
INFRASOFT\UMATSLOC.EXE,UMATSLOC.EXE,389120
INFRASOFT\UMCEP.EXE,UMCEP.EXE,458752
INFRASOFT\UMCHEQUE.EXE,UMCHEQUE.EXE,425984
INFRASOFT\UMCHEREC.EXE,UMCHEREC.EXE,3235840
INFRASOFT\UMCNTCOR.EXE,UMCNTCOR.EXE,9195520
INFRASOFT\UMCNTVEN.EXE,UMCNTVEN.EXE,4001792
INFRASOFT\UMCNTVEN_dblog.EXE,UMCNTVEN_dblog.EXE,4661248
INFRASOFT\UMCNTVEN_ori.EXE,UMCNTVEN_ori.EXE,4653056
INFRASOFT\UMCOMPRA.EXE,UMCOMPRA.EXE,5521408
INFRASOFT\UMEMPAC.EXE,UMEMPAC.EXE,4837376
INFRASOFT\UMETSET.EXE,UMETSET.EXE,507904
INFRASOFT\UMETVEND.EXE,UMETVEND.EXE,618496
INFRASOFT\UMETVENP.EXE,UMETVENP.EXE,307200
INFRASOFT\UMETVGRM.EXE,UMETVGRM.EXE,524288
INFRASOFT\UMFATAUT.EXE,UMFATAUT.EXE,5234688
INFRASOFT\UMFATURA.EXE,UMFATURA.EXE,6508544
INFRASOFT\UMINDTEL.EXE,UMINDTEL.EXE,475136
INFRASOFT\UMINUTAS.EXE,UMINUTAS.EXE,3702784
INFRASOFT\UMITECMP.EXE,UMITECMP.EXE,552960
INFRASOFT\UMITENFC.EXE,UMITENFC.EXE,610304
INFRASOFT\UMKTPLAC.EXE,UMKTPLAC.EXE,712704
INFRASOFT\UMMATCBL.EXE,UMMATCBL.EXE,823296
INFRASOFT\UMMATLOC.EXE,UMMATLOC.EXE,3121152
INFRASOFT\UMMATPRI.EXE,UMMATPRI.EXE,5521408
INFRASOFT\UMNF_E.EXE,UMNF_E.EXE,8294400
INFRASOFT\UMNTRANS.EXE,UMNTRANS.EXE,372736
INFRASOFT\UMOCANNF.EXE,UMOCANNF.EXE,241664
INFRASOFT\UMODULOS.EXE,UMODULOS.EXE,245760
INFRASOFT\UMORCAME.EXE,UMORCAME.EXE,1302528
INFRASOFT\UMORDEM.EXE,UMORDEM.EXE,3932160
INFRASOFT\UMOTBLOP.EXE,UMOTBLOP.EXE,393216
INFRASOFT\UMOTIVO.EXE,UMOTIVO.EXE,405504
INFRASOFT\UMOVACAB.EXE,UMOVACAB.EXE,790528
INFRASOFT\UMOVDIA.EXE,UMOVDIA.EXE,299008
INFRASOFT\UMOVEST.EXE,UMOVEST.EXE,958464
INFRASOFT\UMOVESTF.EXE,UMOVESTF.EXE,327680
INFRASOFT\UMOVESTP.EXE,UMOVESTP.EXE,696320
INFRASOFT\UMOVESTS.EXE,UMOVESTS.EXE,360448
INFRASOFT\UMOVIMEN.EXE,UMOVIMEN.EXE,4755456
INFRASOFT\UMOVPRSE.EXE,UMOVPRSE.EXE,1855488
INFRASOFT\UMPAGAR.EXE,UMPAGAR.EXE,8929280
INFRASOFT\UMPEDIDO.EXE,UMPEDIDO.EXE,8126464
INFRASOFT\UMPONTO1.EXE,UMPONTO1.EXE,8249344
INFRASOFT\UMRECEBE.EXE,UMRECEBE.EXE,4276224
INFRASOFT\UMRELXE.EXE,UMRELXE.EXE,225280
INFRASOFT\UMSBKPGR.EXE,UMSBKPGR.EXE,274432
INFRASOFT\UMSBKPWI.EXE,UMSBKPWI.EXE,270336
INFRASOFT\UMSCONFI.EXE,UMSCONFI.EXE,270336
INFRASOFT\UMSMSG.EXE,UMSMSG.EXE,229376
INFRASOFT\UMSSELVE.EXE,UMSSELVE.EXE,290816
INFRASOFT\UMTELEMK.EXE,UMTELEMK.EXE,827392
INFRASOFT\UMTESTEC.EXE,UMTESTEC.EXE,323584
INFRASOFT\UMUTIIND.EXE,UMUTIIND.EXE,8163328
INFRASOFT\UMUTILIT.EXE,UMUTILIT.EXE,6504448
INFRASOFT\UMVALORC.EXE,UMVALORC.EXE,282624
INFRASOFT\UMVENDAS.EXE,UMVENDAS.EXE,249856
INFRASOFT\UMVXCXA.EXE,UMVXCXA.EXE,2023424
INFRASOFT\unfecancelamentoteste.exe,unfecancelamentoteste.exe,4096
INFRASOFT\unfecertificadosteste.exe,unfecertificadosteste.exe,4096
INFRASOFT\unfeconsultacadastro.exe,unfeconsultacadastro.exe,4096
INFRASOFT\unfeconsultacadastroteste.exe,unfeconsultacadastroteste.exe,4096
INFRASOFT\unfeconsultateste.exe,unfeconsultateste.exe,4096
INFRASOFT\unfedanfeteste.exe,unfedanfeteste.exe,4096
INFRASOFT\unfedebug.exe,unfedebug.exe,4096
INFRASOFT\UNFEDTAI.EXE,UNFEDTAI.EXE,458752
INFRASOFT\unfeefdcarregateste.exe,unfeefdcarregateste.exe,4096
INFRASOFT\unfeefdccecarregateste.exe,unfeefdccecarregateste.exe,4096
INFRASOFT\unfeefdgerateste.exe,unfeefdgerateste.exe,4096
INFRASOFT\UNFEFOR.EXE,UNFEFOR.EXE,352256
INFRASOFT\unfeinutilizacao.exe,unfeinutilizacao.exe,4096
INFRASOFT\unfeinutilizacaoteste.exe,unfeinutilizacaoteste.exe,4096
INFRASOFT\UNFELIVF.EXE,UNFELIVF.EXE,851968
INFRASOFT\unferecepcaoeventoteste.exe,unferecepcaoeventoteste.exe,4096
INFRASOFT\unferecepcaoteste.exe,unferecepcaoteste.exe,4096
INFRASOFT\unferetrecepcaoteste.exe,unferetrecepcaoteste.exe,4096
INFRASOFT\unfestatusservicoteste.exe,unfestatusservicoteste.exe,4096
INFRASOFT\UNFEVDTA.EXE,UNFEVDTA.EXE,331776
INFRASOFT\UNFINPPL.EXE,UNFINPPL.EXE,425984
INFRASOFT\UNFISENT.EXE,UNFISENT.EXE,6635520
INFRASOFT\UNFISOCI.EXE,UNFISOCI.EXE,2740224
INFRASOFT\UNFISPCI.EXE,UNFISPCI.EXE,5709824
INFRASOFT\UNFPREST.EXE,UNFPREST.EXE,3506176
INFRASOFT\UNFSDEVO.EXE,UNFSDEVO.EXE,671744
INFRASOFT\UNFSINDU.EXE,UNFSINDU.EXE,4038656
INFRASOFT\UNFSPED.EXE,UNFSPED.EXE,282624
INFRASOFT\UNFSPLRT.EXE,UNFSPLRT.EXE,2789376
INFRASOFT\UNOTACOM.EXE,UNOTACOM.EXE,8179712
INFRASOFT\UNOTAFIS.EXE,UNOTAFIS.EXE,8048640
INFRASOFT\UNOTAPAU.EXE,UNOTAPAU.EXE,262144
INFRASOFT\UNOTASER.EXE,UNOTASER.EXE,5070848
INFRASOFT\UNOTDCLI.EXE,UNOTDCLI.EXE,323584
INFRASOFT\UNOTFISC.EXE,UNOTFISC.EXE,929792
INFRASOFT\UNOTFISI.EXE,UNOTFISI.EXE,3411968
INFRASOFT\UNOTITEC.EXE,UNOTITEC.EXE,1916928
INFRASOFT\UNOTITEI.EXE,UNOTITEI.EXE,2154496
INFRASOFT\UNOTLIV.EXE,UNOTLIV.EXE,311296
INFRASOFT\UNOTTCOM.EXE,UNOTTCOM.EXE,712704
INFRASOFT\UNUMEROS.EXE,UNUMEROS.EXE,290816
INFRASOFT\UNUMPED.EXE,UNUMPED.EXE,8871936
INFRASOFT\UOBREMI.EXE,UOBREMI.EXE,385024
INFRASOFT\UOBRIGAC.EXE,UOBRIGAC.EXE,9269248
INFRASOFT\UOBSCLIE.EXE,UOBSCLIE.EXE,270336
INFRASOFT\UOBSITE.EXE,UOBSITE.EXE,389120
INFRASOFT\UOCESFAT.EXE,UOCESFAT.EXE,364544
INFRASOFT\UODBCVER.EXE,UODBCVER.EXE,241664
INFRASOFT\UODEVCNS.EXE,UODEVCNS.EXE,1150976
INFRASOFT\UORCALIB.EXE,UORCALIB.EXE,708608
INFRASOFT\UORCAMEN.EXE,UORCAMEN.EXE,3465216
INFRASOFT\UORCATLM.EXE,UORCATLM.EXE,385024
INFRASOFT\UORCAUSU.EXE,UORCAUSU.EXE,3383296
INFRASOFT\UORCBMEN.EXE,UORCBMEN.EXE,4362240
INFRASOFT\UORCCLI.EXE,UORCCLI.EXE,3772416
INFRASOFT\UORCFATE.EXE,UORCFATE.EXE,282624
INFRASOFT\UORCFATU.EXE,UORCFATU.EXE,8208384
INFRASOFT\UORCFBTU.EXE,UORCFBTU.EXE,7639040
INFRASOFT\UORCFTCB.EXE,UORCFTCB.EXE,8151040
INFRASOFT\UORCFUSU.EXE,UORCFUSU.EXE,6426624
INFRASOFT\UORCLIBD.EXE,UORCLIBD.EXE,7634944
INFRASOFT\UORCLIBF.EXE,UORCLIBF.EXE,1204224
INFRASOFT\UORCNFE.EXE,UORCNFE.EXE,3817472
INFRASOFT\UORCOTFA.EXE,UORCOTFA.EXE,8093696
INFRASOFT\UORCPNDI.EXE,UORCPNDI.EXE,839680
INFRASOFT\UORCPROB.EXE,UORCPROB.EXE,335872
INFRASOFT\UORCPROD.EXE,UORCPROD.EXE,6868992
INFRASOFT\UORCRESE.EXE,UORCRESE.EXE,434176
INFRASOFT\UORCSDES.EXE,UORCSDES.EXE,331776
INFRASOFT\UORCSFAT.EXE,UORCSFAT.EXE,3096576
INFRASOFT\UORCSGRA.EXE,UORCSGRA.EXE,3158016
INFRASOFT\UORCVENS.EXE,UORCVENS.EXE,458752
INFRASOFT\UORDCMP.EXE,UORDCMP.EXE,8515584
INFRASOFT\UORDPROD.EXE,UORDPROD.EXE,6291456
INFRASOFT\UORVCOMP.EXE,UORVCOMP.EXE,307200
INFRASOFT\UPAIESTU.EXE,UPAIESTU.EXE,262144
INFRASOFT\UPAINELP.EXE,UPAINELP.EXE,331776
INFRASOFT\UPDCDTAI.EXE,UPDCDTAI.EXE,294912
INFRASOFT\UPDCPREE.EXE,UPDCPREE.EXE,561152
INFRASOFT\UPDCPROE.EXE,UPDCPROE.EXE,581632
INFRASOFT\UPDCPROF.EXE,UPDCPROF.EXE,479232
INFRASOFT\UPDCS31.EXE,UPDCS31.EXE,380928
INFRASOFT\UPDISPRO.EXE,UPDISPRO.EXE,2408448
INFRASOFT\UPECAS.EXE,UPECAS.EXE,425984
INFRASOFT\UPEDCAR.EXE,UPEDCAR.EXE,290816
INFRASOFT\UPEDCARI.EXE,UPEDCARI.EXE,282624
INFRASOFT\UPEDCMP.EXE,UPEDCMP.EXE,6959104
INFRASOFT\UPEDCNDP.EXE,UPEDCNDP.EXE,1691648
INFRASOFT\UPEDCNEN.EXE,UPEDCNEN.EXE,712704
INFRASOFT\UPEDECMP.EXE,UPEDECMP.EXE,712704
INFRASOFT\UPEDEMPQ.EXE,UPEDEMPQ.EXE,258048
INFRASOFT\UPEDENT.EXE,UPEDENT.EXE,1794048
INFRASOFT\UPEDFORN.EXE,UPEDFORN.EXE,360448
INFRASOFT\UPEDFTEN.EXE,UPEDFTEN.EXE,7356416
INFRASOFT\UPEDFTVL.EXE,UPEDFTVL.EXE,335872
INFRASOFT\UPEDIDOS.EXE,UPEDIDOS.EXE,7061504
INFRASOFT\UPEDNOT.EXE,UPEDNOT.EXE,7421952
INFRASOFT\UPEDNOTA.EXE,UPEDNOTA.EXE,7401472
INFRASOFT\UPEDONLI.EXE,UPEDONLI.EXE,733184
INFRASOFT\UPEDQTDV.EXE,UPEDQTDV.EXE,241664
INFRASOFT\UPEDVARE.EXE,UPEDVARE.EXE,385024
INFRASOFT\UPEDVECL.EXE,UPEDVECL.EXE,466944
INFRASOFT\UPERINDS.EXE,UPERINDS.EXE,7610368
INFRASOFT\UPERSAL.EXE,UPERSAL.EXE,9678848
INFRASOFT\UPESOCOR.EXE,UPESOCOR.EXE,847872
INFRASOFT\UPESQN.EXE,UPESQN.EXE,249856
INFRASOFT\UPESQUIS.EXE,UPESQUIS.EXE,258048
INFRASOFT\UPFATCLI.EXE,UPFATCLI.EXE,331776
INFRASOFT\UPFATDIS.EXE,UPFATDIS.EXE,5902336
INFRASOFT\UPFTFCHD.EXE,UPFTFCHD.EXE,303104
INFRASOFT\UPLAACB.EXE,UPLAACB.EXE,1368064
INFRASOFT\UPLADIA.EXE,UPLADIA.EXE,331776
INFRASOFT\UPLAESTE.EXE,UPLAESTE.EXE,348160
INFRASOFT\UPLANCCO.EXE,UPLANCCO.EXE,856064
INFRASOFT\UPLANODA.EXE,UPLANODA.EXE,3682304
INFRASOFT\UPLANOS.EXE,UPLANOS.EXE,3805184
INFRASOFT\UPLAPROC.EXE,UPLAPROC.EXE,729088
INFRASOFT\UPLAPROD.EXE,UPLAPROD.EXE,1785856
INFRASOFT\UPLASECP.EXE,UPLASECP.EXE,479232
INFRASOFT\UPOSCLIE.EXE,UPOSCLIE.EXE,884736
INFRASOFT\UPOSEST.EXE,UPOSEST.EXE,602112
INFRASOFT\UPOSGER.EXE,UPOSGER.EXE,356352
INFRASOFT\UPOSITEM.EXE,UPOSITEM.EXE,2428928
INFRASOFT\UPOSPDFC.EXE,UPOSPDFC.EXE,389120
INFRASOFT\UPOSPEDF.EXE,UPOSPEDF.EXE,1183744
INFRASOFT\UPOSPLPI.EXE,UPOSPLPI.EXE,294912
INFRASOFT\UPOSPORD.EXE,UPOSPORD.EXE,1847296
INFRASOFT\UPOSRETC.EXE,UPOSRETC.EXE,393216
INFRASOFT\UPOSVEND.EXE,UPOSVEND.EXE,2027520
INFRASOFT\UPPLAFCP.EXE,UPPLAFCP.EXE,278528
INFRASOFT\UPPLGNFS.EXE,UPPLGNFS.EXE,335872
INFRASOFT\UPPLPNFS.EXE,UPPLPNFS.EXE,344064
INFRASOFT\UPRAZMED.EXE,UPRAZMED.EXE,651264
INFRASOFT\UPRAZPME.EXE,UPRAZPME.EXE,471040
INFRASOFT\UPRDPRO1.EXE,UPRDPRO1.EXE,282624
INFRASOFT\UPRDPRO3.EXE,UPRDPRO3.EXE,282624
INFRASOFT\UPREENTF.EXE,UPREENTF.EXE,557056
INFRASOFT\UPREFIN.EXE,UPREFIN.EXE,372736
INFRASOFT\UPRETBEN.EXE,UPRETBEN.EXE,2973696
INFRASOFT\UPRODCMP.EXE,UPRODCMP.EXE,5402624
INFRASOFT\UPRODMAT.EXE,UPRODMAT.EXE,282624
INFRASOFT\UPRODPRO.EXE,UPRODPRO.EXE,479232
INFRASOFT\UPRODTEM.EXE,UPRODTEM.EXE,270336
INFRASOFT\UPRODVEN.EXE,UPRODVEN.EXE,532480
INFRASOFT\UPROENTF.EXE,UPROENTF.EXE,569344
INFRASOFT\UPROESPL.EXE,UPROESPL.EXE,446464
INFRASOFT\UPROFILC.EXE,UPROFILC.EXE,249856
INFRASOFT\UPROFPV.EXE,UPROFPV.EXE,397312
INFRASOFT\UPROLIST.EXE,UPROLIST.EXE,364544
INFRASOFT\UPROLISV.EXE,UPROLISV.EXE,311296
INFRASOFT\UPRONENF.EXE,UPRONENF.EXE,610304
INFRASOFT\UPRORC.EXE,UPRORC.EXE,303104
INFRASOFT\UPROVCLI.EXE,UPROVCLI.EXE,385024
INFRASOFT\UPROVSET.EXE,UPROVSET.EXE,421888
INFRASOFT\UPROVVEN.EXE,UPROVVEN.EXE,425984
INFRASOFT\UPRVPAGP.EXE,UPRVPAGP.EXE,290816
INFRASOFT\UPSEXPOR.EXE,UPSEXPOR.EXE,290816
INFRASOFT\UQRCODE.EXE,UQRCODE.EXE,237568
INFRASOFT\UQTDFATU.EXE,UQTDFATU.EXE,282624
INFRASOFT\UQTDVND.EXE,UQTDVND.EXE,339968
INFRASOFT\URBALCUS.EXE,URBALCUS.EXE,315392
INFRASOFT\URBLOQDE.EXE,URBLOQDE.EXE,278528
INFRASOFT\URCLIBA.EXE,URCLIBA.EXE,352256
INFRASOFT\URCLIPRD.EXE,URCLIPRD.EXE,1118208
INFRASOFT\URCONFFT.EXE,URCONFFT.EXE,282624
INFRASOFT\URDEVOLU.EXE,URDEVOLU.EXE,753664
INFRASOFT\URDPLREF.EXE,URDPLREF.EXE,462848
INFRASOFT\URECCLIE.EXE,URECCLIE.EXE,610304
INFRASOFT\URECCRED.EXE,URECCRED.EXE,5496832
INFRASOFT\URECEBER.EXE,URECEBER.EXE,5427200
INFRASOFT\URECEITA.EXE,URECEITA.EXE,2338816
INFRASOFT\URECIPRO.EXE,URECIPRO.EXE,1290240
INFRASOFT\URECORC.EXE,URECORC.EXE,7409664
INFRASOFT\URECORCG.EXE,URECORCG.EXE,692224
INFRASOFT\URECPREM.EXE,URECPREM.EXE,1265664
INFRASOFT\UREFEREN.EXE,UREFEREN.EXE,8822784
INFRASOFT\UREFFOTO.EXE,UREFFOTO.EXE,385024
INFRASOFT\UREFNAOV.EXE,UREFNAOV.EXE,307200
INFRASOFT\UREFOBSI.EXE,UREFOBSI.EXE,307200
INFRASOFT\UREFPRV.EXE,UREFPRV.EXE,335872
INFRASOFT\UREFTEXT.EXE,UREFTEXT.EXE,9572352
INFRASOFT\UREIMPCO.EXE,UREIMPCO.EXE,282624
INFRASOFT\URELACPR.EXE,URELACPR.EXE,319488
INFRASOFT\URELBAIX.EXE,URELBAIX.EXE,278528
INFRASOFT\URELBALA.EXE,URELBALA.EXE,802816
INFRASOFT\URELCOLC.EXE,URELCOLC.EXE,376832
INFRASOFT\URELCOMO.EXE,URELCOMO.EXE,299008
INFRASOFT\URELCONF.EXE,URELCONF.EXE,1511424
INFRASOFT\URELCPED.EXE,URELCPED.EXE,995328
INFRASOFT\URELCUSR.EXE,URELCUSR.EXE,294912
INFRASOFT\URELCXA.EXE,URELCXA.EXE,946176
INFRASOFT\URELESTV.EXE,URELESTV.EXE,454656
INFRASOFT\URELETQA.EXE,URELETQA.EXE,307200
INFRASOFT\URELEXPL.EXE,URELEXPL.EXE,430080
INFRASOFT\URELFICS.EXE,URELFICS.EXE,360448
INFRASOFT\URELMDCO.EXE,URELMDCO.EXE,294912
INFRASOFT\URELMOVI.EXE,URELMOVI.EXE,294912
INFRASOFT\URELOCAM.EXE,URELOCAM.EXE,733184
INFRASOFT\URELOGEN.EXE,URELOGEN.EXE,823296
INFRASOFT\URELOGIO.EXE,URELOGIO.EXE,741376
INFRASOFT\URELOGXE.EXE,URELOGXE.EXE,229376
INFRASOFT\URELPEDN.EXE,URELPEDN.EXE,311296
INFRASOFT\URELPOST.EXE,URELPOST.EXE,380928
INFRASOFT\URELPOTC.EXE,URELPOTC.EXE,405504
INFRASOFT\URELPREE.EXE,URELPREE.EXE,274432
INFRASOFT\URELPREF.EXE,URELPREF.EXE,339968
INFRASOFT\URELPROD.EXE,URELPROD.EXE,323584
INFRASOFT\URELPROV.EXE,URELPROV.EXE,303104
INFRASOFT\URELQTDM.EXE,URELQTDM.EXE,3260416
INFRASOFT\URELREF.EXE,URELREF.EXE,352256
INFRASOFT\URELSALS.EXE,URELSALS.EXE,303104
INFRASOFT\URELTPLA.EXE,URELTPLA.EXE,454656
INFRASOFT\URELTRCP.EXE,URELTRCP.EXE,290816
INFRASOFT\URELVALP.EXE,URELVALP.EXE,278528
INFRASOFT\URELVCLI.EXE,URELVCLI.EXE,335872
INFRASOFT\URELVISC.EXE,URELVISC.EXE,307200
INFRASOFT\URELVISV.EXE,URELVISV.EXE,303104
INFRASOFT\URELVND.EXE,URELVND.EXE,331776
INFRASOFT\URELVPED.EXE,URELVPED.EXE,1708032
INFRASOFT\URENTYDI.EXE,URENTYDI.EXE,393216
INFRASOFT\UREPLOC.EXE,UREPLOC.EXE,876544
INFRASOFT\URESACBP.EXE,URESACBP.EXE,2211840
INFRASOFT\URESDEVR.EXE,URESDEVR.EXE,290816
INFRASOFT\URESDPCX.EXE,URESDPCX.EXE,1638400
INFRASOFT\URESET.EXE,URESET.EXE,278528
INFRASOFT\URESLINH.EXE,URESLINH.EXE,557056
INFRASOFT\URESPLAN.EXE,URESPLAN.EXE,516096
INFRASOFT\URESTR01.EXE,URESTR01.EXE,327680
INFRASOFT\URESTRIC.EXE,URESTRIC.EXE,262144
INFRASOFT\URESTRM1.EXE,URESTRM1.EXE,319488
INFRASOFT\URESTRM5.EXE,URESTRM5.EXE,225280
INFRASOFT\URETAVXX.EXE,URETAVXX.EXE,409600
INFRASOFT\URETBAN.EXE,URETBAN.EXE,966656
INFRASOFT\URETCXU.EXE,URETCXU.EXE,352256
INFRASOFT\URETDIAR.EXE,URETDIAR.EXE,352256
INFRASOFT\URETESPV.EXE,URETESPV.EXE,495616
INFRASOFT\URETMAPR.EXE,URETMAPR.EXE,376832
INFRASOFT\URETOBSP.EXE,URETOBSP.EXE,290816
INFRASOFT\URETORC.EXE,URETORC.EXE,495616
INFRASOFT\URETPAVU.EXE,URETPAVU.EXE,438272
INFRASOFT\URETPAVV.EXE,URETPAVV.EXE,708608
INFRASOFT\URETPEAV.EXE,URETPEAV.EXE,299008
INFRASOFT\URETPNFE.EXE,URETPNFE.EXE,458752
INFRASOFT\URETPRDO.EXE,URETPRDO.EXE,7450624
INFRASOFT\URFATGEN.EXE,URFATGEN.EXE,561152
INFRASOFT\URFATVEN.EXE,URFATVEN.EXE,561152
INFRASOFT\URFCHFAT.EXE,URFCHFAT.EXE,458752
INFRASOFT\URFCPCLI.EXE,URFCPCLI.EXE,319488
INFRASOFT\URFECESP.EXE,URFECESP.EXE,557056
INFRASOFT\URFORVAL.EXE,URFORVAL.EXE,413696
INFRASOFT\URFTCLMM.EXE,URFTCLMM.EXE,4239360
INFRASOFT\URMATFOR.EXE,URMATFOR.EXE,380928
INFRASOFT\URMATGRM.EXE,URMATGRM.EXE,389120
INFRASOFT\URORCCAG.EXE,URORCCAG.EXE,1130496
INFRASOFT\URORCCLI.EXE,URORCCLI.EXE,655360
INFRASOFT\URORCCPG.EXE,URORCCPG.EXE,409600
INFRASOFT\URORCCXA.EXE,URORCCXA.EXE,282624
INFRASOFT\URORCGAG.EXE,URORCGAG.EXE,1658880
INFRASOFT\URORCVGE.EXE,URORCVGE.EXE,1388544
INFRASOFT\URORRMOT.EXE,URORRMOT.EXE,319488
INFRASOFT\URORVFOR.EXE,URORVFOR.EXE,491520
INFRASOFT\UROTUAVU.EXE,UROTUAVU.EXE,806912
INFRASOFT\UROTVCLI.EXE,UROTVCLI.EXE,393216
INFRASOFT\URPEDCPG.EXE,URPEDCPG.EXE,442368
INFRASOFT\URPEDIDO.EXE,URPEDIDO.EXE,2555904
INFRASOFT\URPEDVGE.EXE,URPEDVGE.EXE,3477504
INFRASOFT\URPLAROI.EXE,URPLAROI.EXE,475136
INFRASOFT\URQMOVES.EXE,URQMOVES.EXE,319488
INFRASOFT\URQSMAT.EXE,URQSMAT.EXE,3391488
INFRASOFT\URQTDEFR.EXE,URQTDEFR.EXE,4087808
INFRASOFT\URQTDRZZ.EXE,URQTDRZZ.EXE,466944
INFRASOFT\URQTDSEP.EXE,URQTDSEP.EXE,290816
INFRASOFT\URREFCLI.EXE,URREFCLI.EXE,606208
INFRASOFT\URSDPCLI.EXE,URSDPCLI.EXE,626688
INFRASOFT\URTOTVEP.EXE,URTOTVEP.EXE,307200
INFRASOFT\URVNDPER.EXE,URVNDPER.EXE,450560
INFRASOFT\URVPACB.EXE,URVPACB.EXE,352256
INFRASOFT\URVVENDS.EXE,URVVENDS.EXE,446464
INFRASOFT\USALACAB.EXE,USALACAB.EXE,380928
INFRASOFT\USALESTA.EXE,USALESTA.EXE,376832
INFRASOFT\USALESTL.EXE,USALESTL.EXE,454656
INFRASOFT\USALESTM.EXE,USALESTM.EXE,692224
INFRASOFT\USALSEC.EXE,USALSEC.EXE,389120
INFRASOFT\USCONTCX.EXE,USCONTCX.EXE,1695744
INFRASOFT\USDPLREC.EXE,USDPLREC.EXE,274432
INFRASOFT\USECAO.EXE,USECAO.EXE,1241088
INFRASOFT\USECBAIX.EXE,USECBAIX.EXE,1294336
INFRASOFT\USECMAST.EXE,USECMAST.EXE,1236992
INFRASOFT\USECPRES.EXE,USECPRES.EXE,1630208
INFRASOFT\USEGUIME.EXE,USEGUIME.EXE,409600
INFRASOFT\USELACAB.EXE,USELACAB.EXE,2105344
INFRASOFT\USELACB2.EXE,USELACB2.EXE,2113536
INFRASOFT\USELAGRP.EXE,USELAGRP.EXE,393216
INFRASOFT\USELAXPI.EXE,USELAXPI.EXE,421888
INFRASOFT\USELCCLI.EXE,USELCCLI.EXE,372736
INFRASOFT\USELCLIE.EXE,USELCLIE.EXE,2342912
INFRASOFT\USELCOLE.EXE,USELCOLE.EXE,401408
INFRASOFT\USELCOND.EXE,USELCOND.EXE,1445888
INFRASOFT\USELCONJ.EXE,USELCONJ.EXE,454656
INFRASOFT\USELCONT.EXE,USELCONT.EXE,1695744
INFRASOFT\USELDEPS.EXE,USELDEPS.EXE,1097728
INFRASOFT\USELDUPL.EXE,USELDUPL.EXE,7983104
INFRASOFT\USELEMAT.EXE,USELEMAT.EXE,4861952
INFRASOFT\USELEMBA.EXE,USELEMBA.EXE,487424
INFRASOFT\USELFORM.EXE,USELFORM.EXE,958464
INFRASOFT\USELGERE.EXE,USELGERE.EXE,491520
INFRASOFT\USELGRPC.EXE,USELGRPC.EXE,393216
INFRASOFT\USELGRPP.EXE,USELGRPP.EXE,393216
INFRASOFT\USELINVE.EXE,USELINVE.EXE,348160
INFRASOFT\USELLIST.EXE,USELLIST.EXE,278528
INFRASOFT\USELMATE.EXE,USELMATE.EXE,5042176
INFRASOFT\USELMATG.EXE,USELMATG.EXE,3788800
INFRASOFT\USELMATN.EXE,USELMATN.EXE,5029888
INFRASOFT\USELMATO.EXE,USELMATO.EXE,3796992
INFRASOFT\USELMCOP.EXE,USELMCOP.EXE,450560
INFRASOFT\USELMPV.EXE,USELMPV.EXE,413696
INFRASOFT\USELMTP2.EXE,USELMTP2.EXE,532480
INFRASOFT\USELNFOR.EXE,USELNFOR.EXE,2633728
INFRASOFT\USELPESO.EXE,USELPESO.EXE,847872
INFRASOFT\USELPLAC.EXE,USELPLAC.EXE,716800
INFRASOFT\USELPRAZ.EXE,USELPRAZ.EXE,249856
INFRASOFT\USELPROF.EXE,USELPROF.EXE,4972544
INFRASOFT\USELREFE.EXE,USELREFE.EXE,7647232
INFRASOFT\USELRENT.EXE,USELRENT.EXE,1048576
INFRASOFT\USELRFAT.EXE,USELRFAT.EXE,12337152
INFRASOFT\USELRFATOri.EXE,USELRFATOri.EXE,9687040
INFRASOFT\USELSEGU.EXE,USELSEGU.EXE,413696
INFRASOFT\USELTEMP.EXE,USELTEMP.EXE,278528
INFRASOFT\USELTIPB.EXE,USELTIPB.EXE,2727936
INFRASOFT\USELTPVE.EXE,USELTPVE.EXE,2347008
INFRASOFT\USELTRAN.EXE,USELTRAN.EXE,2871296
INFRASOFT\USELUCLI.EXE,USELUCLI.EXE,2498560
INFRASOFT\USELUNID.EXE,USELUNID.EXE,376832
INFRASOFT\USELVEND.EXE,USELVEND.EXE,4943872
INFRASOFT\USEL_FAT.EXE,USEL_FAT.EXE,405504
INFRASOFT\USEMATPV.EXE,USEMATPV.EXE,4870144
INFRASOFT\USENACER.EXE,USENACER.EXE,593920
INFRASOFT\USENACFA.EXE,USENACFA.EXE,335872
INFRASOFT\USENDPLV.EXE,USENDPLV.EXE,339968
INFRASOFT\USENEMP.EXE,USENEMP.EXE,241664
INFRASOFT\USENIMPR.EXE,USENIMPR.EXE,335872
INFRASOFT\USENLIBC.EXE,USENLIBC.EXE,258048
INFRASOFT\USENORCA.EXE,USENORCA.EXE,9039872
INFRASOFT\USENORCX.EXE,USENORCX.EXE,8384512
INFRASOFT\USENTROC.EXE,USENTROC.EXE,5300224
INFRASOFT\USENVPED.EXE,USENVPED.EXE,258048
INFRASOFT\USETINAD.EXE,USETINAD.EXE,360448
INFRASOFT\USETPROV.EXE,USETPROV.EXE,425984
INFRASOFT\USIS2BAX.EXE,USIS2BAX.EXE,413696
INFRASOFT\USIS2INT.EXE,USIS2INT.EXE,6836224
INFRASOFT\USIS3BAX.EXE,USIS3BAX.EXE,413696
INFRASOFT\USISBAXF.EXE,USISBAXF.EXE,409600
INFRASOFT\USISCRED.EXE,USISCRED.EXE,450560
INFRASOFT\USISCXA.EXE,USISCXA.EXE,5840896
INFRASOFT\USISECF.EXE,USISECF.EXE,462848
INFRASOFT\USISINTE.EXE,USISINTE.EXE,6823936
INFRASOFT\USISRCB.EXE,USISRCB.EXE,9924608
INFRASOFT\USISTCRM.EXE,USISTCRM.EXE,405504
INFRASOFT\USISTCTB.EXE,USISTCTB.EXE,405504
INFRASOFT\USISTEM2.EXE,USISTEM2.EXE,2469888
INFRASOFT\USISTEMA.EXE,USISTEMA.EXE,2535424
INFRASOFT\USISTFOL.EXE,USISTFOL.EXE,376832
INFRASOFT\USISTLIV.EXE,USISTLIV.EXE,405504
INFRASOFT\USISTPAR.EXE,USISTPAR.EXE,2478080
INFRASOFT\USISTPTO.EXE,USISTPTO.EXE,659456
INFRASOFT\USISTREB.EXE,USISTREB.EXE,335872
INFRASOFT\USISTREL.EXE,USISTREL.EXE,331776
INFRASOFT\USLIPPEP.EXE,USLIPPEP.EXE,421888
INFRASOFT\USMATCRR.EXE,USMATCRR.EXE,3776512
INFRASOFT\USMATTPO.EXE,USMATTPO.EXE,5013504
INFRASOFT\USOLMATP.EXE,USOLMATP.EXE,1093632
INFRASOFT\USORCALT.EXE,USORCALT.EXE,266240
INFRASOFT\USPBATID.EXE,USPBATID.EXE,3403776
INFRASOFT\USPCOFEM.EXE,USPCOFEM.EXE,561152
INFRASOFT\USPEDALT.EXE,USPEDALT.EXE,331776
INFRASOFT\USPEDEBD.EXE,USPEDEBD.EXE,3403776
INFRASOFT\USPEDTAB.EXE,USPEDTAB.EXE,4411392
INFRASOFT\USPEDUNF.EXE,USPEDUNF.EXE,573440
INFRASOFT\USRELOGI.EXE,USRELOGI.EXE,860160
INFRASOFT\USUSP1VE.EXE,USUSP1VE.EXE,577536
INFRASOFT\UTAREFA.EXE,UTAREFA.EXE,409600
INFRASOFT\UTARSECA.EXE,UTARSECA.EXE,512000
INFRASOFT\UTELAS.EXE,UTELAS.EXE,270336
INFRASOFT\UTELASIS.EXE,UTELASIS.EXE,307200
INFRASOFT\UTELRET.EXE,UTELRET.EXE,278528
INFRASOFT\UTEMMINS.EXE,UTEMMINS.EXE,294912
INFRASOFT\UTEMPSEC.EXE,UTEMPSEC.EXE,385024
INFRASOFT\UTESCONV.EXE,UTESCONV.EXE,233472
INFRASOFT\UTESNF.EXE,UTESNF.EXE,7389184
INFRASOFT\UTESTE.EXE,UTESTE.EXE,229376
INFRASOFT\UTESTEDE.EXE,UTESTEDE.EXE,249856
INFRASOFT\UTESTEEX.EXE,UTESTEEX.EXE,262144
INFRASOFT\UTESTEIM.EXE,UTESTEIM.EXE,229376
INFRASOFT\UTESTEXM.EXE,UTESTEXM.EXE,245760
INFRASOFT\UTIPACER.EXE,UTIPACER.EXE,409600
INFRASOFT\UTIPBANH.EXE,UTIPBANH.EXE,393216
INFRASOFT\UTIPCLIE.EXE,UTIPCLIE.EXE,409600
INFRASOFT\UTIPCONT.EXE,UTIPCONT.EXE,397312
INFRASOFT\UTIPDOC.EXE,UTIPDOC.EXE,413696
INFRASOFT\UTIPMUDO.EXE,UTIPMUDO.EXE,7311360
INFRASOFT\UTIPORCA.EXE,UTIPORCA.EXE,2514944
INFRASOFT\UTIPPGTO.EXE,UTIPPGTO.EXE,1265664
INFRASOFT\UTIPPREV.EXE,UTIPPREV.EXE,401408
INFRASOFT\UTIPRECV.EXE,UTIPRECV.EXE,434176
INFRASOFT\UTIPRES.EXE,UTIPRES.EXE,1183744
INFRASOFT\UTIPSERV.EXE,UTIPSERV.EXE,401408
INFRASOFT\UTIPVEP.EXE,UTIPVEP.EXE,405504
INFRASOFT\UTLIMCAG.EXE,UTLIMCAG.EXE,327680
INFRASOFT\UTLMATIV.EXE,UTLMATIV.EXE,1298432
INFRASOFT\UTLMATVD.EXE,UTLMATVD.EXE,1302528
INFRASOFT\UTLMRECE.EXE,UTLMRECE.EXE,1286144
INFRASOFT\UTOCARSO.EXE,UTOCARSO.EXE,229376
INFRASOFT\UTOKENBL.EXE,UTOKENBL.EXE,323584
INFRASOFT\UTORCVEN.EXE,UTORCVEN.EXE,1687552
INFRASOFT\UTOTPARS.EXE,UTOTPARS.EXE,323584
INFRASOFT\UTOTPORE.EXE,UTOTPORE.EXE,303104
INFRASOFT\UTPEDVEN.EXE,UTPEDVEN.EXE,684032
INFRASOFT\UTRANSCL.EXE,UTRANSCL.EXE,1769472
INFRASOFT\UTRANSPO.EXE,UTRANSPO.EXE,4055040
INFRASOFT\UTRCCLI.EXE,UTRCCLI.EXE,430080
INFRASOFT\UTRCCPGO.EXE,UTRCCPGO.EXE,1433600
INFRASOFT\UTRCDATP.EXE,UTRCDATP.EXE,331776
INFRASOFT\UTRCOBS.EXE,UTRCOBS.EXE,319488
INFRASOFT\UTRCPDV.EXE,UTRCPDV.EXE,311296
INFRASOFT\UTRCPREC.EXE,UTRCPREC.EXE,368640
INFRASOFT\UTRCPROD.EXE,UTRCPROD.EXE,442368
INFRASOFT\UTRCTABE.EXE,UTRCTABE.EXE,729088
INFRASOFT\UTRDTMAN.EXE,UTRDTMAN.EXE,303104
INFRASOFT\UTRFFISL.EXE,UTRFFISL.EXE,729088
INFRASOFT\UTROCARE.EXE,UTROCARE.EXE,258048
INFRASOFT\UTROCCON.EXE,UTROCCON.EXE,2314240
INFRASOFT\UTROCGRU.EXE,UTROCGRU.EXE,352256
INFRASOFT\UTROCPRO.EXE,UTROCPRO.EXE,1150976
INFRASOFT\UTROCVEN.EXE,UTROCVEN.EXE,376832
INFRASOFT\UTROEMPF.EXE,UTROEMPF.EXE,417792
INFRASOFT\UTROQTDB.EXE,UTROQTDB.EXE,229376
INFRASOFT\UTRVACER.EXE,UTRVACER.EXE,638976
INFRASOFT\UTRVTDBT.EXE,UTRVTDBT.EXE,327680
INFRASOFT\UUGXPLAN.EXE,UUGXPLAN.EXE,716800
INFRASOFT\UUNIDSIS.EXE,UUNIDSIS.EXE,385024
INFRASOFT\UUSUARIO.EXE,UUSUARIO.EXE,2441216
INFRASOFT\UUTILORC.EXE,UUTILORC.EXE,299008
INFRASOFT\UVARQXML.EXE,UVARQXML.EXE,262144
INFRASOFT\UVECLICI.EXE,UVECLICI.EXE,462848
INFRASOFT\UVENCLIC.EXE,UVENCLIC.EXE,1089536
INFRASOFT\UVENCLIO.EXE,UVENCLIO.EXE,6426624
INFRASOFT\UVENCTO.EXE,UVENCTO.EXE,503808
INFRASOFT\UVEND2RE.EXE,UVEND2RE.EXE,466944
INFRASOFT\UVENDAS.EXE,UVENDAS.EXE,401408
INFRASOFT\UVENDASC.EXE,UVENDASC.EXE,872448
INFRASOFT\UVENDCID.EXE,UVENDCID.EXE,462848
INFRASOFT\UVENDCLI.EXE,UVENDCLI.EXE,2629632
INFRASOFT\UVENDCPR.EXE,UVENDCPR.EXE,667648
INFRASOFT\UVENDEDO.EXE,UVENDEDO.EXE,5943296
INFRASOFT\UVENDGRM.EXE,UVENDGRM.EXE,2011136
INFRASOFT\UVENDITE.EXE,UVENDITE.EXE,401408
INFRASOFT\UVENDP.EXE,UVENDP.EXE,335872
INFRASOFT\UVENDPB.EXE,UVENDPB.EXE,315392
INFRASOFT\UVENDPRO.EXE,UVENDPRO.EXE,954368
INFRASOFT\UVENDREF.EXE,UVENDREF.EXE,2187264
INFRASOFT\UVENDTIP.EXE,UVENDTIP.EXE,548864
INFRASOFT\UVENFPUL.EXE,UVENFPUL.EXE,237568
INFRASOFT\UVENINAD.EXE,UVENINAD.EXE,417792
INFRASOFT\UVENPROV.EXE,UVENPROV.EXE,438272
INFRASOFT\UVERBXPA.EXE,UVERBXPA.EXE,1892352
INFRASOFT\UVERINFN.EXE,UVERINFN.EXE,262144
INFRASOFT\UVEROBSI.EXE,UVEROBSI.EXE,266240
INFRASOFT\UVERPLAN.EXE,UVERPLAN.EXE,421888
INFRASOFT\UVEVENDA.EXE,UVEVENDA.EXE,1138688
INFRASOFT\UVFOLVEN.EXE,UVFOLVEN.EXE,360448
INFRASOFT\UVIRTABP.EXE,UVIRTABP.EXE,405504
INFRASOFT\UVNDDIA.EXE,UVNDDIA.EXE,319488
INFRASOFT\UVNDVENC.EXE,UVNDVENC.EXE,364544
INFRASOFT\UVPEDENC.EXE,UVPEDENC.EXE,266240
INFRASOFT\UVPRQUIN.EXE,UVPRQUIN.EXE,323584
INFRASOFT\UVVALREN.EXE,UVVALREN.EXE,290816
INFRASOFT\UWEBAMAR.EXE,UWEBAMAR.EXE,258048
INFRASOFT\UWEBATPE.EXE,UWEBATPE.EXE,282624
INFRASOFT\UWEBCLI.EXE,UWEBCLI.EXE,286720
INFRASOFT\UWEBCOLE.EXE,UWEBCOLE.EXE,241664
INFRASOFT\UWEBEXPR.EXE,UWEBEXPR.EXE,962560
INFRASOFT\UWEBFEIW.EXE,UWEBFEIW.EXE,385024
INFRASOFT\UWEBORCA.EXE,UWEBORCA.EXE,303104
INFRASOFT\UWEBPED.EXE,UWEBPED.EXE,843776
INFRASOFT\UWEBREGI.EXE,UWEBREGI.EXE,241664
INFRASOFT\UWKPLOG.EXE,UWKPLOG.EXE,258048
INFRASOFT\UWSALDOP.EXE,UWSALDOP.EXE,462848
INFRASOFT\UWSALPED.EXE,UWSALPED.EXE,233472
INFRASOFT\UWVLLBPF.EXE,UWVLLBPF.EXE,335872
INFRASOFT\uxnf_e.exe,uxnf_e.exe,4096
INFRASOFT\UZOOM.EXE,UZOOM.EXE,229376
INFRASOFT\UZOOM2.EXE,UZOOM2.EXE,229376
INFRASOFT\waqtfatc.dll,waqtfatc.dll,3072
INFRASOFT\waselpro.dll,waselpro.dll,3072
INFRASOFT\waselprod.dll,waselprod.dll,3072
INFRASOFT\wautmanual.dll,wautmanual.dll,3072
INFRASOFT\wautorizacao.dll,wautorizacao.dll,3072
INFRASOFT\wcalpraz.dll,wcalpraz.dll,3072
INFRASOFT\wcalprazmed.dll,wcalprazmed.dll,3072
INFRASOFT\wcfgfav1.dll,wcfgfav1.dll,3072
INFRASOFT\wcfgodbc.dll,wcfgodbc.dll,3072
INFRASOFT\wcfgrst1.dll,wcfgrst1.dll,61440
INFRASOFT\wconiten.dll,wconiten.dll,3072
INFRASOFT\wconitpf.dll,wconitpf.dll,3072
INFRASOFT\wconmobs.dll,wconmobs.dll,3072
INFRASOFT\wconnten.dll,wconnten.dll,3072
INFRASOFT\wconorca.dll,wconorca.dll,3072
INFRASOFT\wconorct.dll,wconorct.dll,3072
INFRASOFT\wconpedi.dll,wconpedi.dll,3072
INFRASOFT\wconrefe.dll,wconrefe.dll,3072
INFRASOFT\wconreferencias.dll,wconreferencias.dll,3072
INFRASOFT\wconvarq.dll,wconvarq.dll,3072
INFRASOFT\wcoporc.dll,wcoporc.dll,3072
INFRASOFT\wcopref.dll,wcopref.dll,3072
INFRASOFT\wemailnfe.dll,wemailnfe.dll,32768
INFRASOFT\wexcrefe.dll,wexcrefe.dll,3072
INFRASOFT\wexcreferencias.dll,wexcreferencias.dll,3072
INFRASOFT\wfavoritos.dll,wfavoritos.dll,3072
INFRASOFT\wficobr.dll,wficobr.dll,3072
INFRASOFT\wfinance.dll,wfinance.dll,3072
INFRASOFT\wfinanceiro.dll,wfinanceiro.dll,3072
INFRASOFT\wfinecta.dll,wfinecta.dll,3072
INFRASOFT\wgerreset.dll,wgerreset.dll,3072
INFRASOFT\wimpno20.dll,wimpno20.dll,3072
INFRASOFT\wimprinota.dll,wimprinota.dll,3072
INFRASOFT\wlerxml.dll,wlerxml.dll,176128
INFRASOFT\wlistemp.dll,wlistemp.dll,3072
INFRASOFT\wlistgr1.dll,wlistgr1.dll,3072
INFRASOFT\wlistgr2.dll,wlistgr2.dll,3072
INFRASOFT\wlistgr3.dll,wlistgr3.dll,3072
INFRASOFT\wlistgr4.dll,wlistgr4.dll,3072
INFRASOFT\wlistgr5.dll,wlistgr5.dll,3072
INFRASOFT\wlistgr6.dll,wlistgr6.dll,3072
INFRASOFT\wmargorc.dll,wmargorc.dll,3072
INFRASOFT\wmatcodb.dll,wmatcodb.dll,3072
INFRASOFT\wmatcodbar.dll,wmatcodbar.dll,3072
INFRASOFT\wmateric.dll,wmateric.dll,3072
INFRASOFT\wmaterif.dll,wmaterif.dll,3072
INFRASOFT\wminutas.dll,wminutas.dll,3072
INFRASOFT\wmocannf.dll,wmocannf.dll,3072
INFRASOFT\wmsbkpgrava.dll,wmsbkpgrava.dll,3072
INFRASOFT\wmsbkpwizard.dll,wmsbkpwizard.dll,3072
INFRASOFT\wmsconfigatual.dll,wmsconfigatual.dll,3072
INFRASOFT\wnfecancelamentoteste.dll,wnfecancelamentoteste.dll,12288
INFRASOFT\wnfecertificadosteste.dll,wnfecertificadosteste.dll,15360
INFRASOFT\wnfeconsultacadastro.dll,wnfeconsultacadastro.dll,106496
INFRASOFT\wnfeconsultacadastroteste.dll,wnfeconsultacadastroteste.dll,110592
INFRASOFT\wnfeconsultateste.dll,wnfeconsultateste.dll,81920
INFRASOFT\wnfedanfeteste.dll,wnfedanfeteste.dll,217088
INFRASOFT\wnfedebug.dll,wnfedebug.dll,61440
INFRASOFT\wnfeefdcarregateste.dll,wnfeefdcarregateste.dll,176128
INFRASOFT\wnfeefdccecarregateste.dll,wnfeefdccecarregateste.dll,40960
INFRASOFT\wnfeefdgerateste.dll,wnfeefdgerateste.dll,69632
INFRASOFT\wnfeinutilizacao.dll,wnfeinutilizacao.dll,98304
INFRASOFT\wnfeinutilizacaoteste.dll,wnfeinutilizacaoteste.dll,98304
INFRASOFT\wnferecepcaoeventoteste.dll,wnferecepcaoeventoteste.dll,90112
INFRASOFT\wnferecepcaoteste.dll,wnferecepcaoteste.dll,221184
INFRASOFT\wnferetrecepcaoteste.dll,wnferetrecepcaoteste.dll,94208
INFRASOFT\wnfestatusservicoteste.dll,wnfestatusservicoteste.dll,86016
INFRASOFT\wnotfisc.dll,wnotfisc.dll,3072
INFRASOFT\wnotfiscon.dll,wnotfiscon.dll,3072
INFRASOFT\wnotfisi.dll,wnotfisi.dll,3072
INFRASOFT\wnotfisind.dll,wnotfisind.dll,3072
INFRASOFT\wnotitec.dll,wnotitec.dll,3072
INFRASOFT\wnumeros.dll,wnumeros.dll,3072
INFRASOFT\wobsclie.dll,wobsclie.dll,3072
INFRASOFT\wobsclien.dll,wobsclien.dll,3072
INFRASOFT\worccli.dll,worccli.dll,3072
INFRASOFT\wprodtem.dll,wprodtem.dll,3072
INFRASOFT\wprodtemp.dll,wprodtemp.dll,3072
INFRASOFT\wreferen.dll,wreferen.dll,3072
INFRASOFT\wreferencias.dll,wreferencias.dll,3072
INFRASOFT\wreset.dll,wreset.dll,3072
INFRASOFT\wrestr01.dll,wrestr01.dll,3072
INFRASOFT\wselacab.dll,wselacab.dll,3072
INFRASOFT\wselacabados.dll,wselacabados.dll,3072
INFRASOFT\wselaxpi.dll,wselaxpi.dll,3072
INFRASOFT\wselaxpimp.dll,wselaxpimp.dll,3072
INFRASOFT\wselclie.dll,wselclie.dll,3072
INFRASOFT\wselcliente.dll,wselcliente.dll,3072
INFRASOFT\wselcole.dll,wselcole.dll,3072
INFRASOFT\wselcond.dll,wselcond.dll,3072
INFRASOFT\wselcondicao.dll,wselcondicao.dll,3072
INFRASOFT\wseldupl.dll,wseldupl.dll,3072
INFRASOFT\wselduplicatas.dll,wselduplicatas.dll,3072
INFRASOFT\wselemat.dll,wselemat.dll,3072
INFRASOFT\wselemateria.dll,wselemateria.dll,3072
INFRASOFT\wselform.dll,wselform.dll,3072
INFRASOFT\wselmate.dll,wselmate.dll,3072
INFRASOFT\wselmateria.dll,wselmateria.dll,3072
INFRASOFT\wselmatg.dll,wselmatg.dll,3072
INFRASOFT\wselmcop.dll,wselmcop.dll,3072
INFRASOFT\wselmpv.dll,wselmpv.dll,3072
INFRASOFT\wselmtp2.dll,wselmtp2.dll,3072
INFRASOFT\wselplac.dll,wselplac.dll,3072
INFRASOFT\wselplactb.dll,wselplactb.dll,3072
INFRASOFT\wselrefe.dll,wselrefe.dll,3072
INFRASOFT\wseltpve.dll,wseltpve.dll,3072
INFRASOFT\wseltpvendas.dll,wseltpvendas.dll,3072
INFRASOFT\wseltran.dll,wseltran.dll,3072
INFRASOFT\wseltransportadora.dll,wseltransportadora.dll,3072
INFRASOFT\wselucli.dll,wselucli.dll,3072
INFRASOFT\wseluclientes.dll,wseluclientes.dll,3072
INFRASOFT\wselunid.dll,wselunid.dll,3072
INFRASOFT\wselunidsist.dll,wselunidsist.dll,3072
INFRASOFT\wselvend.dll,wselvend.dll,3072
INFRASOFT\wselvendedor.dll,wselvendedor.dll,3072
INFRASOFT\wsel_fat.dll,wsel_fat.dll,3072
INFRASOFT\wsel_fatores.dll,wsel_fatores.dll,3072
INFRASOFT\wsenorca.dll,wsenorca.dll,3072
INFRASOFT\wsenorcamento.dll,wsenorcamento.dll,3072
INFRASOFT\wsistemas.dll,wsistemas.dll,3072
INFRASOFT\wsmatcrr.dll,wsmatcrr.dll,3072
INFRASOFT\wtelasis.dll,wtelasis.dll,3072
INFRASOFT\wtestedebloq.dll,wtestedebloq.dll,3072
INFRASOFT\wtesteex.dll,wtesteex.dll,3072
INFRASOFT\wtesteexeexterno.dll,wtesteexeexterno.dll,3072
INFRASOFT\wtranscl.dll,wtranscl.dll,3072
INFRASOFT\wtranscli.dll,wtranscli.dll,3072
INFRASOFT\wugxplan.dll,wugxplan.dll,3072
INFRASOFT\wugxplano.dll,wugxplano.dll,3072
INFRASOFT\wusuarios.dll,wusuarios.dll,3072
INFRASOFT\wvarqxml.dll,wvarqxml.dll,3072
INFRASOFT\wverbxpa.dll,wverbxpa.dll,3072
INFRASOFT\wwebped.dll,wwebped.dll,3072
INFRASOFT\wxnf_e.dll,wxnf_e.dll,7946240
INFRASOFT\wzoom.dll,wzoom.dll,3072
INFRASOFT\CSV\MAPA_DE_BAIXA_POR_SECAO.CSV,MAPA_DE_BAIXA_POR_SECAO.CSV,4365
INFRASOFT\CSV\RESUMO POR PEDIDO.CSV,RESUMO POR PEDIDO.CSV,265
INFRASOFT\GerBarCode\BarcodeLib.dll,BarcodeLib.dll,115712
INFRASOFT\GerBarCode\BarcodeLib.tlb,BarcodeLib.tlb,8584
INFRASOFT\GerBarCode\GerBarras.exe,GerBarras.exe,17408
INFRASOFT\GerBarCode\Thumbs.db,Thumbs.db,13125120
INFRASOFT\XLS\AcabadosNegativosComFichasSecao.xls,AcabadosNegativosComFichasSecao.xls,189440
INFRASOFT\XLS\Backup de AcabadosNegativosComFichasSecao.xlk,Backup de AcabadosNegativosComFichasSecao.xlk,189440
INFRASOFT\XLS\Backup de resumodefichasdecorteporplano.xlk,Backup de resumodefichasdecorteporplano.xlk,26112
INFRASOFT\XLS\resumodefichasdecorteporplano.xls,resumodefichasdecorteporplano.xls,26112
INFRASOFT\XLS\~$AcabadosNegativosComFichasSecao.xls,~$AcabadosNegativosComFichasSecao.xls,165
